machine_id,machine_type,hospital_site,install_date,date,daily_usage_hours
MRI-101,MRI,Riverside General,2016-03-12,2022-04-01,8.11
MRI-101,MRI,Riverside General,2016-03-12,2022-04-02,5.98
MRI-101,MRI,Riverside General,2016-03-12,2022-04-03,3.7
MRI-101,MRI,Riverside General,2016-03-12,2022-04-04,8.84
MRI-101,MRI,Riverside General,2016-03-12,2022-04-05,9.69
MRI-101,MRI,Riverside General,2016-03-12,2022-04-06,9.16
MRI-101,MRI,Riverside General,2016-03-12,2022-04-07,8.1
MRI-101,MRI,Riverside General,2016-03-12,2022-04-08,9.08
MRI-101,MRI,Riverside General,2016-03-12,2022-04-09,4.51
MRI-101,MRI,Riverside General,2016-03-12,2022-04-10,3.78
MRI-101,MRI,Riverside General,2016-03-12,2022-04-11,8.75
MRI-101,MRI,Riverside General,2016-03-12,2022-04-12,8.64
MRI-101,MRI,Riverside General,2016-03-12,2022-04-13,8.24
MRI-101,MRI,Riverside General,2016-03-12,2022-04-14,9.77
MRI-101,MRI,Riverside General,2016-03-12,2022-04-15,8.66
MRI-101,MRI,Riverside General,2016-03-12,2022-04-16,4.93
MRI-101,MRI,Riverside General,2016-03-12,2022-04-17,2.79
MRI-101,MRI,Riverside General,2016-03-12,2022-04-18,9.21
MRI-101,MRI,Riverside General,2016-03-12,2022-04-19,9.08
MRI-101,MRI,Riverside General,2016-03-12,2022-04-20,9.12
MRI-101,MRI,Riverside General,2016-03-12,2022-04-21,9.13
MRI-101,MRI,Riverside General,2016-03-12,2022-04-22,10.5
MRI-101,MRI,Riverside General,2016-03-12,2022-04-23,4.95
MRI-101,MRI,Riverside General,2016-03-12,2022-04-24,2.67
MRI-101,MRI,Riverside General,2016-03-12,2022-04-25,8.14
MRI-101,MRI,Riverside General,2016-03-12,2022-04-26,9.28
MRI-101,MRI,Riverside General,2016-03-12,2022-04-27,9.69
MRI-101,MRI,Riverside General,2016-03-12,2022-04-28,8.7
MRI-101,MRI,Riverside General,2016-03-12,2022-04-29,8.12
MRI-101,MRI,Riverside General,2016-03-12,2022-04-30,4.61
MRI-101,MRI,Riverside General,2016-03-12,2022-05-01,3.6
MRI-101,MRI,Riverside General,2016-03-12,2022-05-02,9.38
MRI-101,MRI,Riverside General,2016-03-12,2022-05-03,9.22
MRI-101,MRI,Riverside General,2016-03-12,2022-05-04,8.26
MRI-101,MRI,Riverside General,2016-03-12,2022-05-05,8.97
MRI-101,MRI,Riverside General,2016-03-12,2022-05-06,8.88
MRI-101,MRI,Riverside General,2016-03-12,2022-05-07,5.45
MRI-101,MRI,Riverside General,2016-03-12,2022-05-08,3.77
MRI-101,MRI,Riverside General,2016-03-12,2022-05-09,8.97
MRI-101,MRI,Riverside General,2016-03-12,2022-05-10,9.33
MRI-101,MRI,Riverside General,2016-03-12,2022-05-11,8.84
MRI-101,MRI,Riverside General,2016-03-12,2022-05-12,9.02
MRI-101,MRI,Riverside General,2016-03-12,2022-05-13,9.29
MRI-101,MRI,Riverside General,2016-03-12,2022-05-14,4.11
MRI-101,MRI,Riverside General,2016-03-12,2022-05-15,2.82
MRI-101,MRI,Riverside General,2016-03-12,2022-05-16,8.41
MRI-101,MRI,Riverside General,2016-03-12,2022-05-17,8.28
MRI-101,MRI,Riverside General,2016-03-12,2022-05-18,8.57
MRI-101,MRI,Riverside General,2016-03-12,2022-05-19,9.98
MRI-101,MRI,Riverside General,2016-03-12,2022-05-20,8.1
MRI-101,MRI,Riverside General,2016-03-12,2022-05-21,6.05
MRI-101,MRI,Riverside General,2016-03-12,2022-05-22,1.73
MRI-101,MRI,Riverside General,2016-03-12,2022-05-23,8.52
MRI-101,MRI,Riverside General,2016-03-12,2022-05-24,8.92
MRI-101,MRI,Riverside General,2016-03-12,2022-05-25,9.26
MRI-101,MRI,Riverside General,2016-03-12,2022-05-26,9.36
MRI-101,MRI,Riverside General,2016-03-12,2022-05-27,9.42
MRI-101,MRI,Riverside General,2016-03-12,2022-05-28,4.99
MRI-101,MRI,Riverside General,2016-03-12,2022-05-29,2.71
MRI-101,MRI,Riverside General,2016-03-12,2022-05-30,9.47
MRI-101,MRI,Riverside General,2016-03-12,2022-05-31,8.64
MRI-101,MRI,Riverside General,2016-03-12,2022-06-01,7.77
MRI-101,MRI,Riverside General,2016-03-12,2022-06-02,7.88
MRI-101,MRI,Riverside General,2016-03-12,2022-06-03,8.05
MRI-101,MRI,Riverside General,2016-03-12,2022-06-04,5.67
MRI-101,MRI,Riverside General,2016-03-12,2022-06-05,3.19
MRI-101,MRI,Riverside General,2016-03-12,2022-06-06,9.34
MRI-101,MRI,Riverside General,2016-03-12,2022-06-07,8.45
MRI-101,MRI,Riverside General,2016-03-12,2022-06-08,8.92
MRI-101,MRI,Riverside General,2016-03-12,2022-06-09,9.29
MRI-101,MRI,Riverside General,2016-03-12,2022-06-10,8.54
MRI-101,MRI,Riverside General,2016-03-12,2022-06-11,5.64
MRI-101,MRI,Riverside General,2016-03-12,2022-06-12,2.55
MRI-101,MRI,Riverside General,2016-03-12,2022-06-13,8.5
MRI-101,MRI,Riverside General,2016-03-12,2022-06-14,8.48
MRI-101,MRI,Riverside General,2016-03-12,2022-06-15,7.83
MRI-101,MRI,Riverside General,2016-03-12,2022-06-16,9.18
MRI-101,MRI,Riverside General,2016-03-12,2022-06-17,8.41
MRI-101,MRI,Riverside General,2016-03-12,2022-06-18,5.28
MRI-101,MRI,Riverside General,2016-03-12,2022-06-19,3.46
MRI-101,MRI,Riverside General,2016-03-12,2022-06-20,9.15
MRI-101,MRI,Riverside General,2016-03-12,2022-06-21,9.32
MRI-101,MRI,Riverside General,2016-03-12,2022-06-22,8.71
MRI-101,MRI,Riverside General,2016-03-12,2022-06-23,8.45
MRI-101,MRI,Riverside General,2016-03-12,2022-06-24,8.72
MRI-101,MRI,Riverside General,2016-03-12,2022-06-25,3.92
MRI-101,MRI,Riverside General,2016-03-12,2022-06-26,1.92
MRI-101,MRI,Riverside General,2016-03-12,2022-06-27,7.73
MRI-101,MRI,Riverside General,2016-03-12,2022-06-28,7.99
MRI-101,MRI,Riverside General,2016-03-12,2022-06-29,9.11
MRI-101,MRI,Riverside General,2016-03-12,2022-06-30,8.06
MRI-101,MRI,Riverside General,2016-03-12,2022-07-01,8.49
MRI-101,MRI,Riverside General,2016-03-12,2022-07-02,6.31
MRI-101,MRI,Riverside General,2016-03-12,2022-07-03,2.79
MRI-101,MRI,Riverside General,2016-03-12,2022-07-04,9.38
MRI-101,MRI,Riverside General,2016-03-12,2022-07-05,8.04
MRI-101,MRI,Riverside General,2016-03-12,2022-07-06,8.62
MRI-101,MRI,Riverside General,2016-03-12,2022-07-07,8.03
MRI-101,MRI,Riverside General,2016-03-12,2022-07-08,8.52
MRI-101,MRI,Riverside General,2016-03-12,2022-07-09,5.95
MRI-101,MRI,Riverside General,2016-03-12,2022-07-10,1.69
MRI-101,MRI,Riverside General,2016-03-12,2022-07-11,9.14
MRI-101,MRI,Riverside General,2016-03-12,2022-07-12,8.98
MRI-101,MRI,Riverside General,2016-03-12,2022-07-13,8.31
MRI-101,MRI,Riverside General,2016-03-12,2022-07-14,7.63
MRI-101,MRI,Riverside General,2016-03-12,2022-07-15,8.85
MRI-101,MRI,Riverside General,2016-03-12,2022-07-16,4.85
MRI-101,MRI,Riverside General,2016-03-12,2022-07-17,3.26
MRI-101,MRI,Riverside General,2016-03-12,2022-07-18,8.81
MRI-101,MRI,Riverside General,2016-03-12,2022-07-19,10.07
MRI-101,MRI,Riverside General,2016-03-12,2022-07-20,8.6
MRI-101,MRI,Riverside General,2016-03-12,2022-07-21,7.97
MRI-101,MRI,Riverside General,2016-03-12,2022-07-22,8.93
MRI-101,MRI,Riverside General,2016-03-12,2022-07-23,5.45
MRI-101,MRI,Riverside General,2016-03-12,2022-07-24,4.16
MRI-101,MRI,Riverside General,2016-03-12,2022-07-25,9.46
MRI-101,MRI,Riverside General,2016-03-12,2022-07-26,9.07
MRI-101,MRI,Riverside General,2016-03-12,2022-07-27,9.96
MRI-101,MRI,Riverside General,2016-03-12,2022-07-28,7.84
MRI-101,MRI,Riverside General,2016-03-12,2022-07-29,8.28
MRI-101,MRI,Riverside General,2016-03-12,2022-07-30,4.53
MRI-101,MRI,Riverside General,2016-03-12,2022-07-31,2.76
MRI-101,MRI,Riverside General,2016-03-12,2022-08-01,7.69
MRI-101,MRI,Riverside General,2016-03-12,2022-08-02,9.3
MRI-101,MRI,Riverside General,2016-03-12,2022-08-03,8.61
MRI-101,MRI,Riverside General,2016-03-12,2022-08-04,7.61
MRI-101,MRI,Riverside General,2016-03-12,2022-08-05,7.98
MRI-101,MRI,Riverside General,2016-03-12,2022-08-06,5.52
MRI-101,MRI,Riverside General,2016-03-12,2022-08-07,3.75
MRI-101,MRI,Riverside General,2016-03-12,2022-08-08,10.39
MRI-101,MRI,Riverside General,2016-03-12,2022-08-09,11.12
MRI-101,MRI,Riverside General,2016-03-12,2022-08-10,9.12
MRI-101,MRI,Riverside General,2016-03-12,2022-08-11,8.0
MRI-101,MRI,Riverside General,2016-03-12,2022-08-12,7.08
MRI-101,MRI,Riverside General,2016-03-12,2022-08-13,5.49
MRI-101,MRI,Riverside General,2016-03-12,2022-08-14,2.43
MRI-101,MRI,Riverside General,2016-03-12,2022-08-15,8.46
MRI-101,MRI,Riverside General,2016-03-12,2022-08-16,8.3
MRI-101,MRI,Riverside General,2016-03-12,2022-08-17,8.68
MRI-101,MRI,Riverside General,2016-03-12,2022-08-18,9.64
MRI-101,MRI,Riverside General,2016-03-12,2022-08-19,8.91
MRI-101,MRI,Riverside General,2016-03-12,2022-08-20,5.15
MRI-101,MRI,Riverside General,2016-03-12,2022-08-21,2.25
MRI-101,MRI,Riverside General,2016-03-12,2022-08-22,7.45
MRI-101,MRI,Riverside General,2016-03-12,2022-08-23,8.4
MRI-101,MRI,Riverside General,2016-03-12,2022-08-24,8.75
MRI-101,MRI,Riverside General,2016-03-12,2022-08-25,10.2
MRI-101,MRI,Riverside General,2016-03-12,2022-08-26,8.89
MRI-101,MRI,Riverside General,2016-03-12,2022-08-27,6.06
MRI-101,MRI,Riverside General,2016-03-12,2022-08-28,2.68
MRI-101,MRI,Riverside General,2016-03-12,2022-08-29,7.84
MRI-101,MRI,Riverside General,2016-03-12,2022-08-30,8.02
MRI-101,MRI,Riverside General,2016-03-12,2022-08-31,8.21
MRI-101,MRI,Riverside General,2016-03-12,2022-09-01,10.49
MRI-101,MRI,Riverside General,2016-03-12,2022-09-02,8.13
MRI-101,MRI,Riverside General,2016-03-12,2022-09-03,5.94
MRI-101,MRI,Riverside General,2016-03-12,2022-09-04,2.35
MRI-101,MRI,Riverside General,2016-03-12,2022-09-05,9.53
MRI-101,MRI,Riverside General,2016-03-12,2022-09-06,9.1
MRI-101,MRI,Riverside General,2016-03-12,2022-09-07,8.66
MRI-101,MRI,Riverside General,2016-03-12,2022-09-08,8.76
MRI-101,MRI,Riverside General,2016-03-12,2022-09-09,8.26
MRI-101,MRI,Riverside General,2016-03-12,2022-09-10,5.63
MRI-101,MRI,Riverside General,2016-03-12,2022-09-11,2.71
MRI-101,MRI,Riverside General,2016-03-12,2022-09-12,7.81
MRI-101,MRI,Riverside General,2016-03-12,2022-09-13,7.77
MRI-101,MRI,Riverside General,2016-03-12,2022-09-14,8.93
MRI-101,MRI,Riverside General,2016-03-12,2022-09-15,10.05
MRI-101,MRI,Riverside General,2016-03-12,2022-09-16,8.92
MRI-101,MRI,Riverside General,2016-03-12,2022-09-17,5.18
MRI-101,MRI,Riverside General,2016-03-12,2022-09-18,3.3
MRI-101,MRI,Riverside General,2016-03-12,2022-09-19,9.83
MRI-101,MRI,Riverside General,2016-03-12,2022-09-20,8.96
MRI-101,MRI,Riverside General,2016-03-12,2022-09-21,8.46
MRI-101,MRI,Riverside General,2016-03-12,2022-09-22,9.67
MRI-101,MRI,Riverside General,2016-03-12,2022-09-23,9.13
MRI-101,MRI,Riverside General,2016-03-12,2022-09-24,6.5
MRI-101,MRI,Riverside General,2016-03-12,2022-09-25,3.22
MRI-101,MRI,Riverside General,2016-03-12,2022-09-26,7.81
MRI-101,MRI,Riverside General,2016-03-12,2022-09-27,7.69
MRI-101,MRI,Riverside General,2016-03-12,2022-09-28,10.11
MRI-101,MRI,Riverside General,2016-03-12,2022-09-29,10.17
MRI-101,MRI,Riverside General,2016-03-12,2022-09-30,8.64
MRI-101,MRI,Riverside General,2016-03-12,2022-10-01,4.97
MRI-101,MRI,Riverside General,2016-03-12,2022-10-02,4.25
MRI-101,MRI,Riverside General,2016-03-12,2022-10-03,7.9
MRI-101,MRI,Riverside General,2016-03-12,2022-10-04,8.07
MRI-101,MRI,Riverside General,2016-03-12,2022-10-05,9.3
MRI-101,MRI,Riverside General,2016-03-12,2022-10-06,8.47
MRI-101,MRI,Riverside General,2016-03-12,2022-10-07,8.78
MRI-101,MRI,Riverside General,2016-03-12,2022-10-08,5.14
MRI-101,MRI,Riverside General,2016-03-12,2022-10-09,3.35
MRI-101,MRI,Riverside General,2016-03-12,2022-10-10,9.91
MRI-101,MRI,Riverside General,2016-03-12,2022-10-11,8.86
MRI-101,MRI,Riverside General,2016-03-12,2022-10-12,9.3
MRI-101,MRI,Riverside General,2016-03-12,2022-10-13,7.15
MRI-101,MRI,Riverside General,2016-03-12,2022-10-14,8.75
MRI-101,MRI,Riverside General,2016-03-12,2022-10-15,4.6
MRI-101,MRI,Riverside General,2016-03-12,2022-10-16,2.1
MRI-101,MRI,Riverside General,2016-03-12,2022-10-17,8.09
MRI-101,MRI,Riverside General,2016-03-12,2022-10-18,8.52
MRI-101,MRI,Riverside General,2016-03-12,2022-10-19,9.52
MRI-101,MRI,Riverside General,2016-03-12,2022-10-20,7.73
MRI-101,MRI,Riverside General,2016-03-12,2022-10-21,8.81
MRI-101,MRI,Riverside General,2016-03-12,2022-10-22,4.89
MRI-101,MRI,Riverside General,2016-03-12,2022-10-23,2.81
MRI-101,MRI,Riverside General,2016-03-12,2022-10-24,9.59
MRI-101,MRI,Riverside General,2016-03-12,2022-10-25,9.22
MRI-101,MRI,Riverside General,2016-03-12,2022-10-26,9.86
MRI-101,MRI,Riverside General,2016-03-12,2022-10-27,8.66
MRI-101,MRI,Riverside General,2016-03-12,2022-10-28,8.23
MRI-101,MRI,Riverside General,2016-03-12,2022-10-29,5.09
MRI-101,MRI,Riverside General,2016-03-12,2022-10-30,3.27
MRI-101,MRI,Riverside General,2016-03-12,2022-10-31,8.93
MRI-101,MRI,Riverside General,2016-03-12,2022-11-01,7.92
MRI-101,MRI,Riverside General,2016-03-12,2022-11-02,8.86
MRI-101,MRI,Riverside General,2016-03-12,2022-11-03,8.97
MRI-101,MRI,Riverside General,2016-03-12,2022-11-04,10.8
MRI-101,MRI,Riverside General,2016-03-12,2022-11-05,6.77
MRI-101,MRI,Riverside General,2016-03-12,2022-11-06,2.39
MRI-101,MRI,Riverside General,2016-03-12,2022-11-07,8.56
MRI-101,MRI,Riverside General,2016-03-12,2022-11-08,7.62
MRI-101,MRI,Riverside General,2016-03-12,2022-11-09,8.32
MRI-101,MRI,Riverside General,2016-03-12,2022-11-10,9.04
MRI-101,MRI,Riverside General,2016-03-12,2022-11-11,9.75
MRI-101,MRI,Riverside General,2016-03-12,2022-11-12,4.69
MRI-101,MRI,Riverside General,2016-03-12,2022-11-13,2.55
MRI-101,MRI,Riverside General,2016-03-12,2022-11-14,7.07
MRI-101,MRI,Riverside General,2016-03-12,2022-11-15,8.66
MRI-101,MRI,Riverside General,2016-03-12,2022-11-16,7.94
MRI-101,MRI,Riverside General,2016-03-12,2022-11-17,8.36
MRI-101,MRI,Riverside General,2016-03-12,2022-11-18,8.09
MRI-101,MRI,Riverside General,2016-03-12,2022-11-19,5.2
MRI-101,MRI,Riverside General,2016-03-12,2022-11-20,1.67
MRI-101,MRI,Riverside General,2016-03-12,2022-11-21,7.61
MRI-101,MRI,Riverside General,2016-03-12,2022-11-22,10.49
MRI-101,MRI,Riverside General,2016-03-12,2022-11-23,7.76
MRI-101,MRI,Riverside General,2016-03-12,2022-11-24,7.91
MRI-101,MRI,Riverside General,2016-03-12,2022-11-25,10.26
MRI-101,MRI,Riverside General,2016-03-12,2022-11-26,7.6
MRI-101,MRI,Riverside General,2016-03-12,2022-11-27,2.14
MRI-101,MRI,Riverside General,2016-03-12,2022-11-28,8.49
MRI-101,MRI,Riverside General,2016-03-12,2022-11-29,9.06
MRI-101,MRI,Riverside General,2016-03-12,2022-11-30,10.17
MRI-101,MRI,Riverside General,2016-03-12,2022-12-01,8.0
MRI-101,MRI,Riverside General,2016-03-12,2022-12-02,8.59
MRI-101,MRI,Riverside General,2016-03-12,2022-12-03,5.89
MRI-101,MRI,Riverside General,2016-03-12,2022-12-04,3.42
MRI-101,MRI,Riverside General,2016-03-12,2022-12-05,8.49
MRI-101,MRI,Riverside General,2016-03-12,2022-12-06,8.68
MRI-101,MRI,Riverside General,2016-03-12,2022-12-07,7.69
MRI-101,MRI,Riverside General,2016-03-12,2022-12-08,8.6
MRI-101,MRI,Riverside General,2016-03-12,2022-12-09,8.58
MRI-101,MRI,Riverside General,2016-03-12,2022-12-10,5.46
MRI-101,MRI,Riverside General,2016-03-12,2022-12-11,2.63
MRI-101,MRI,Riverside General,2016-03-12,2022-12-12,9.17
MRI-101,MRI,Riverside General,2016-03-12,2022-12-13,9.6
MRI-101,MRI,Riverside General,2016-03-12,2022-12-14,8.91
MRI-101,MRI,Riverside General,2016-03-12,2022-12-15,9.07
MRI-101,MRI,Riverside General,2016-03-12,2022-12-16,8.83
MRI-101,MRI,Riverside General,2016-03-12,2022-12-17,5.27
MRI-101,MRI,Riverside General,2016-03-12,2022-12-18,2.5
MRI-101,MRI,Riverside General,2016-03-12,2022-12-19,9.04
MRI-101,MRI,Riverside General,2016-03-12,2022-12-20,8.71
MRI-101,MRI,Riverside General,2016-03-12,2022-12-21,10.46
MRI-101,MRI,Riverside General,2016-03-12,2022-12-22,10.05
MRI-101,MRI,Riverside General,2016-03-12,2022-12-23,9.1
MRI-101,MRI,Riverside General,2016-03-12,2022-12-24,4.66
MRI-101,MRI,Riverside General,2016-03-12,2022-12-25,2.19
MRI-101,MRI,Riverside General,2016-03-12,2022-12-26,9.74
MRI-101,MRI,Riverside General,2016-03-12,2022-12-27,9.0
MRI-101,MRI,Riverside General,2016-03-12,2022-12-28,9.17
MRI-101,MRI,Riverside General,2016-03-12,2022-12-29,7.39
MRI-101,MRI,Riverside General,2016-03-12,2022-12-30,9.53
MRI-101,MRI,Riverside General,2016-03-12,2022-12-31,5.64
MRI-101,MRI,Riverside General,2016-03-12,2023-01-01,2.19
MRI-101,MRI,Riverside General,2016-03-12,2023-01-02,8.41
MRI-101,MRI,Riverside General,2016-03-12,2023-01-03,9.0
MRI-101,MRI,Riverside General,2016-03-12,2023-01-04,8.83
MRI-101,MRI,Riverside General,2016-03-12,2023-01-05,8.55
MRI-101,MRI,Riverside General,2016-03-12,2023-01-06,8.71
MRI-101,MRI,Riverside General,2016-03-12,2023-01-07,5.07
MRI-101,MRI,Riverside General,2016-03-12,2023-01-08,3.2
MRI-101,MRI,Riverside General,2016-03-12,2023-01-09,9.97
MRI-101,MRI,Riverside General,2016-03-12,2023-01-10,6.74
MRI-101,MRI,Riverside General,2016-03-12,2023-01-11,8.6
MRI-101,MRI,Riverside General,2016-03-12,2023-01-12,8.93
MRI-101,MRI,Riverside General,2016-03-12,2023-01-13,9.03
MRI-101,MRI,Riverside General,2016-03-12,2023-01-14,4.98
MRI-101,MRI,Riverside General,2016-03-12,2023-01-15,1.67
MRI-101,MRI,Riverside General,2016-03-12,2023-01-16,9.05
MRI-101,MRI,Riverside General,2016-03-12,2023-01-17,10.17
MRI-101,MRI,Riverside General,2016-03-12,2023-01-18,7.56
MRI-101,MRI,Riverside General,2016-03-12,2023-01-19,9.48
MRI-101,MRI,Riverside General,2016-03-12,2023-01-20,8.53
MRI-101,MRI,Riverside General,2016-03-12,2023-01-21,5.22
MRI-101,MRI,Riverside General,2016-03-12,2023-01-22,2.23
MRI-101,MRI,Riverside General,2016-03-12,2023-01-23,8.52
MRI-101,MRI,Riverside General,2016-03-12,2023-01-24,9.83
MRI-101,MRI,Riverside General,2016-03-12,2023-01-25,9.25
MRI-101,MRI,Riverside General,2016-03-12,2023-01-26,10.17
MRI-101,MRI,Riverside General,2016-03-12,2023-01-27,9.73
MRI-101,MRI,Riverside General,2016-03-12,2023-01-28,5.62
MRI-101,MRI,Riverside General,2016-03-12,2023-01-29,4.47
MRI-101,MRI,Riverside General,2016-03-12,2023-01-30,9.14
MRI-101,MRI,Riverside General,2016-03-12,2023-01-31,9.45
MRI-101,MRI,Riverside General,2016-03-12,2023-02-01,8.55
MRI-101,MRI,Riverside General,2016-03-12,2023-02-02,8.84
MRI-101,MRI,Riverside General,2016-03-12,2023-02-03,8.23
MRI-101,MRI,Riverside General,2016-03-12,2023-02-04,6.06
MRI-101,MRI,Riverside General,2016-03-12,2023-02-05,2.13
MRI-101,MRI,Riverside General,2016-03-12,2023-02-06,9.41
MRI-101,MRI,Riverside General,2016-03-12,2023-02-07,8.64
MRI-101,MRI,Riverside General,2016-03-12,2023-02-08,9.73
MRI-101,MRI,Riverside General,2016-03-12,2023-02-09,9.39
MRI-101,MRI,Riverside General,2016-03-12,2023-02-10,10.25
MRI-101,MRI,Riverside General,2016-03-12,2023-02-11,5.86
MRI-101,MRI,Riverside General,2016-03-12,2023-02-12,1.82
MRI-101,MRI,Riverside General,2016-03-12,2023-02-13,8.73
MRI-101,MRI,Riverside General,2016-03-12,2023-02-14,7.85
MRI-101,MRI,Riverside General,2016-03-12,2023-02-15,8.37
MRI-101,MRI,Riverside General,2016-03-12,2023-02-16,10.0
MRI-101,MRI,Riverside General,2016-03-12,2023-02-17,9.3
MRI-101,MRI,Riverside General,2016-03-12,2023-02-18,4.71
MRI-101,MRI,Riverside General,2016-03-12,2023-02-19,2.27
MRI-101,MRI,Riverside General,2016-03-12,2023-02-20,8.81
MRI-101,MRI,Riverside General,2016-03-12,2023-02-21,7.82
MRI-101,MRI,Riverside General,2016-03-12,2023-02-22,8.25
MRI-101,MRI,Riverside General,2016-03-12,2023-02-23,9.04
MRI-101,MRI,Riverside General,2016-03-12,2023-02-24,9.71
MRI-101,MRI,Riverside General,2016-03-12,2023-02-25,5.76
MRI-101,MRI,Riverside General,2016-03-12,2023-02-26,1.24
MRI-101,MRI,Riverside General,2016-03-12,2023-02-27,9.03
MRI-101,MRI,Riverside General,2016-03-12,2023-02-28,8.85
MRI-101,MRI,Riverside General,2016-03-12,2023-03-01,9.12
MRI-101,MRI,Riverside General,2016-03-12,2023-03-02,10.08
MRI-101,MRI,Riverside General,2016-03-12,2023-03-03,7.14
MRI-101,MRI,Riverside General,2016-03-12,2023-03-04,4.8
MRI-101,MRI,Riverside General,2016-03-12,2023-03-05,3.55
MRI-101,MRI,Riverside General,2016-03-12,2023-03-06,7.52
MRI-101,MRI,Riverside General,2016-03-12,2023-03-07,9.97
MRI-101,MRI,Riverside General,2016-03-12,2023-03-08,9.08
MRI-101,MRI,Riverside General,2016-03-12,2023-03-09,9.47
MRI-101,MRI,Riverside General,2016-03-12,2023-03-10,8.33
MRI-101,MRI,Riverside General,2016-03-12,2023-03-11,5.92
MRI-101,MRI,Riverside General,2016-03-12,2023-03-12,3.93
MRI-101,MRI,Riverside General,2016-03-12,2023-03-13,8.97
MRI-101,MRI,Riverside General,2016-03-12,2023-03-14,8.98
MRI-101,MRI,Riverside General,2016-03-12,2023-03-15,9.0
MRI-101,MRI,Riverside General,2016-03-12,2023-03-16,8.1
MRI-101,MRI,Riverside General,2016-03-12,2023-03-17,8.67
MRI-101,MRI,Riverside General,2016-03-12,2023-03-18,5.15
MRI-101,MRI,Riverside General,2016-03-12,2023-03-19,3.38
MRI-101,MRI,Riverside General,2016-03-12,2023-03-20,9.59
MRI-101,MRI,Riverside General,2016-03-12,2023-03-21,7.94
MRI-101,MRI,Riverside General,2016-03-12,2023-03-22,8.69
MRI-101,MRI,Riverside General,2016-03-12,2023-03-23,9.97
MRI-101,MRI,Riverside General,2016-03-12,2023-03-24,8.19
MRI-101,MRI,Riverside General,2016-03-12,2023-03-25,4.62
MRI-101,MRI,Riverside General,2016-03-12,2023-03-26,3.24
MRI-101,MRI,Riverside General,2016-03-12,2023-03-27,9.46
MRI-101,MRI,Riverside General,2016-03-12,2023-03-28,8.8
MRI-101,MRI,Riverside General,2016-03-12,2023-03-29,9.85
MRI-101,MRI,Riverside General,2016-03-12,2023-03-30,9.47
MRI-101,MRI,Riverside General,2016-03-12,2023-03-31,9.46
MRI-102,MRI,Lakeview Medical Center,2019-07-01,2022-04-01,9.33
MRI-102,MRI,Lakeview Medical Center,2019-07-01,2022-04-02,7.19
MRI-102,MRI,Lakeview Medical Center,2019-07-01,2022-04-03,2.95
MRI-102,MRI,Lakeview Medical Center,2019-07-01,2022-04-04,7.28
MRI-102,MRI,Lakeview Medical Center,2019-07-01,2022-04-05,10.17
MRI-102,MRI,Lakeview Medical Center,2019-07-01,2022-04-06,8.52
MRI-102,MRI,Lakeview Medical Center,2019-07-01,2022-04-07,8.97
MRI-102,MRI,Lakeview Medical Center,2019-07-01,2022-04-08,9.94
MRI-102,MRI,Lakeview Medical Center,2019-07-01,2022-04-09,4.05
MRI-102,MRI,Lakeview Medical Center,2019-07-01,2022-04-10,2.11
MRI-102,MRI,Lakeview Medical Center,2019-07-01,2022-04-11,7.61
MRI-102,MRI,Lakeview Medical Center,2019-07-01,2022-04-12,8.25
MRI-102,MRI,Lakeview Medical Center,2019-07-01,2022-04-13,9.24
MRI-102,MRI,Lakeview Medical Center,2019-07-01,2022-04-14,9.31
MRI-102,MRI,Lakeview Medical Center,2019-07-01,2022-04-15,9.11
MRI-102,MRI,Lakeview Medical Center,2019-07-01,2022-04-16,4.2
MRI-102,MRI,Lakeview Medical Center,2019-07-01,2022-04-17,1.26
MRI-102,MRI,Lakeview Medical Center,2019-07-01,2022-04-18,8.93
MRI-102,MRI,Lakeview Medical Center,2019-07-01,2022-04-19,8.51
MRI-102,MRI,Lakeview Medical Center,2019-07-01,2022-04-20,9.26
MRI-102,MRI,Lakeview Medical Center,2019-07-01,2022-04-21,9.45
MRI-102,MRI,Lakeview Medical Center,2019-07-01,2022-04-22,9.0
MRI-102,MRI,Lakeview Medical Center,2019-07-01,2022-04-23,5.94
MRI-102,MRI,Lakeview Medical Center,2019-07-01,2022-04-24,3.29
MRI-102,MRI,Lakeview Medical Center,2019-07-01,2022-04-25,9.31
MRI-102,MRI,Lakeview Medical Center,2019-07-01,2022-04-26,8.32
MRI-102,MRI,Lakeview Medical Center,2019-07-01,2022-04-27,8.74
MRI-102,MRI,Lakeview Medical Center,2019-07-01,2022-04-28,9.04
MRI-102,MRI,Lakeview Medical Center,2019-07-01,2022-04-29,9.54
MRI-102,MRI,Lakeview Medical Center,2019-07-01,2022-04-30,5.02
MRI-102,MRI,Lakeview Medical Center,2019-07-01,2022-05-01,3.53
MRI-102,MRI,Lakeview Medical Center,2019-07-01,2022-05-02,8.67
MRI-102,MRI,Lakeview Medical Center,2019-07-01,2022-05-03,8.79
MRI-102,MRI,Lakeview Medical Center,2019-07-01,2022-05-04,9.55
MRI-102,MRI,Lakeview Medical Center,2019-07-01,2022-05-05,7.29
MRI-102,MRI,Lakeview Medical Center,2019-07-01,2022-05-06,7.85
MRI-102,MRI,Lakeview Medical Center,2019-07-01,2022-05-07,4.15
MRI-102,MRI,Lakeview Medical Center,2019-07-01,2022-05-08,1.24
MRI-102,MRI,Lakeview Medical Center,2019-07-01,2022-05-09,8.34
MRI-102,MRI,Lakeview Medical Center,2019-07-01,2022-05-10,9.49
MRI-102,MRI,Lakeview Medical Center,2019-07-01,2022-05-11,8.66
MRI-102,MRI,Lakeview Medical Center,2019-07-01,2022-05-12,9.05
MRI-102,MRI,Lakeview Medical Center,2019-07-01,2022-05-13,9.76
MRI-102,MRI,Lakeview Medical Center,2019-07-01,2022-05-14,6.39
MRI-102,MRI,Lakeview Medical Center,2019-07-01,2022-05-15,3.06
MRI-102,MRI,Lakeview Medical Center,2019-07-01,2022-05-16,9.97
MRI-102,MRI,Lakeview Medical Center,2019-07-01,2022-05-17,8.96
MRI-102,MRI,Lakeview Medical Center,2019-07-01,2022-05-18,8.22
MRI-102,MRI,Lakeview Medical Center,2019-07-01,2022-05-19,8.41
MRI-102,MRI,Lakeview Medical Center,2019-07-01,2022-05-20,7.7
MRI-102,MRI,Lakeview Medical Center,2019-07-01,2022-05-21,4.62
MRI-102,MRI,Lakeview Medical Center,2019-07-01,2022-05-22,2.82
MRI-102,MRI,Lakeview Medical Center,2019-07-01,2022-05-23,9.53
MRI-102,MRI,Lakeview Medical Center,2019-07-01,2022-05-24,10.26
MRI-102,MRI,Lakeview Medical Center,2019-07-01,2022-05-25,7.78
MRI-102,MRI,Lakeview Medical Center,2019-07-01,2022-05-26,9.2
MRI-102,MRI,Lakeview Medical Center,2019-07-01,2022-05-27,8.06
MRI-102,MRI,Lakeview Medical Center,2019-07-01,2022-05-28,5.71
MRI-102,MRI,Lakeview Medical Center,2019-07-01,2022-05-29,3.01
MRI-102,MRI,Lakeview Medical Center,2019-07-01,2022-05-30,7.42
MRI-102,MRI,Lakeview Medical Center,2019-07-01,2022-05-31,9.63
MRI-102,MRI,Lakeview Medical Center,2019-07-01,2022-06-01,8.4
MRI-102,MRI,Lakeview Medical Center,2019-07-01,2022-06-02,8.46
MRI-102,MRI,Lakeview Medical Center,2019-07-01,2022-06-03,8.03
MRI-102,MRI,Lakeview Medical Center,2019-07-01,2022-06-04,4.81
MRI-102,MRI,Lakeview Medical Center,2019-07-01,2022-06-05,3.45
MRI-102,MRI,Lakeview Medical Center,2019-07-01,2022-06-06,8.74
MRI-102,MRI,Lakeview Medical Center,2019-07-01,2022-06-07,9.15
MRI-102,MRI,Lakeview Medical Center,2019-07-01,2022-06-08,9.18
MRI-102,MRI,Lakeview Medical Center,2019-07-01,2022-06-09,9.94
MRI-102,MRI,Lakeview Medical Center,2019-07-01,2022-06-10,8.61
MRI-102,MRI,Lakeview Medical Center,2019-07-01,2022-06-11,4.15
MRI-102,MRI,Lakeview Medical Center,2019-07-01,2022-06-12,3.96
MRI-102,MRI,Lakeview Medical Center,2019-07-01,2022-06-13,8.62
MRI-102,MRI,Lakeview Medical Center,2019-07-01,2022-06-14,9.78
MRI-102,MRI,Lakeview Medical Center,2019-07-01,2022-06-15,9.19
MRI-102,MRI,Lakeview Medical Center,2019-07-01,2022-06-16,8.78
MRI-102,MRI,Lakeview Medical Center,2019-07-01,2022-06-17,9.17
MRI-102,MRI,Lakeview Medical Center,2019-07-01,2022-06-18,6.89
MRI-102,MRI,Lakeview Medical Center,2019-07-01,2022-06-19,4.77
MRI-102,MRI,Lakeview Medical Center,2019-07-01,2022-06-20,8.94
MRI-102,MRI,Lakeview Medical Center,2019-07-01,2022-06-21,9.02
MRI-102,MRI,Lakeview Medical Center,2019-07-01,2022-06-22,9.75
MRI-102,MRI,Lakeview Medical Center,2019-07-01,2022-06-23,8.21
MRI-102,MRI,Lakeview Medical Center,2019-07-01,2022-06-24,9.15
MRI-102,MRI,Lakeview Medical Center,2019-07-01,2022-06-25,5.31
MRI-102,MRI,Lakeview Medical Center,2019-07-01,2022-06-26,3.36
MRI-102,MRI,Lakeview Medical Center,2019-07-01,2022-06-27,8.22
MRI-102,MRI,Lakeview Medical Center,2019-07-01,2022-06-28,7.62
MRI-102,MRI,Lakeview Medical Center,2019-07-01,2022-06-29,7.23
MRI-102,MRI,Lakeview Medical Center,2019-07-01,2022-06-30,7.99
MRI-102,MRI,Lakeview Medical Center,2019-07-01,2022-07-01,8.52
MRI-102,MRI,Lakeview Medical Center,2019-07-01,2022-07-02,5.1
MRI-102,MRI,Lakeview Medical Center,2019-07-01,2022-07-03,4.66
MRI-102,MRI,Lakeview Medical Center,2019-07-01,2022-07-04,9.77
MRI-102,MRI,Lakeview Medical Center,2019-07-01,2022-07-05,8.12
MRI-102,MRI,Lakeview Medical Center,2019-07-01,2022-07-06,9.17
MRI-102,MRI,Lakeview Medical Center,2019-07-01,2022-07-07,8.56
MRI-102,MRI,Lakeview Medical Center,2019-07-01,2022-07-08,8.66
MRI-102,MRI,Lakeview Medical Center,2019-07-01,2022-07-09,5.48
MRI-102,MRI,Lakeview Medical Center,2019-07-01,2022-07-10,3.61
MRI-102,MRI,Lakeview Medical Center,2019-07-01,2022-07-11,8.375
MRI-102,MRI,Lakeview Medical Center,2019-07-01,2022-07-12,9.74
MRI-102,MRI,Lakeview Medical Center,2019-07-01,2022-07-13,7.97
MRI-102,MRI,Lakeview Medical Center,2019-07-01,2022-07-14,8.89
MRI-102,MRI,Lakeview Medical Center,2019-07-01,2022-07-15,10.97
MRI-102,MRI,Lakeview Medical Center,2019-07-01,2022-07-16,5.51
MRI-102,MRI,Lakeview Medical Center,2019-07-01,2022-07-17,4.26
MRI-102,MRI,Lakeview Medical Center,2019-07-01,2022-07-18,8.96
MRI-102,MRI,Lakeview Medical Center,2019-07-01,2022-07-19,9.35
MRI-102,MRI,Lakeview Medical Center,2019-07-01,2022-07-20,8.84
MRI-102,MRI,Lakeview Medical Center,2019-07-01,2022-07-21,8.75
MRI-102,MRI,Lakeview Medical Center,2019-07-01,2022-07-22,8.26
MRI-102,MRI,Lakeview Medical Center,2019-07-01,2022-07-23,5.68
MRI-102,MRI,Lakeview Medical Center,2019-07-01,2022-07-24,2.43
MRI-102,MRI,Lakeview Medical Center,2019-07-01,2022-07-25,9.42
MRI-102,MRI,Lakeview Medical Center,2019-07-01,2022-07-26,9.76
MRI-102,MRI,Lakeview Medical Center,2019-07-01,2022-07-27,9.18
MRI-102,MRI,Lakeview Medical Center,2019-07-01,2022-07-28,8.66
MRI-102,MRI,Lakeview Medical Center,2019-07-01,2022-07-29,9.25
MRI-102,MRI,Lakeview Medical Center,2019-07-01,2022-07-30,5.09
MRI-102,MRI,Lakeview Medical Center,2019-07-01,2022-07-31,3.86
MRI-102,MRI,Lakeview Medical Center,2019-07-01,2022-08-01,7.42
MRI-102,MRI,Lakeview Medical Center,2019-07-01,2022-08-02,8.62
MRI-102,MRI,Lakeview Medical Center,2019-07-01,2022-08-03,7.29
MRI-102,MRI,Lakeview Medical Center,2019-07-01,2022-08-04,7.69
MRI-102,MRI,Lakeview Medical Center,2019-07-01,2022-08-05,9.98
MRI-102,MRI,Lakeview Medical Center,2019-07-01,2022-08-06,6.05
MRI-102,MRI,Lakeview Medical Center,2019-07-01,2022-08-07,2.54
MRI-102,MRI,Lakeview Medical Center,2019-07-01,2022-08-08,7.69
MRI-102,MRI,Lakeview Medical Center,2019-07-01,2022-08-09,6.52
MRI-102,MRI,Lakeview Medical Center,2019-07-01,2022-08-10,8.45
MRI-102,MRI,Lakeview Medical Center,2019-07-01,2022-08-11,10.82
MRI-102,MRI,Lakeview Medical Center,2019-07-01,2022-08-12,9.24
MRI-102,MRI,Lakeview Medical Center,2019-07-01,2022-08-13,4.88
MRI-102,MRI,Lakeview Medical Center,2019-07-01,2022-08-14,3.48
MRI-102,MRI,Lakeview Medical Center,2019-07-01,2022-08-15,7.64
MRI-102,MRI,Lakeview Medical Center,2019-07-01,2022-08-16,8.65
MRI-102,MRI,Lakeview Medical Center,2019-07-01,2022-08-17,8.97
MRI-102,MRI,Lakeview Medical Center,2019-07-01,2022-08-18,8.82
MRI-102,MRI,Lakeview Medical Center,2019-07-01,2022-08-19,9.52
MRI-102,MRI,Lakeview Medical Center,2019-07-01,2022-08-20,5.61
MRI-102,MRI,Lakeview Medical Center,2019-07-01,2022-08-21,3.65
MRI-102,MRI,Lakeview Medical Center,2019-07-01,2022-08-22,8.34
MRI-102,MRI,Lakeview Medical Center,2019-07-01,2022-08-23,9.61
MRI-102,MRI,Lakeview Medical Center,2019-07-01,2022-08-24,10.19
MRI-102,MRI,Lakeview Medical Center,2019-07-01,2022-08-25,8.11
MRI-102,MRI,Lakeview Medical Center,2019-07-01,2022-08-26,8.18
MRI-102,MRI,Lakeview Medical Center,2019-07-01,2022-08-27,6.4
MRI-102,MRI,Lakeview Medical Center,2019-07-01,2022-08-28,2.96
MRI-102,MRI,Lakeview Medical Center,2019-07-01,2022-08-29,10.01
MRI-102,MRI,Lakeview Medical Center,2019-07-01,2022-08-30,8.53
MRI-102,MRI,Lakeview Medical Center,2019-07-01,2022-08-31,10.05
MRI-102,MRI,Lakeview Medical Center,2019-07-01,2022-09-01,8.99
MRI-102,MRI,Lakeview Medical Center,2019-07-01,2022-09-02,9.09
MRI-102,MRI,Lakeview Medical Center,2019-07-01,2022-09-03,6.58
MRI-102,MRI,Lakeview Medical Center,2019-07-01,2022-09-04,2.82
MRI-102,MRI,Lakeview Medical Center,2019-07-01,2022-09-05,8.13
MRI-102,MRI,Lakeview Medical Center,2019-07-01,2022-09-06,8.53
MRI-102,MRI,Lakeview Medical Center,2019-07-01,2022-09-07,9.25
MRI-102,MRI,Lakeview Medical Center,2019-07-01,2022-09-08,7.63
MRI-102,MRI,Lakeview Medical Center,2019-07-01,2022-09-09,9.4
MRI-102,MRI,Lakeview Medical Center,2019-07-01,2022-09-10,4.9
MRI-102,MRI,Lakeview Medical Center,2019-07-01,2022-09-11,4.03
MRI-102,MRI,Lakeview Medical Center,2019-07-01,2022-09-12,6.97
MRI-102,MRI,Lakeview Medical Center,2019-07-01,2022-09-13,8.26
MRI-102,MRI,Lakeview Medical Center,2019-07-01,2022-09-14,7.54
MRI-102,MRI,Lakeview Medical Center,2019-07-01,2022-09-15,8.23
MRI-102,MRI,Lakeview Medical Center,2019-07-01,2022-09-16,9.09
MRI-102,MRI,Lakeview Medical Center,2019-07-01,2022-09-17,5.19
MRI-102,MRI,Lakeview Medical Center,2019-07-01,2022-09-18,2.91
MRI-102,MRI,Lakeview Medical Center,2019-07-01,2022-09-19,8.76
MRI-102,MRI,Lakeview Medical Center,2019-07-01,2022-09-20,9.05
MRI-102,MRI,Lakeview Medical Center,2019-07-01,2022-09-21,8.08
MRI-102,MRI,Lakeview Medical Center,2019-07-01,2022-09-22,9.45
MRI-102,MRI,Lakeview Medical Center,2019-07-01,2022-09-23,9.42
MRI-102,MRI,Lakeview Medical Center,2019-07-01,2022-09-24,5.64
MRI-102,MRI,Lakeview Medical Center,2019-07-01,2022-09-25,3.56
MRI-102,MRI,Lakeview Medical Center,2019-07-01,2022-09-26,9.12
MRI-102,MRI,Lakeview Medical Center,2019-07-01,2022-09-27,10.52
MRI-102,MRI,Lakeview Medical Center,2019-07-01,2022-09-28,8.82
MRI-102,MRI,Lakeview Medical Center,2019-07-01,2022-09-29,8.64
MRI-102,MRI,Lakeview Medical Center,2019-07-01,2022-09-30,8.28
MRI-102,MRI,Lakeview Medical Center,2019-07-01,2022-10-01,4.51
MRI-102,MRI,Lakeview Medical Center,2019-07-01,2022-10-02,2.12
MRI-102,MRI,Lakeview Medical Center,2019-07-01,2022-10-03,8.18
MRI-102,MRI,Lakeview Medical Center,2019-07-01,2022-10-04,8.83
MRI-102,MRI,Lakeview Medical Center,2019-07-01,2022-10-05,9.15
MRI-102,MRI,Lakeview Medical Center,2019-07-01,2022-10-06,8.93
MRI-102,MRI,Lakeview Medical Center,2019-07-01,2022-10-07,8.28
MRI-102,MRI,Lakeview Medical Center,2019-07-01,2022-10-08,6.05
MRI-102,MRI,Lakeview Medical Center,2019-07-01,2022-10-09,3.7
MRI-102,MRI,Lakeview Medical Center,2019-07-01,2022-10-10,8.76
MRI-102,MRI,Lakeview Medical Center,2019-07-01,2022-10-11,8.37
MRI-102,MRI,Lakeview Medical Center,2019-07-01,2022-10-12,9.33
MRI-102,MRI,Lakeview Medical Center,2019-07-01,2022-10-13,9.04
MRI-102,MRI,Lakeview Medical Center,2019-07-01,2022-10-14,7.73
MRI-102,MRI,Lakeview Medical Center,2019-07-01,2022-10-15,5.28
MRI-102,MRI,Lakeview Medical Center,2019-07-01,2022-10-16,3.32
MRI-102,MRI,Lakeview Medical Center,2019-07-01,2022-10-17,8.17
MRI-102,MRI,Lakeview Medical Center,2019-07-01,2022-10-18,9.04
MRI-102,MRI,Lakeview Medical Center,2019-07-01,2022-10-19,7.72
MRI-102,MRI,Lakeview Medical Center,2019-07-01,2022-10-20,9.96
MRI-102,MRI,Lakeview Medical Center,2019-07-01,2022-10-21,9.89
MRI-102,MRI,Lakeview Medical Center,2019-07-01,2022-10-22,5.13
MRI-102,MRI,Lakeview Medical Center,2019-07-01,2022-10-23,3.4
MRI-102,MRI,Lakeview Medical Center,2019-07-01,2022-10-24,6.96
MRI-102,MRI,Lakeview Medical Center,2019-07-01,2022-10-25,7.96
MRI-102,MRI,Lakeview Medical Center,2019-07-01,2022-10-26,8.65
MRI-102,MRI,Lakeview Medical Center,2019-07-01,2022-10-27,8.03
MRI-102,MRI,Lakeview Medical Center,2019-07-01,2022-10-28,9.46
MRI-102,MRI,Lakeview Medical Center,2019-07-01,2022-10-29,6.93
MRI-102,MRI,Lakeview Medical Center,2019-07-01,2022-10-30,2.17
MRI-102,MRI,Lakeview Medical Center,2019-07-01,2022-10-31,8.22
MRI-102,MRI,Lakeview Medical Center,2019-07-01,2022-11-01,9.08
MRI-102,MRI,Lakeview Medical Center,2019-07-01,2022-11-02,10.18
MRI-102,MRI,Lakeview Medical Center,2019-07-01,2022-11-03,7.91
MRI-102,MRI,Lakeview Medical Center,2019-07-01,2022-11-04,9.09
MRI-102,MRI,Lakeview Medical Center,2019-07-01,2022-11-05,6.79
MRI-102,MRI,Lakeview Medical Center,2019-07-01,2022-11-06,1.79
MRI-102,MRI,Lakeview Medical Center,2019-07-01,2022-11-07,7.86
MRI-102,MRI,Lakeview Medical Center,2019-07-01,2022-11-08,8.55
MRI-102,MRI,Lakeview Medical Center,2019-07-01,2022-11-09,8.47
MRI-102,MRI,Lakeview Medical Center,2019-07-01,2022-11-10,9.54
MRI-102,MRI,Lakeview Medical Center,2019-07-01,2022-11-11,9.08
MRI-102,MRI,Lakeview Medical Center,2019-07-01,2022-11-12,3.91
MRI-102,MRI,Lakeview Medical Center,2019-07-01,2022-11-13,3.52
MRI-102,MRI,Lakeview Medical Center,2019-07-01,2022-11-14,8.43
MRI-102,MRI,Lakeview Medical Center,2019-07-01,2022-11-15,9.91
MRI-102,MRI,Lakeview Medical Center,2019-07-01,2022-11-16,8.39
MRI-102,MRI,Lakeview Medical Center,2019-07-01,2022-11-17,8.38
MRI-102,MRI,Lakeview Medical Center,2019-07-01,2022-11-18,9.32
MRI-102,MRI,Lakeview Medical Center,2019-07-01,2022-11-19,5.94
MRI-102,MRI,Lakeview Medical Center,2019-07-01,2022-11-20,3.47
MRI-102,MRI,Lakeview Medical Center,2019-07-01,2022-11-21,7.54
MRI-102,MRI,Lakeview Medical Center,2019-07-01,2022-11-22,9.32
MRI-102,MRI,Lakeview Medical Center,2019-07-01,2022-11-23,8.375
MRI-102,MRI,Lakeview Medical Center,2019-07-01,2022-11-24,9.08
MRI-102,MRI,Lakeview Medical Center,2019-07-01,2022-11-25,7.75
MRI-102,MRI,Lakeview Medical Center,2019-07-01,2022-11-26,5.69
MRI-102,MRI,Lakeview Medical Center,2019-07-01,2022-11-27,2.47
MRI-102,MRI,Lakeview Medical Center,2019-07-01,2022-11-28,7.86
MRI-102,MRI,Lakeview Medical Center,2019-07-01,2022-11-29,9.46
MRI-102,MRI,Lakeview Medical Center,2019-07-01,2022-11-30,9.08
MRI-102,MRI,Lakeview Medical Center,2019-07-01,2022-12-01,8.4
MRI-102,MRI,Lakeview Medical Center,2019-07-01,2022-12-02,10.05
MRI-102,MRI,Lakeview Medical Center,2019-07-01,2022-12-03,4.98
MRI-102,MRI,Lakeview Medical Center,2019-07-01,2022-12-04,3.14
MRI-102,MRI,Lakeview Medical Center,2019-07-01,2022-12-05,9.1
MRI-102,MRI,Lakeview Medical Center,2019-07-01,2022-12-06,8.39
MRI-102,MRI,Lakeview Medical Center,2019-07-01,2022-12-07,9.26
MRI-102,MRI,Lakeview Medical Center,2019-07-01,2022-12-08,8.46
MRI-102,MRI,Lakeview Medical Center,2019-07-01,2022-12-09,8.56
MRI-102,MRI,Lakeview Medical Center,2019-07-01,2022-12-10,6.42
MRI-102,MRI,Lakeview Medical Center,2019-07-01,2022-12-11,2.28
MRI-102,MRI,Lakeview Medical Center,2019-07-01,2022-12-12,6.96
MRI-102,MRI,Lakeview Medical Center,2019-07-01,2022-12-13,10.18
MRI-102,MRI,Lakeview Medical Center,2019-07-01,2022-12-14,10.93
MRI-102,MRI,Lakeview Medical Center,2019-07-01,2022-12-15,8.56
MRI-102,MRI,Lakeview Medical Center,2019-07-01,2022-12-16,7.34
MRI-102,MRI,Lakeview Medical Center,2019-07-01,2022-12-17,5.08
MRI-102,MRI,Lakeview Medical Center,2019-07-01,2022-12-18,2.88
MRI-102,MRI,Lakeview Medical Center,2019-07-01,2022-12-19,8.74
MRI-102,MRI,Lakeview Medical Center,2019-07-01,2022-12-20,8.0
MRI-102,MRI,Lakeview Medical Center,2019-07-01,2022-12-21,9.35
MRI-102,MRI,Lakeview Medical Center,2019-07-01,2022-12-22,9.31
MRI-102,MRI,Lakeview Medical Center,2019-07-01,2022-12-23,7.69
MRI-102,MRI,Lakeview Medical Center,2019-07-01,2022-12-24,5.89
MRI-102,MRI,Lakeview Medical Center,2019-07-01,2022-12-25,4.75
MRI-102,MRI,Lakeview Medical Center,2019-07-01,2022-12-26,9.03
MRI-102,MRI,Lakeview Medical Center,2019-07-01,2022-12-27,8.62
MRI-102,MRI,Lakeview Medical Center,2019-07-01,2022-12-28,8.77
MRI-102,MRI,Lakeview Medical Center,2019-07-01,2022-12-29,9.38
MRI-102,MRI,Lakeview Medical Center,2019-07-01,2022-12-30,7.5
MRI-102,MRI,Lakeview Medical Center,2019-07-01,2022-12-31,5.46
MRI-102,MRI,Lakeview Medical Center,2019-07-01,2023-01-01,2.8
MRI-102,MRI,Lakeview Medical Center,2019-07-01,2023-01-02,10.37
MRI-102,MRI,Lakeview Medical Center,2019-07-01,2023-01-03,8.75
MRI-102,MRI,Lakeview Medical Center,2019-07-01,2023-01-04,10.22
MRI-102,MRI,Lakeview Medical Center,2019-07-01,2023-01-05,8.0
MRI-102,MRI,Lakeview Medical Center,2019-07-01,2023-01-06,9.36
MRI-102,MRI,Lakeview Medical Center,2019-07-01,2023-01-07,5.59
MRI-102,MRI,Lakeview Medical Center,2019-07-01,2023-01-08,2.42
MRI-102,MRI,Lakeview Medical Center,2019-07-01,2023-01-09,9.03
MRI-102,MRI,Lakeview Medical Center,2019-07-01,2023-01-10,9.86
MRI-102,MRI,Lakeview Medical Center,2019-07-01,2023-01-11,8.63
MRI-102,MRI,Lakeview Medical Center,2019-07-01,2023-01-12,7.53
MRI-102,MRI,Lakeview Medical Center,2019-07-01,2023-01-13,8.87
MRI-102,MRI,Lakeview Medical Center,2019-07-01,2023-01-14,4.61
MRI-102,MRI,Lakeview Medical Center,2019-07-01,2023-01-15,2.84
MRI-102,MRI,Lakeview Medical Center,2019-07-01,2023-01-16,8.82
MRI-102,MRI,Lakeview Medical Center,2019-07-01,2023-01-17,7.52
MRI-102,MRI,Lakeview Medical Center,2019-07-01,2023-01-18,7.59
MRI-102,MRI,Lakeview Medical Center,2019-07-01,2023-01-19,9.27
MRI-102,MRI,Lakeview Medical Center,2019-07-01,2023-01-20,8.47
MRI-102,MRI,Lakeview Medical Center,2019-07-01,2023-01-21,3.28
MRI-102,MRI,Lakeview Medical Center,2019-07-01,2023-01-22,3.74
MRI-102,MRI,Lakeview Medical Center,2019-07-01,2023-01-23,9.11
MRI-102,MRI,Lakeview Medical Center,2019-07-01,2023-01-24,8.32
MRI-102,MRI,Lakeview Medical Center,2019-07-01,2023-01-25,7.83
MRI-102,MRI,Lakeview Medical Center,2019-07-01,2023-01-26,9.56
MRI-102,MRI,Lakeview Medical Center,2019-07-01,2023-01-27,9.17
MRI-102,MRI,Lakeview Medical Center,2019-07-01,2023-01-28,8.375
MRI-102,MRI,Lakeview Medical Center,2019-07-01,2023-01-29,3.45
MRI-102,MRI,Lakeview Medical Center,2019-07-01,2023-01-30,9.2
MRI-102,MRI,Lakeview Medical Center,2019-07-01,2023-01-31,8.75
MRI-102,MRI,Lakeview Medical Center,2019-07-01,2023-02-01,9.54
MRI-102,MRI,Lakeview Medical Center,2019-07-01,2023-02-02,9.39
MRI-102,MRI,Lakeview Medical Center,2019-07-01,2023-02-03,9.89
MRI-102,MRI,Lakeview Medical Center,2019-07-01,2023-02-04,4.92
MRI-102,MRI,Lakeview Medical Center,2019-07-01,2023-02-05,2.76
MRI-102,MRI,Lakeview Medical Center,2019-07-01,2023-02-06,8.5
MRI-102,MRI,Lakeview Medical Center,2019-07-01,2023-02-07,9.52
MRI-102,MRI,Lakeview Medical Center,2019-07-01,2023-02-08,10.09
MRI-102,MRI,Lakeview Medical Center,2019-07-01,2023-02-09,8.52
MRI-102,MRI,Lakeview Medical Center,2019-07-01,2023-02-10,8.55
MRI-102,MRI,Lakeview Medical Center,2019-07-01,2023-02-11,5.58
MRI-102,MRI,Lakeview Medical Center,2019-07-01,2023-02-12,2.91
MRI-102,MRI,Lakeview Medical Center,2019-07-01,2023-02-13,9.65
MRI-102,MRI,Lakeview Medical Center,2019-07-01,2023-02-14,7.09
MRI-102,MRI,Lakeview Medical Center,2019-07-01,2023-02-15,8.23
MRI-102,MRI,Lakeview Medical Center,2019-07-01,2023-02-16,8.26
MRI-102,MRI,Lakeview Medical Center,2019-07-01,2023-02-17,7.03
MRI-102,MRI,Lakeview Medical Center,2019-07-01,2023-02-18,4.56
MRI-102,MRI,Lakeview Medical Center,2019-07-01,2023-02-19,2.38
MRI-102,MRI,Lakeview Medical Center,2019-07-01,2023-02-20,8.73
MRI-102,MRI,Lakeview Medical Center,2019-07-01,2023-02-21,9.78
MRI-102,MRI,Lakeview Medical Center,2019-07-01,2023-02-22,8.69
MRI-102,MRI,Lakeview Medical Center,2019-07-01,2023-02-23,8.06
MRI-102,MRI,Lakeview Medical Center,2019-07-01,2023-02-24,8.84
MRI-102,MRI,Lakeview Medical Center,2019-07-01,2023-02-25,6.17
MRI-102,MRI,Lakeview Medical Center,2019-07-01,2023-02-26,2.33
MRI-102,MRI,Lakeview Medical Center,2019-07-01,2023-02-27,8.16
MRI-102,MRI,Lakeview Medical Center,2019-07-01,2023-02-28,9.33
MRI-102,MRI,Lakeview Medical Center,2019-07-01,2023-03-01,8.71
MRI-102,MRI,Lakeview Medical Center,2019-07-01,2023-03-02,9.41
MRI-102,MRI,Lakeview Medical Center,2019-07-01,2023-03-03,8.88
MRI-102,MRI,Lakeview Medical Center,2019-07-01,2023-03-04,5.89
MRI-102,MRI,Lakeview Medical Center,2019-07-01,2023-03-05,2.28
MRI-102,MRI,Lakeview Medical Center,2019-07-01,2023-03-06,8.88
MRI-102,MRI,Lakeview Medical Center,2019-07-01,2023-03-07,8.72
MRI-102,MRI,Lakeview Medical Center,2019-07-01,2023-03-08,7.91
MRI-102,MRI,Lakeview Medical Center,2019-07-01,2023-03-09,7.64
MRI-102,MRI,Lakeview Medical Center,2019-07-01,2023-03-10,9.44
MRI-102,MRI,Lakeview Medical Center,2019-07-01,2023-03-11,5.05
MRI-102,MRI,Lakeview Medical Center,2019-07-01,2023-03-12,2.29
MRI-102,MRI,Lakeview Medical Center,2019-07-01,2023-03-13,8.81
MRI-102,MRI,Lakeview Medical Center,2019-07-01,2023-03-14,9.79
MRI-102,MRI,Lakeview Medical Center,2019-07-01,2023-03-15,7.06
MRI-102,MRI,Lakeview Medical Center,2019-07-01,2023-03-16,7.69
MRI-102,MRI,Lakeview Medical Center,2019-07-01,2023-03-17,8.15
MRI-102,MRI,Lakeview Medical Center,2019-07-01,2023-03-18,6.5
MRI-102,MRI,Lakeview Medical Center,2019-07-01,2023-03-19,3.34
MRI-102,MRI,Lakeview Medical Center,2019-07-01,2023-03-20,9.5
MRI-102,MRI,Lakeview Medical Center,2019-07-01,2023-03-21,7.98
MRI-102,MRI,Lakeview Medical Center,2019-07-01,2023-03-22,7.99
MRI-102,MRI,Lakeview Medical Center,2019-07-01,2023-03-23,9.25
MRI-102,MRI,Lakeview Medical Center,2019-07-01,2023-03-24,8.93
MRI-102,MRI,Lakeview Medical Center,2019-07-01,2023-03-25,5.77
MRI-102,MRI,Lakeview Medical Center,2019-07-01,2023-03-26,2.96
MRI-102,MRI,Lakeview Medical Center,2019-07-01,2023-03-27,9.11
MRI-102,MRI,Lakeview Medical Center,2019-07-01,2023-03-28,9.01
MRI-102,MRI,Lakeview Medical Center,2019-07-01,2023-03-29,9.51
MRI-102,MRI,Lakeview Medical Center,2019-07-01,2023-03-30,9.53
MRI-102,MRI,Lakeview Medical Center,2019-07-01,2023-03-31,7.59
MRI-103,MRI,St. Anne's Hospital,2021-11-20,2022-04-01,7.16
MRI-103,MRI,St. Anne's Hospital,2021-11-20,2022-04-02,6.18
MRI-103,MRI,St. Anne's Hospital,2021-11-20,2022-04-03,4.09
MRI-103,MRI,St. Anne's Hospital,2021-11-20,2022-04-04,8.14
MRI-103,MRI,St. Anne's Hospital,2021-11-20,2022-04-05,7.47
MRI-103,MRI,St. Anne's Hospital,2021-11-20,2022-04-06,9.04
MRI-103,MRI,St. Anne's Hospital,2021-11-20,2022-04-07,9.7
MRI-103,MRI,St. Anne's Hospital,2021-11-20,2022-04-08,10.4
MRI-103,MRI,St. Anne's Hospital,2021-11-20,2022-04-09,5.79
MRI-103,MRI,St. Anne's Hospital,2021-11-20,2022-04-10,2.84
MRI-103,MRI,St. Anne's Hospital,2021-11-20,2022-04-11,8.24
MRI-103,MRI,St. Anne's Hospital,2021-11-20,2022-04-12,8.97
MRI-103,MRI,St. Anne's Hospital,2021-11-20,2022-04-13,8.72
MRI-103,MRI,St. Anne's Hospital,2021-11-20,2022-04-14,8.15
MRI-103,MRI,St. Anne's Hospital,2021-11-20,2022-04-15,10.6
MRI-103,MRI,St. Anne's Hospital,2021-11-20,2022-04-16,6.8
MRI-103,MRI,St. Anne's Hospital,2021-11-20,2022-04-17,4.04
MRI-103,MRI,St. Anne's Hospital,2021-11-20,2022-04-18,8.22
MRI-103,MRI,St. Anne's Hospital,2021-11-20,2022-04-19,9.64
MRI-103,MRI,St. Anne's Hospital,2021-11-20,2022-04-20,9.47
MRI-103,MRI,St. Anne's Hospital,2021-11-20,2022-04-21,9.31
MRI-103,MRI,St. Anne's Hospital,2021-11-20,2022-04-22,9.96
MRI-103,MRI,St. Anne's Hospital,2021-11-20,2022-04-23,5.88
MRI-103,MRI,St. Anne's Hospital,2021-11-20,2022-04-24,3.73
MRI-103,MRI,St. Anne's Hospital,2021-11-20,2022-04-25,9.47
MRI-103,MRI,St. Anne's Hospital,2021-11-20,2022-04-26,9.23
MRI-103,MRI,St. Anne's Hospital,2021-11-20,2022-04-27,7.53
MRI-103,MRI,St. Anne's Hospital,2021-11-20,2022-04-28,9.03
MRI-103,MRI,St. Anne's Hospital,2021-11-20,2022-04-29,8.51
MRI-103,MRI,St. Anne's Hospital,2021-11-20,2022-04-30,4.35
MRI-103,MRI,St. Anne's Hospital,2021-11-20,2022-05-01,4.48
MRI-103,MRI,St. Anne's Hospital,2021-11-20,2022-05-02,10.34
MRI-103,MRI,St. Anne's Hospital,2021-11-20,2022-05-03,10.05
MRI-103,MRI,St. Anne's Hospital,2021-11-20,2022-05-04,9.16
MRI-103,MRI,St. Anne's Hospital,2021-11-20,2022-05-05,10.04
MRI-103,MRI,St. Anne's Hospital,2021-11-20,2022-05-06,8.97
MRI-103,MRI,St. Anne's Hospital,2021-11-20,2022-05-07,5.54
MRI-103,MRI,St. Anne's Hospital,2021-11-20,2022-05-08,2.26
MRI-103,MRI,St. Anne's Hospital,2021-11-20,2022-05-09,9.28
MRI-103,MRI,St. Anne's Hospital,2021-11-20,2022-05-10,9.01
MRI-103,MRI,St. Anne's Hospital,2021-11-20,2022-05-11,7.92
MRI-103,MRI,St. Anne's Hospital,2021-11-20,2022-05-12,8.92
MRI-103,MRI,St. Anne's Hospital,2021-11-20,2022-05-13,8.9
MRI-103,MRI,St. Anne's Hospital,2021-11-20,2022-05-14,6.81
MRI-103,MRI,St. Anne's Hospital,2021-11-20,2022-05-15,3.85
MRI-103,MRI,St. Anne's Hospital,2021-11-20,2022-05-16,8.97
MRI-103,MRI,St. Anne's Hospital,2021-11-20,2022-05-17,9.16
MRI-103,MRI,St. Anne's Hospital,2021-11-20,2022-05-18,8.99
MRI-103,MRI,St. Anne's Hospital,2021-11-20,2022-05-19,8.8
MRI-103,MRI,St. Anne's Hospital,2021-11-20,2022-05-20,8.09
MRI-103,MRI,St. Anne's Hospital,2021-11-20,2022-05-21,5.25
MRI-103,MRI,St. Anne's Hospital,2021-11-20,2022-05-22,2.54
MRI-103,MRI,St. Anne's Hospital,2021-11-20,2022-05-23,7.96
MRI-103,MRI,St. Anne's Hospital,2021-11-20,2022-05-24,9.37
MRI-103,MRI,St. Anne's Hospital,2021-11-20,2022-05-25,9.27
MRI-103,MRI,St. Anne's Hospital,2021-11-20,2022-05-26,7.53
MRI-103,MRI,St. Anne's Hospital,2021-11-20,2022-05-27,8.86
MRI-103,MRI,St. Anne's Hospital,2021-11-20,2022-05-28,6.17
MRI-103,MRI,St. Anne's Hospital,2021-11-20,2022-05-29,3.98
MRI-103,MRI,St. Anne's Hospital,2021-11-20,2022-05-30,9.78
MRI-103,MRI,St. Anne's Hospital,2021-11-20,2022-05-31,8.99
MRI-103,MRI,St. Anne's Hospital,2021-11-20,2022-06-01,8.28
MRI-103,MRI,St. Anne's Hospital,2021-11-20,2022-06-02,8.09
MRI-103,MRI,St. Anne's Hospital,2021-11-20,2022-06-03,9.23
MRI-103,MRI,St. Anne's Hospital,2021-11-20,2022-06-04,5.68
MRI-103,MRI,St. Anne's Hospital,2021-11-20,2022-06-05,4.17
MRI-103,MRI,St. Anne's Hospital,2021-11-20,2022-06-06,9.84
MRI-103,MRI,St. Anne's Hospital,2021-11-20,2022-06-07,8.85
MRI-103,MRI,St. Anne's Hospital,2021-11-20,2022-06-08,7.96
MRI-103,MRI,St. Anne's Hospital,2021-11-20,2022-06-09,8.7
MRI-103,MRI,St. Anne's Hospital,2021-11-20,2022-06-10,9.13
MRI-103,MRI,St. Anne's Hospital,2021-11-20,2022-06-11,5.21
MRI-103,MRI,St. Anne's Hospital,2021-11-20,2022-06-12,2.67
MRI-103,MRI,St. Anne's Hospital,2021-11-20,2022-06-13,9.16
MRI-103,MRI,St. Anne's Hospital,2021-11-20,2022-06-14,8.56
MRI-103,MRI,St. Anne's Hospital,2021-11-20,2022-06-15,8.46
MRI-103,MRI,St. Anne's Hospital,2021-11-20,2022-06-16,9.21
MRI-103,MRI,St. Anne's Hospital,2021-11-20,2022-06-17,8.64
MRI-103,MRI,St. Anne's Hospital,2021-11-20,2022-06-18,5.57
MRI-103,MRI,St. Anne's Hospital,2021-11-20,2022-06-19,3.35
MRI-103,MRI,St. Anne's Hospital,2021-11-20,2022-06-20,8.05
MRI-103,MRI,St. Anne's Hospital,2021-11-20,2022-06-21,8.57
MRI-103,MRI,St. Anne's Hospital,2021-11-20,2022-06-22,10.11
MRI-103,MRI,St. Anne's Hospital,2021-11-20,2022-06-23,8.03
MRI-103,MRI,St. Anne's Hospital,2021-11-20,2022-06-24,7.27
MRI-103,MRI,St. Anne's Hospital,2021-11-20,2022-06-25,3.89
MRI-103,MRI,St. Anne's Hospital,2021-11-20,2022-06-26,3.16
MRI-103,MRI,St. Anne's Hospital,2021-11-20,2022-06-27,8.98
MRI-103,MRI,St. Anne's Hospital,2021-11-20,2022-06-28,8.87
MRI-103,MRI,St. Anne's Hospital,2021-11-20,2022-06-29,9.93
MRI-103,MRI,St. Anne's Hospital,2021-11-20,2022-06-30,6.82
MRI-103,MRI,St. Anne's Hospital,2021-11-20,2022-07-01,9.28
MRI-103,MRI,St. Anne's Hospital,2021-11-20,2022-07-02,6.62
MRI-103,MRI,St. Anne's Hospital,2021-11-20,2022-07-03,2.23
MRI-103,MRI,St. Anne's Hospital,2021-11-20,2022-07-04,8.66
MRI-103,MRI,St. Anne's Hospital,2021-11-20,2022-07-05,8.36
MRI-103,MRI,St. Anne's Hospital,2021-11-20,2022-07-06,8.24
MRI-103,MRI,St. Anne's Hospital,2021-11-20,2022-07-07,8.7
MRI-103,MRI,St. Anne's Hospital,2021-11-20,2022-07-08,10.1
MRI-103,MRI,St. Anne's Hospital,2021-11-20,2022-07-09,6.85
MRI-103,MRI,St. Anne's Hospital,2021-11-20,2022-07-10,2.87
MRI-103,MRI,St. Anne's Hospital,2021-11-20,2022-07-11,10.48
MRI-103,MRI,St. Anne's Hospital,2021-11-20,2022-07-12,8.99
MRI-103,MRI,St. Anne's Hospital,2021-11-20,2022-07-13,10.36
MRI-103,MRI,St. Anne's Hospital,2021-11-20,2022-07-14,8.88
MRI-103,MRI,St. Anne's Hospital,2021-11-20,2022-07-15,9.06
MRI-103,MRI,St. Anne's Hospital,2021-11-20,2022-07-16,5.67
MRI-103,MRI,St. Anne's Hospital,2021-11-20,2022-07-17,5.68
MRI-103,MRI,St. Anne's Hospital,2021-11-20,2022-07-18,9.64
MRI-103,MRI,St. Anne's Hospital,2021-11-20,2022-07-19,8.39
MRI-103,MRI,St. Anne's Hospital,2021-11-20,2022-07-20,9.73
MRI-103,MRI,St. Anne's Hospital,2021-11-20,2022-07-21,8.67
MRI-103,MRI,St. Anne's Hospital,2021-11-20,2022-07-22,8.57
MRI-103,MRI,St. Anne's Hospital,2021-11-20,2022-07-23,6.1
MRI-103,MRI,St. Anne's Hospital,2021-11-20,2022-07-24,3.16
MRI-103,MRI,St. Anne's Hospital,2021-11-20,2022-07-25,9.18
MRI-103,MRI,St. Anne's Hospital,2021-11-20,2022-07-26,8.97
MRI-103,MRI,St. Anne's Hospital,2021-11-20,2022-07-27,9.23
MRI-103,MRI,St. Anne's Hospital,2021-11-20,2022-07-28,9.3
MRI-103,MRI,St. Anne's Hospital,2021-11-20,2022-07-29,7.41
MRI-103,MRI,St. Anne's Hospital,2021-11-20,2022-07-30,5.91
MRI-103,MRI,St. Anne's Hospital,2021-11-20,2022-07-31,2.35
MRI-103,MRI,St. Anne's Hospital,2021-11-20,2022-08-01,7.81
MRI-103,MRI,St. Anne's Hospital,2021-11-20,2022-08-02,8.91
MRI-103,MRI,St. Anne's Hospital,2021-11-20,2022-08-03,9.03
MRI-103,MRI,St. Anne's Hospital,2021-11-20,2022-08-04,8.4
MRI-103,MRI,St. Anne's Hospital,2021-11-20,2022-08-05,9.62
MRI-103,MRI,St. Anne's Hospital,2021-11-20,2022-08-06,4.3
MRI-103,MRI,St. Anne's Hospital,2021-11-20,2022-08-07,2.81
MRI-103,MRI,St. Anne's Hospital,2021-11-20,2022-08-08,8.49
MRI-103,MRI,St. Anne's Hospital,2021-11-20,2022-08-09,8.92
MRI-103,MRI,St. Anne's Hospital,2021-11-20,2022-08-10,9.18
MRI-103,MRI,St. Anne's Hospital,2021-11-20,2022-08-11,8.15
MRI-103,MRI,St. Anne's Hospital,2021-11-20,2022-08-12,9.54
MRI-103,MRI,St. Anne's Hospital,2021-11-20,2022-08-13,5.43
MRI-103,MRI,St. Anne's Hospital,2021-11-20,2022-08-14,1.62
MRI-103,MRI,St. Anne's Hospital,2021-11-20,2022-08-15,7.39
MRI-103,MRI,St. Anne's Hospital,2021-11-20,2022-08-16,8.95
MRI-103,MRI,St. Anne's Hospital,2021-11-20,2022-08-17,8.78
MRI-103,MRI,St. Anne's Hospital,2021-11-20,2022-08-18,8.88
MRI-103,MRI,St. Anne's Hospital,2021-11-20,2022-08-19,8.94
MRI-103,MRI,St. Anne's Hospital,2021-11-20,2022-08-20,5.56
MRI-103,MRI,St. Anne's Hospital,2021-11-20,2022-08-21,3.89
MRI-103,MRI,St. Anne's Hospital,2021-11-20,2022-08-22,8.07
MRI-103,MRI,St. Anne's Hospital,2021-11-20,2022-08-23,8.02
MRI-103,MRI,St. Anne's Hospital,2021-11-20,2022-08-24,8.08
MRI-103,MRI,St. Anne's Hospital,2021-11-20,2022-08-25,9.19
MRI-103,MRI,St. Anne's Hospital,2021-11-20,2022-08-26,9.96
MRI-103,MRI,St. Anne's Hospital,2021-11-20,2022-08-27,5.03
MRI-103,MRI,St. Anne's Hospital,2021-11-20,2022-08-28,1.13
MRI-103,MRI,St. Anne's Hospital,2021-11-20,2022-08-29,7.6
MRI-103,MRI,St. Anne's Hospital,2021-11-20,2022-08-30,8.29
MRI-103,MRI,St. Anne's Hospital,2021-11-20,2022-08-31,8.51
MRI-103,MRI,St. Anne's Hospital,2021-11-20,2022-09-01,8.63
MRI-103,MRI,St. Anne's Hospital,2021-11-20,2022-09-02,8.99
MRI-103,MRI,St. Anne's Hospital,2021-11-20,2022-09-03,5.13
MRI-103,MRI,St. Anne's Hospital,2021-11-20,2022-09-04,3.98
MRI-103,MRI,St. Anne's Hospital,2021-11-20,2022-09-05,8.42
MRI-103,MRI,St. Anne's Hospital,2021-11-20,2022-09-06,8.27
MRI-103,MRI,St. Anne's Hospital,2021-11-20,2022-09-07,9.34
MRI-103,MRI,St. Anne's Hospital,2021-11-20,2022-09-08,7.73
MRI-103,MRI,St. Anne's Hospital,2021-11-20,2022-09-09,9.27
MRI-103,MRI,St. Anne's Hospital,2021-11-20,2022-09-10,5.46
MRI-103,MRI,St. Anne's Hospital,2021-11-20,2022-09-11,3.02
MRI-103,MRI,St. Anne's Hospital,2021-11-20,2022-09-12,10.23
MRI-103,MRI,St. Anne's Hospital,2021-11-20,2022-09-13,8.46
MRI-103,MRI,St. Anne's Hospital,2021-11-20,2022-09-14,10.61
MRI-103,MRI,St. Anne's Hospital,2021-11-20,2022-09-15,8.78
MRI-103,MRI,St. Anne's Hospital,2021-11-20,2022-09-16,7.94
MRI-103,MRI,St. Anne's Hospital,2021-11-20,2022-09-17,5.43
MRI-103,MRI,St. Anne's Hospital,2021-11-20,2022-09-18,2.27
MRI-103,MRI,St. Anne's Hospital,2021-11-20,2022-09-19,8.36
MRI-103,MRI,St. Anne's Hospital,2021-11-20,2022-09-20,9.28
MRI-103,MRI,St. Anne's Hospital,2021-11-20,2022-09-21,9.4
MRI-103,MRI,St. Anne's Hospital,2021-11-20,2022-09-22,8.46
MRI-103,MRI,St. Anne's Hospital,2021-11-20,2022-09-23,9.75
MRI-103,MRI,St. Anne's Hospital,2021-11-20,2022-09-24,6.3
MRI-103,MRI,St. Anne's Hospital,2021-11-20,2022-09-25,4.28
MRI-103,MRI,St. Anne's Hospital,2021-11-20,2022-09-26,9.38
MRI-103,MRI,St. Anne's Hospital,2021-11-20,2022-09-27,10.05
MRI-103,MRI,St. Anne's Hospital,2021-11-20,2022-09-28,7.45
MRI-103,MRI,St. Anne's Hospital,2021-11-20,2022-09-29,8.7
MRI-103,MRI,St. Anne's Hospital,2021-11-20,2022-09-30,8.27
MRI-103,MRI,St. Anne's Hospital,2021-11-20,2022-10-01,5.47
MRI-103,MRI,St. Anne's Hospital,2021-11-20,2022-10-02,2.68
MRI-103,MRI,St. Anne's Hospital,2021-11-20,2022-10-03,8.83
MRI-103,MRI,St. Anne's Hospital,2021-11-20,2022-10-04,10.46
MRI-103,MRI,St. Anne's Hospital,2021-11-20,2022-10-05,8.82
MRI-103,MRI,St. Anne's Hospital,2021-11-20,2022-10-06,9.29
MRI-103,MRI,St. Anne's Hospital,2021-11-20,2022-10-07,8.77
MRI-103,MRI,St. Anne's Hospital,2021-11-20,2022-10-08,5.44
MRI-103,MRI,St. Anne's Hospital,2021-11-20,2022-10-09,3.14
MRI-103,MRI,St. Anne's Hospital,2021-11-20,2022-10-10,9.32
MRI-103,MRI,St. Anne's Hospital,2021-11-20,2022-10-11,9.89
MRI-103,MRI,St. Anne's Hospital,2021-11-20,2022-10-12,10.28
MRI-103,MRI,St. Anne's Hospital,2021-11-20,2022-10-13,9.21
MRI-103,MRI,St. Anne's Hospital,2021-11-20,2022-10-14,9.43
MRI-103,MRI,St. Anne's Hospital,2021-11-20,2022-10-15,4.45
MRI-103,MRI,St. Anne's Hospital,2021-11-20,2022-10-16,3.07
MRI-103,MRI,St. Anne's Hospital,2021-11-20,2022-10-17,9.71
MRI-103,MRI,St. Anne's Hospital,2021-11-20,2022-10-18,9.65
MRI-103,MRI,St. Anne's Hospital,2021-11-20,2022-10-19,9.13
MRI-103,MRI,St. Anne's Hospital,2021-11-20,2022-10-20,9.67
MRI-103,MRI,St. Anne's Hospital,2021-11-20,2022-10-21,9.35
MRI-103,MRI,St. Anne's Hospital,2021-11-20,2022-10-22,6.34
MRI-103,MRI,St. Anne's Hospital,2021-11-20,2022-10-23,3.37
MRI-103,MRI,St. Anne's Hospital,2021-11-20,2022-10-24,8.67
MRI-103,MRI,St. Anne's Hospital,2021-11-20,2022-10-25,9.23
MRI-103,MRI,St. Anne's Hospital,2021-11-20,2022-10-26,6.61
MRI-103,MRI,St. Anne's Hospital,2021-11-20,2022-10-27,9.27
MRI-103,MRI,St. Anne's Hospital,2021-11-20,2022-10-28,6.04
MRI-103,MRI,St. Anne's Hospital,2021-11-20,2022-10-29,4.0
MRI-103,MRI,St. Anne's Hospital,2021-11-20,2022-10-30,8.57
MRI-103,MRI,St. Anne's Hospital,2021-11-20,2022-10-31,9.34
MRI-103,MRI,St. Anne's Hospital,2021-11-20,2022-11-01,8.03
MRI-103,MRI,St. Anne's Hospital,2021-11-20,2022-11-02,8.39
MRI-103,MRI,St. Anne's Hospital,2021-11-20,2022-11-03,10.06
MRI-103,MRI,St. Anne's Hospital,2021-11-20,2022-11-04,8.57
MRI-103,MRI,St. Anne's Hospital,2021-11-20,2022-11-05,7.17
MRI-103,MRI,St. Anne's Hospital,2021-11-20,2022-11-06,3.13
MRI-103,MRI,St. Anne's Hospital,2021-11-20,2022-11-07,9.29
MRI-103,MRI,St. Anne's Hospital,2021-11-20,2022-11-08,10.25
MRI-103,MRI,St. Anne's Hospital,2021-11-20,2022-11-09,9.06
MRI-103,MRI,St. Anne's Hospital,2021-11-20,2022-11-10,8.16
MRI-103,MRI,St. Anne's Hospital,2021-11-20,2022-11-11,8.87
MRI-103,MRI,St. Anne's Hospital,2021-11-20,2022-11-12,5.35
MRI-103,MRI,St. Anne's Hospital,2021-11-20,2022-11-13,2.04
MRI-103,MRI,St. Anne's Hospital,2021-11-20,2022-11-14,8.75
MRI-103,MRI,St. Anne's Hospital,2021-11-20,2022-11-15,8.37
MRI-103,MRI,St. Anne's Hospital,2021-11-20,2022-11-16,9.7
MRI-103,MRI,St. Anne's Hospital,2021-11-20,2022-11-17,8.99
MRI-103,MRI,St. Anne's Hospital,2021-11-20,2022-11-18,8.73
MRI-103,MRI,St. Anne's Hospital,2021-11-20,2022-11-19,5.29
MRI-103,MRI,St. Anne's Hospital,2021-11-20,2022-11-20,3.31
MRI-103,MRI,St. Anne's Hospital,2021-11-20,2022-11-21,9.45
MRI-103,MRI,St. Anne's Hospital,2021-11-20,2022-11-22,8.16
MRI-103,MRI,St. Anne's Hospital,2021-11-20,2022-11-23,8.13
MRI-103,MRI,St. Anne's Hospital,2021-11-20,2022-11-24,9.84
MRI-103,MRI,St. Anne's Hospital,2021-11-20,2022-11-25,8.63
MRI-103,MRI,St. Anne's Hospital,2021-11-20,2022-11-26,4.24
MRI-103,MRI,St. Anne's Hospital,2021-11-20,2022-11-27,3.49
MRI-103,MRI,St. Anne's Hospital,2021-11-20,2022-11-28,9.33
MRI-103,MRI,St. Anne's Hospital,2021-11-20,2022-11-29,7.73
MRI-103,MRI,St. Anne's Hospital,2021-11-20,2022-11-30,9.14
MRI-103,MRI,St. Anne's Hospital,2021-11-20,2022-12-01,9.55
MRI-103,MRI,St. Anne's Hospital,2021-11-20,2022-12-02,9.26
MRI-103,MRI,St. Anne's Hospital,2021-11-20,2022-12-03,5.88
MRI-103,MRI,St. Anne's Hospital,2021-11-20,2022-12-04,2.01
MRI-103,MRI,St. Anne's Hospital,2021-11-20,2022-12-05,9.22
MRI-103,MRI,St. Anne's Hospital,2021-11-20,2022-12-06,8.72
MRI-103,MRI,St. Anne's Hospital,2021-11-20,2022-12-07,8.57
MRI-103,MRI,St. Anne's Hospital,2021-11-20,2022-12-08,9.66
MRI-103,MRI,St. Anne's Hospital,2021-11-20,2022-12-09,10.14
MRI-103,MRI,St. Anne's Hospital,2021-11-20,2022-12-10,6.81
MRI-103,MRI,St. Anne's Hospital,2021-11-20,2022-12-11,4.19
MRI-103,MRI,St. Anne's Hospital,2021-11-20,2022-12-12,8.87
MRI-103,MRI,St. Anne's Hospital,2021-11-20,2022-12-13,9.24
MRI-103,MRI,St. Anne's Hospital,2021-11-20,2022-12-14,9.57
MRI-103,MRI,St. Anne's Hospital,2021-11-20,2022-12-15,9.06
MRI-103,MRI,St. Anne's Hospital,2021-11-20,2022-12-16,9.06
MRI-103,MRI,St. Anne's Hospital,2021-11-20,2022-12-17,6.03
MRI-103,MRI,St. Anne's Hospital,2021-11-20,2022-12-18,3.09
MRI-103,MRI,St. Anne's Hospital,2021-11-20,2022-12-19,8.38
MRI-103,MRI,St. Anne's Hospital,2021-11-20,2022-12-20,8.63
MRI-103,MRI,St. Anne's Hospital,2021-11-20,2022-12-21,9.47
MRI-103,MRI,St. Anne's Hospital,2021-11-20,2022-12-22,8.96
MRI-103,MRI,St. Anne's Hospital,2021-11-20,2022-12-23,9.23
MRI-103,MRI,St. Anne's Hospital,2021-11-20,2022-12-24,5.91
MRI-103,MRI,St. Anne's Hospital,2021-11-20,2022-12-25,2.84
MRI-103,MRI,St. Anne's Hospital,2021-11-20,2022-12-26,9.56
MRI-103,MRI,St. Anne's Hospital,2021-11-20,2022-12-27,9.26
MRI-103,MRI,St. Anne's Hospital,2021-11-20,2022-12-28,7.97
MRI-103,MRI,St. Anne's Hospital,2021-11-20,2022-12-29,10.11
MRI-103,MRI,St. Anne's Hospital,2021-11-20,2022-12-30,8.56
MRI-103,MRI,St. Anne's Hospital,2021-11-20,2022-12-31,4.05
MRI-103,MRI,St. Anne's Hospital,2021-11-20,2023-01-01,2.3
MRI-103,MRI,St. Anne's Hospital,2021-11-20,2023-01-02,8.14
MRI-103,MRI,St. Anne's Hospital,2021-11-20,2023-01-03,9.0
MRI-103,MRI,St. Anne's Hospital,2021-11-20,2023-01-04,8.74
MRI-103,MRI,St. Anne's Hospital,2021-11-20,2023-01-05,8.69
MRI-103,MRI,St. Anne's Hospital,2021-11-20,2023-01-06,9.45
MRI-103,MRI,St. Anne's Hospital,2021-11-20,2023-01-07,5.65
MRI-103,MRI,St. Anne's Hospital,2021-11-20,2023-01-08,3.39
MRI-103,MRI,St. Anne's Hospital,2021-11-20,2023-01-09,9.29
MRI-103,MRI,St. Anne's Hospital,2021-11-20,2023-01-10,9.45
MRI-103,MRI,St. Anne's Hospital,2021-11-20,2023-01-11,7.27
MRI-103,MRI,St. Anne's Hospital,2021-11-20,2023-01-12,8.67
MRI-103,MRI,St. Anne's Hospital,2021-11-20,2023-01-13,7.22
MRI-103,MRI,St. Anne's Hospital,2021-11-20,2023-01-14,5.4
MRI-103,MRI,St. Anne's Hospital,2021-11-20,2023-01-15,3.13
MRI-103,MRI,St. Anne's Hospital,2021-11-20,2023-01-16,9.8
MRI-103,MRI,St. Anne's Hospital,2021-11-20,2023-01-17,9.91
MRI-103,MRI,St. Anne's Hospital,2021-11-20,2023-01-18,9.12
MRI-103,MRI,St. Anne's Hospital,2021-11-20,2023-01-19,8.56
MRI-103,MRI,St. Anne's Hospital,2021-11-20,2023-01-20,9.35
MRI-103,MRI,St. Anne's Hospital,2021-11-20,2023-01-21,4.95
MRI-103,MRI,St. Anne's Hospital,2021-11-20,2023-01-22,3.13
MRI-103,MRI,St. Anne's Hospital,2021-11-20,2023-01-23,9.75
MRI-103,MRI,St. Anne's Hospital,2021-11-20,2023-01-24,8.51
MRI-103,MRI,St. Anne's Hospital,2021-11-20,2023-01-25,9.6
MRI-103,MRI,St. Anne's Hospital,2021-11-20,2023-01-26,9.5
MRI-103,MRI,St. Anne's Hospital,2021-11-20,2023-01-27,8.2
MRI-103,MRI,St. Anne's Hospital,2021-11-20,2023-01-28,6.15
MRI-103,MRI,St. Anne's Hospital,2021-11-20,2023-01-29,3.69
MRI-103,MRI,St. Anne's Hospital,2021-11-20,2023-01-30,9.04
MRI-103,MRI,St. Anne's Hospital,2021-11-20,2023-01-31,8.35
MRI-103,MRI,St. Anne's Hospital,2021-11-20,2023-02-01,8.27
MRI-103,MRI,St. Anne's Hospital,2021-11-20,2023-02-02,8.53
MRI-103,MRI,St. Anne's Hospital,2021-11-20,2023-02-03,9.39
MRI-103,MRI,St. Anne's Hospital,2021-11-20,2023-02-04,4.61
MRI-103,MRI,St. Anne's Hospital,2021-11-20,2023-02-05,3.49
MRI-103,MRI,St. Anne's Hospital,2021-11-20,2023-02-06,7.97
MRI-103,MRI,St. Anne's Hospital,2021-11-20,2023-02-07,8.8
MRI-103,MRI,St. Anne's Hospital,2021-11-20,2023-02-08,9.05
MRI-103,MRI,St. Anne's Hospital,2021-11-20,2023-02-09,10.92
MRI-103,MRI,St. Anne's Hospital,2021-11-20,2023-02-10,7.86
MRI-103,MRI,St. Anne's Hospital,2021-11-20,2023-02-11,6.55
MRI-103,MRI,St. Anne's Hospital,2021-11-20,2023-02-12,3.26
MRI-103,MRI,St. Anne's Hospital,2021-11-20,2023-02-13,9.29
MRI-103,MRI,St. Anne's Hospital,2021-11-20,2023-02-14,9.05
MRI-103,MRI,St. Anne's Hospital,2021-11-20,2023-02-15,9.31
MRI-103,MRI,St. Anne's Hospital,2021-11-20,2023-02-16,8.84
MRI-103,MRI,St. Anne's Hospital,2021-11-20,2023-02-17,10.12
MRI-103,MRI,St. Anne's Hospital,2021-11-20,2023-02-18,5.01
MRI-103,MRI,St. Anne's Hospital,2021-11-20,2023-02-19,4.04
MRI-103,MRI,St. Anne's Hospital,2021-11-20,2023-02-20,8.44
MRI-103,MRI,St. Anne's Hospital,2021-11-20,2023-02-21,8.91
MRI-103,MRI,St. Anne's Hospital,2021-11-20,2023-02-22,8.1
MRI-103,MRI,St. Anne's Hospital,2021-11-20,2023-02-23,9.32
MRI-103,MRI,St. Anne's Hospital,2021-11-20,2023-02-24,10.12
MRI-103,MRI,St. Anne's Hospital,2021-11-20,2023-02-25,5.31
MRI-103,MRI,St. Anne's Hospital,2021-11-20,2023-02-26,2.98
MRI-103,MRI,St. Anne's Hospital,2021-11-20,2023-02-27,8.57
MRI-103,MRI,St. Anne's Hospital,2021-11-20,2023-02-28,8.78
MRI-103,MRI,St. Anne's Hospital,2021-11-20,2023-03-01,7.68
MRI-103,MRI,St. Anne's Hospital,2021-11-20,2023-03-02,8.23
MRI-103,MRI,St. Anne's Hospital,2021-11-20,2023-03-03,9.14
MRI-103,MRI,St. Anne's Hospital,2021-11-20,2023-03-04,6.43
MRI-103,MRI,St. Anne's Hospital,2021-11-20,2023-03-05,5.38
MRI-103,MRI,St. Anne's Hospital,2021-11-20,2023-03-06,8.49
MRI-103,MRI,St. Anne's Hospital,2021-11-20,2023-03-07,10.11
MRI-103,MRI,St. Anne's Hospital,2021-11-20,2023-03-08,9.15
MRI-103,MRI,St. Anne's Hospital,2021-11-20,2023-03-09,8.84
MRI-103,MRI,St. Anne's Hospital,2021-11-20,2023-03-10,9.31
MRI-103,MRI,St. Anne's Hospital,2021-11-20,2023-03-11,5.43
MRI-103,MRI,St. Anne's Hospital,2021-11-20,2023-03-12,3.22
MRI-103,MRI,St. Anne's Hospital,2021-11-20,2023-03-13,8.63
MRI-103,MRI,St. Anne's Hospital,2021-11-20,2023-03-14,7.84
MRI-103,MRI,St. Anne's Hospital,2021-11-20,2023-03-15,7.72
MRI-103,MRI,St. Anne's Hospital,2021-11-20,2023-03-16,8.57
MRI-103,MRI,St. Anne's Hospital,2021-11-20,2023-03-17,8.74
MRI-103,MRI,St. Anne's Hospital,2021-11-20,2023-03-18,4.9
MRI-103,MRI,St. Anne's Hospital,2021-11-20,2023-03-19,3.14
MRI-103,MRI,St. Anne's Hospital,2021-11-20,2023-03-20,9.6
MRI-103,MRI,St. Anne's Hospital,2021-11-20,2023-03-21,9.1
MRI-103,MRI,St. Anne's Hospital,2021-11-20,2023-03-22,8.43
MRI-103,MRI,St. Anne's Hospital,2021-11-20,2023-03-23,9.94
MRI-103,MRI,St. Anne's Hospital,2021-11-20,2023-03-24,10.22
MRI-103,MRI,St. Anne's Hospital,2021-11-20,2023-03-25,5.77
MRI-103,MRI,St. Anne's Hospital,2021-11-20,2023-03-26,3.91
MRI-103,MRI,St. Anne's Hospital,2021-11-20,2023-03-27,9.95
MRI-103,MRI,St. Anne's Hospital,2021-11-20,2023-03-28,9.86
MRI-103,MRI,St. Anne's Hospital,2021-11-20,2023-03-29,9.45
MRI-103,MRI,St. Anne's Hospital,2021-11-20,2023-03-30,9.44
MRI-103,MRI,St. Anne's Hospital,2021-11-20,2023-03-31,9.37
CT-201,CT,Riverside General,2015-09-05,2022-04-01,9.79
CT-201,CT,Riverside General,2015-09-05,2022-04-02,7.09
CT-201,CT,Riverside General,2015-09-05,2022-04-03,2.55
CT-201,CT,Riverside General,2015-09-05,2022-04-04,10.06
CT-201,CT,Riverside General,2015-09-05,2022-04-05,11.95
CT-201,CT,Riverside General,2015-09-05,2022-04-06,11.53
CT-201,CT,Riverside General,2015-09-05,2022-04-07,12.11
CT-201,CT,Riverside General,2015-09-05,2022-04-08,10.53
CT-201,CT,Riverside General,2015-09-05,2022-04-09,5.43
CT-201,CT,Riverside General,2015-09-05,2022-04-10,3.55
CT-201,CT,Riverside General,2015-09-05,2022-04-11,10.86
CT-201,CT,Riverside General,2015-09-05,2022-04-12,10.84
CT-201,CT,Riverside General,2015-09-05,2022-04-13,11.79
CT-201,CT,Riverside General,2015-09-05,2022-04-14,10.45
CT-201,CT,Riverside General,2015-09-05,2022-04-15,11.09
CT-201,CT,Riverside General,2015-09-05,2022-04-16,5.57
CT-201,CT,Riverside General,2015-09-05,2022-04-17,4.18
CT-201,CT,Riverside General,2015-09-05,2022-04-18,10.78
CT-201,CT,Riverside General,2015-09-05,2022-04-19,10.1
CT-201,CT,Riverside General,2015-09-05,2022-04-20,10.56
CT-201,CT,Riverside General,2015-09-05,2022-04-21,10.61
CT-201,CT,Riverside General,2015-09-05,2022-04-22,10.53
CT-201,CT,Riverside General,2015-09-05,2022-04-23,8.06
CT-201,CT,Riverside General,2015-09-05,2022-04-24,3.68
CT-201,CT,Riverside General,2015-09-05,2022-04-25,10.55
CT-201,CT,Riverside General,2015-09-05,2022-04-26,8.89
CT-201,CT,Riverside General,2015-09-05,2022-04-27,9.97
CT-201,CT,Riverside General,2015-09-05,2022-04-28,10.54
CT-201,CT,Riverside General,2015-09-05,2022-04-29,10.16
CT-201,CT,Riverside General,2015-09-05,2022-04-30,7.71
CT-201,CT,Riverside General,2015-09-05,2022-05-01,3.62
CT-201,CT,Riverside General,2015-09-05,2022-05-02,11.93
CT-201,CT,Riverside General,2015-09-05,2022-05-03,10.83
CT-201,CT,Riverside General,2015-09-05,2022-05-04,10.81
CT-201,CT,Riverside General,2015-09-05,2022-05-05,10.27
CT-201,CT,Riverside General,2015-09-05,2022-05-06,10.78
CT-201,CT,Riverside General,2015-09-05,2022-05-07,8.01
CT-201,CT,Riverside General,2015-09-05,2022-05-08,1.68
CT-201,CT,Riverside General,2015-09-05,2022-05-09,8.97
CT-201,CT,Riverside General,2015-09-05,2022-05-10,10.28
CT-201,CT,Riverside General,2015-09-05,2022-05-11,10.79
CT-201,CT,Riverside General,2015-09-05,2022-05-12,11.39
CT-201,CT,Riverside General,2015-09-05,2022-05-13,11.2
CT-201,CT,Riverside General,2015-09-05,2022-05-14,6.12
CT-201,CT,Riverside General,2015-09-05,2022-05-15,4.69
CT-201,CT,Riverside General,2015-09-05,2022-05-16,11.7
CT-201,CT,Riverside General,2015-09-05,2022-05-17,10.94
CT-201,CT,Riverside General,2015-09-05,2022-05-18,11.64
CT-201,CT,Riverside General,2015-09-05,2022-05-19,11.02
CT-201,CT,Riverside General,2015-09-05,2022-05-20,10.27
CT-201,CT,Riverside General,2015-09-05,2022-05-21,7.09
CT-201,CT,Riverside General,2015-09-05,2022-05-22,3.87
CT-201,CT,Riverside General,2015-09-05,2022-05-23,10.77
CT-201,CT,Riverside General,2015-09-05,2022-05-24,12.1
CT-201,CT,Riverside General,2015-09-05,2022-05-25,8.57
CT-201,CT,Riverside General,2015-09-05,2022-05-26,9.5
CT-201,CT,Riverside General,2015-09-05,2022-05-27,9.7
CT-201,CT,Riverside General,2015-09-05,2022-05-28,6.14
CT-201,CT,Riverside General,2015-09-05,2022-05-29,3.54
CT-201,CT,Riverside General,2015-09-05,2022-05-30,9.42
CT-201,CT,Riverside General,2015-09-05,2022-05-31,9.89
CT-201,CT,Riverside General,2015-09-05,2022-06-01,10.0
CT-201,CT,Riverside General,2015-09-05,2022-06-02,12.98
CT-201,CT,Riverside General,2015-09-05,2022-06-03,12.39
CT-201,CT,Riverside General,2015-09-05,2022-06-04,6.09
CT-201,CT,Riverside General,2015-09-05,2022-06-05,3.44
CT-201,CT,Riverside General,2015-09-05,2022-06-06,9.74
CT-201,CT,Riverside General,2015-09-05,2022-06-07,9.06
CT-201,CT,Riverside General,2015-09-05,2022-06-08,10.67
CT-201,CT,Riverside General,2015-09-05,2022-06-09,9.87
CT-201,CT,Riverside General,2015-09-05,2022-06-10,10.7
CT-201,CT,Riverside General,2015-09-05,2022-06-11,5.02
CT-201,CT,Riverside General,2015-09-05,2022-06-12,3.08
CT-201,CT,Riverside General,2015-09-05,2022-06-13,10.91
CT-201,CT,Riverside General,2015-09-05,2022-06-14,11.1
CT-201,CT,Riverside General,2015-09-05,2022-06-15,11.15
CT-201,CT,Riverside General,2015-09-05,2022-06-16,9.58
CT-201,CT,Riverside General,2015-09-05,2022-06-17,11.54
CT-201,CT,Riverside General,2015-09-05,2022-06-18,5.74
CT-201,CT,Riverside General,2015-09-05,2022-06-19,4.34
CT-201,CT,Riverside General,2015-09-05,2022-06-20,10.76
CT-201,CT,Riverside General,2015-09-05,2022-06-21,9.53
CT-201,CT,Riverside General,2015-09-05,2022-06-22,10.49
CT-201,CT,Riverside General,2015-09-05,2022-06-23,11.1
CT-201,CT,Riverside General,2015-09-05,2022-06-24,11.32
CT-201,CT,Riverside General,2015-09-05,2022-06-25,6.34
CT-201,CT,Riverside General,2015-09-05,2022-06-26,5.15
CT-201,CT,Riverside General,2015-09-05,2022-06-27,11.68
CT-201,CT,Riverside General,2015-09-05,2022-06-28,10.54
CT-201,CT,Riverside General,2015-09-05,2022-06-29,11.45
CT-201,CT,Riverside General,2015-09-05,2022-06-30,12.51
CT-201,CT,Riverside General,2015-09-05,2022-07-01,12.54
CT-201,CT,Riverside General,2015-09-05,2022-07-02,5.36
CT-201,CT,Riverside General,2015-09-05,2022-07-03,2.94
CT-201,CT,Riverside General,2015-09-05,2022-07-04,12.11
CT-201,CT,Riverside General,2015-09-05,2022-07-05,9.82
CT-201,CT,Riverside General,2015-09-05,2022-07-06,9.58
CT-201,CT,Riverside General,2015-09-05,2022-07-07,10.34
CT-201,CT,Riverside General,2015-09-05,2022-07-08,11.15
CT-201,CT,Riverside General,2015-09-05,2022-07-09,6.37
CT-201,CT,Riverside General,2015-09-05,2022-07-10,3.19
CT-201,CT,Riverside General,2015-09-05,2022-07-11,10.17
CT-201,CT,Riverside General,2015-09-05,2022-07-12,10.13
CT-201,CT,Riverside General,2015-09-05,2022-07-13,9.98
CT-201,CT,Riverside General,2015-09-05,2022-07-14,12.83
CT-201,CT,Riverside General,2015-09-05,2022-07-15,11.04
CT-201,CT,Riverside General,2015-09-05,2022-07-16,7.26
CT-201,CT,Riverside General,2015-09-05,2022-07-17,3.33
CT-201,CT,Riverside General,2015-09-05,2022-07-18,10.61
CT-201,CT,Riverside General,2015-09-05,2022-07-19,10.13
CT-201,CT,Riverside General,2015-09-05,2022-07-20,8.39
CT-201,CT,Riverside General,2015-09-05,2022-07-21,9.53
CT-201,CT,Riverside General,2015-09-05,2022-07-22,9.14
CT-201,CT,Riverside General,2015-09-05,2022-07-23,4.44
CT-201,CT,Riverside General,2015-09-05,2022-07-24,2.69
CT-201,CT,Riverside General,2015-09-05,2022-07-25,11.97
CT-201,CT,Riverside General,2015-09-05,2022-07-26,10.73
CT-201,CT,Riverside General,2015-09-05,2022-07-27,11.93
CT-201,CT,Riverside General,2015-09-05,2022-07-28,11.14
CT-201,CT,Riverside General,2015-09-05,2022-07-29,11.48
CT-201,CT,Riverside General,2015-09-05,2022-07-30,5.65
CT-201,CT,Riverside General,2015-09-05,2022-07-31,4.24
CT-201,CT,Riverside General,2015-09-05,2022-08-01,11.43
CT-201,CT,Riverside General,2015-09-05,2022-08-02,10.25
CT-201,CT,Riverside General,2015-09-05,2022-08-03,11.28
CT-201,CT,Riverside General,2015-09-05,2022-08-04,11.28
CT-201,CT,Riverside General,2015-09-05,2022-08-05,10.28
CT-201,CT,Riverside General,2015-09-05,2022-08-06,5.45
CT-201,CT,Riverside General,2015-09-05,2022-08-07,2.7
CT-201,CT,Riverside General,2015-09-05,2022-08-08,10.85
CT-201,CT,Riverside General,2015-09-05,2022-08-09,11.07
CT-201,CT,Riverside General,2015-09-05,2022-08-10,10.06
CT-201,CT,Riverside General,2015-09-05,2022-08-11,10.8
CT-201,CT,Riverside General,2015-09-05,2022-08-12,11.29
CT-201,CT,Riverside General,2015-09-05,2022-08-13,7.02
CT-201,CT,Riverside General,2015-09-05,2022-08-14,5.17
CT-201,CT,Riverside General,2015-09-05,2022-08-15,11.92
CT-201,CT,Riverside General,2015-09-05,2022-08-16,9.87
CT-201,CT,Riverside General,2015-09-05,2022-08-17,12.29
CT-201,CT,Riverside General,2015-09-05,2022-08-18,10.3
CT-201,CT,Riverside General,2015-09-05,2022-08-19,11.71
CT-201,CT,Riverside General,2015-09-05,2022-08-20,6.52
CT-201,CT,Riverside General,2015-09-05,2022-08-21,3.4
CT-201,CT,Riverside General,2015-09-05,2022-08-22,9.15
CT-201,CT,Riverside General,2015-09-05,2022-08-23,10.62
CT-201,CT,Riverside General,2015-09-05,2022-08-24,9.37
CT-201,CT,Riverside General,2015-09-05,2022-08-25,11.64
CT-201,CT,Riverside General,2015-09-05,2022-08-26,12.14
CT-201,CT,Riverside General,2015-09-05,2022-08-27,5.75
CT-201,CT,Riverside General,2015-09-05,2022-08-28,4.04
CT-201,CT,Riverside General,2015-09-05,2022-08-29,10.12
CT-201,CT,Riverside General,2015-09-05,2022-08-30,10.21
CT-201,CT,Riverside General,2015-09-05,2022-08-31,11.47
CT-201,CT,Riverside General,2015-09-05,2022-09-01,10.74
CT-201,CT,Riverside General,2015-09-05,2022-09-02,12.34
CT-201,CT,Riverside General,2015-09-05,2022-09-03,6.03
CT-201,CT,Riverside General,2015-09-05,2022-09-04,4.67
CT-201,CT,Riverside General,2015-09-05,2022-09-05,10.86
CT-201,CT,Riverside General,2015-09-05,2022-09-06,11.49
CT-201,CT,Riverside General,2015-09-05,2022-09-07,10.37
CT-201,CT,Riverside General,2015-09-05,2022-09-08,10.73
CT-201,CT,Riverside General,2015-09-05,2022-09-09,10.67
CT-201,CT,Riverside General,2015-09-05,2022-09-10,5.71
CT-201,CT,Riverside General,2015-09-05,2022-09-11,4.37
CT-201,CT,Riverside General,2015-09-05,2022-09-12,11.36
CT-201,CT,Riverside General,2015-09-05,2022-09-13,11.31
CT-201,CT,Riverside General,2015-09-05,2022-09-14,12.16
CT-201,CT,Riverside General,2015-09-05,2022-09-15,12.08
CT-201,CT,Riverside General,2015-09-05,2022-09-16,10.44
CT-201,CT,Riverside General,2015-09-05,2022-09-17,6.8
CT-201,CT,Riverside General,2015-09-05,2022-09-18,3.21
CT-201,CT,Riverside General,2015-09-05,2022-09-19,10.79
CT-201,CT,Riverside General,2015-09-05,2022-09-20,10.23
CT-201,CT,Riverside General,2015-09-05,2022-09-21,12.23
CT-201,CT,Riverside General,2015-09-05,2022-09-22,11.1
CT-201,CT,Riverside General,2015-09-05,2022-09-23,10.58
CT-201,CT,Riverside General,2015-09-05,2022-09-24,7.54
CT-201,CT,Riverside General,2015-09-05,2022-09-25,1.82
CT-201,CT,Riverside General,2015-09-05,2022-09-26,8.96
CT-201,CT,Riverside General,2015-09-05,2022-09-27,11.49
CT-201,CT,Riverside General,2015-09-05,2022-09-28,10.83
CT-201,CT,Riverside General,2015-09-05,2022-09-29,11.0
CT-201,CT,Riverside General,2015-09-05,2022-09-30,9.58
CT-201,CT,Riverside General,2015-09-05,2022-10-01,6.44
CT-201,CT,Riverside General,2015-09-05,2022-10-02,5.57
CT-201,CT,Riverside General,2015-09-05,2022-10-03,11.51
CT-201,CT,Riverside General,2015-09-05,2022-10-04,10.93
CT-201,CT,Riverside General,2015-09-05,2022-10-05,10.38
CT-201,CT,Riverside General,2015-09-05,2022-10-06,10.42
CT-201,CT,Riverside General,2015-09-05,2022-10-07,8.86
CT-201,CT,Riverside General,2015-09-05,2022-10-08,6.7
CT-201,CT,Riverside General,2015-09-05,2022-10-09,4.53
CT-201,CT,Riverside General,2015-09-05,2022-10-10,9.35
CT-201,CT,Riverside General,2015-09-05,2022-10-11,10.18
CT-201,CT,Riverside General,2015-09-05,2022-10-12,9.73
CT-201,CT,Riverside General,2015-09-05,2022-10-13,9.9
CT-201,CT,Riverside General,2015-09-05,2022-10-14,10.82
CT-201,CT,Riverside General,2015-09-05,2022-10-15,4.59
CT-201,CT,Riverside General,2015-09-05,2022-10-16,4.32
CT-201,CT,Riverside General,2015-09-05,2022-10-17,11.45
CT-201,CT,Riverside General,2015-09-05,2022-10-18,10.55
CT-201,CT,Riverside General,2015-09-05,2022-10-19,8.54
CT-201,CT,Riverside General,2015-09-05,2022-10-20,9.88
CT-201,CT,Riverside General,2015-09-05,2022-10-21,11.88
CT-201,CT,Riverside General,2015-09-05,2022-10-22,3.96
CT-201,CT,Riverside General,2015-09-05,2022-10-23,3.46
CT-201,CT,Riverside General,2015-09-05,2022-10-24,9.71
CT-201,CT,Riverside General,2015-09-05,2022-10-25,11.5
CT-201,CT,Riverside General,2015-09-05,2022-10-26,10.17
CT-201,CT,Riverside General,2015-09-05,2022-10-27,11.14
CT-201,CT,Riverside General,2015-09-05,2022-10-28,11.28
CT-201,CT,Riverside General,2015-09-05,2022-10-29,8.12
CT-201,CT,Riverside General,2015-09-05,2022-10-30,3.59
CT-201,CT,Riverside General,2015-09-05,2022-10-31,11.11
CT-201,CT,Riverside General,2015-09-05,2022-11-01,9.44
CT-201,CT,Riverside General,2015-09-05,2022-11-02,11.84
CT-201,CT,Riverside General,2015-09-05,2022-11-03,10.09
CT-201,CT,Riverside General,2015-09-05,2022-11-04,10.27
CT-201,CT,Riverside General,2015-09-05,2022-11-05,6.44
CT-201,CT,Riverside General,2015-09-05,2022-11-06,2.36
CT-201,CT,Riverside General,2015-09-05,2022-11-07,10.98
CT-201,CT,Riverside General,2015-09-05,2022-11-08,11.64
CT-201,CT,Riverside General,2015-09-05,2022-11-09,11.04
CT-201,CT,Riverside General,2015-09-05,2022-11-10,9.34
CT-201,CT,Riverside General,2015-09-05,2022-11-11,10.66
CT-201,CT,Riverside General,2015-09-05,2022-11-12,7.13
CT-201,CT,Riverside General,2015-09-05,2022-11-13,2.08
CT-201,CT,Riverside General,2015-09-05,2022-11-14,9.81
CT-201,CT,Riverside General,2015-09-05,2022-11-15,11.56
CT-201,CT,Riverside General,2015-09-05,2022-11-16,11.02
CT-201,CT,Riverside General,2015-09-05,2022-11-17,11.14
CT-201,CT,Riverside General,2015-09-05,2022-11-18,12.45
CT-201,CT,Riverside General,2015-09-05,2022-11-19,6.89
CT-201,CT,Riverside General,2015-09-05,2022-11-20,4.36
CT-201,CT,Riverside General,2015-09-05,2022-11-21,13.21
CT-201,CT,Riverside General,2015-09-05,2022-11-22,10.58
CT-201,CT,Riverside General,2015-09-05,2022-11-23,10.05
CT-201,CT,Riverside General,2015-09-05,2022-11-24,11.16
CT-201,CT,Riverside General,2015-09-05,2022-11-25,11.17
CT-201,CT,Riverside General,2015-09-05,2022-11-26,5.99
CT-201,CT,Riverside General,2015-09-05,2022-11-27,2.84
CT-201,CT,Riverside General,2015-09-05,2022-11-28,12.85
CT-201,CT,Riverside General,2015-09-05,2022-11-29,11.07
CT-201,CT,Riverside General,2015-09-05,2022-11-30,10.11
CT-201,CT,Riverside General,2015-09-05,2022-12-01,11.6
CT-201,CT,Riverside General,2015-09-05,2022-12-02,10.67
CT-201,CT,Riverside General,2015-09-05,2022-12-03,6.24
CT-201,CT,Riverside General,2015-09-05,2022-12-04,4.28
CT-201,CT,Riverside General,2015-09-05,2022-12-05,9.61
CT-201,CT,Riverside General,2015-09-05,2022-12-06,11.09
CT-201,CT,Riverside General,2015-09-05,2022-12-07,12.49
CT-201,CT,Riverside General,2015-09-05,2022-12-08,11.19
CT-201,CT,Riverside General,2015-09-05,2022-12-09,10.43
CT-201,CT,Riverside General,2015-09-05,2022-12-10,6.01
CT-201,CT,Riverside General,2015-09-05,2022-12-11,3.4
CT-201,CT,Riverside General,2015-09-05,2022-12-12,10.54
CT-201,CT,Riverside General,2015-09-05,2022-12-13,10.43
CT-201,CT,Riverside General,2015-09-05,2022-12-14,11.6
CT-201,CT,Riverside General,2015-09-05,2022-12-15,9.21
CT-201,CT,Riverside General,2015-09-05,2022-12-16,11.55
CT-201,CT,Riverside General,2015-09-05,2022-12-17,6.12
CT-201,CT,Riverside General,2015-09-05,2022-12-18,4.11
CT-201,CT,Riverside General,2015-09-05,2022-12-19,9.76
CT-201,CT,Riverside General,2015-09-05,2022-12-20,11.97
CT-201,CT,Riverside General,2015-09-05,2022-12-21,11.89
CT-201,CT,Riverside General,2015-09-05,2022-12-22,11.64
CT-201,CT,Riverside General,2015-09-05,2022-12-23,9.41
CT-201,CT,Riverside General,2015-09-05,2022-12-24,7.21
CT-201,CT,Riverside General,2015-09-05,2022-12-25,4.13
CT-201,CT,Riverside General,2015-09-05,2022-12-26,9.33
CT-201,CT,Riverside General,2015-09-05,2022-12-27,10.75
CT-201,CT,Riverside General,2015-09-05,2022-12-28,11.1
CT-201,CT,Riverside General,2015-09-05,2022-12-29,11.27
CT-201,CT,Riverside General,2015-09-05,2022-12-30,10.93
CT-201,CT,Riverside General,2015-09-05,2022-12-31,6.73
CT-201,CT,Riverside General,2015-09-05,2023-01-01,5.1
CT-201,CT,Riverside General,2015-09-05,2023-01-02,11.88
CT-201,CT,Riverside General,2015-09-05,2023-01-03,8.19
CT-201,CT,Riverside General,2015-09-05,2023-01-04,10.49
CT-201,CT,Riverside General,2015-09-05,2023-01-05,10.62
CT-201,CT,Riverside General,2015-09-05,2023-01-06,9.2
CT-201,CT,Riverside General,2015-09-05,2023-01-07,6.55
CT-201,CT,Riverside General,2015-09-05,2023-01-08,4.89
CT-201,CT,Riverside General,2015-09-05,2023-01-09,9.79
CT-201,CT,Riverside General,2015-09-05,2023-01-10,11.08
CT-201,CT,Riverside General,2015-09-05,2023-01-11,9.95
CT-201,CT,Riverside General,2015-09-05,2023-01-12,10.17
CT-201,CT,Riverside General,2015-09-05,2023-01-13,12.1
CT-201,CT,Riverside General,2015-09-05,2023-01-14,5.98
CT-201,CT,Riverside General,2015-09-05,2023-01-15,4.19
CT-201,CT,Riverside General,2015-09-05,2023-01-16,9.09
CT-201,CT,Riverside General,2015-09-05,2023-01-17,12.45
CT-201,CT,Riverside General,2015-09-05,2023-01-18,11.32
CT-201,CT,Riverside General,2015-09-05,2023-01-19,10.61
CT-201,CT,Riverside General,2015-09-05,2023-01-20,11.29
CT-201,CT,Riverside General,2015-09-05,2023-01-21,5.19
CT-201,CT,Riverside General,2015-09-05,2023-01-22,4.83
CT-201,CT,Riverside General,2015-09-05,2023-01-23,10.48
CT-201,CT,Riverside General,2015-09-05,2023-01-24,10.59
CT-201,CT,Riverside General,2015-09-05,2023-01-25,10.33
CT-201,CT,Riverside General,2015-09-05,2023-01-26,10.25
CT-201,CT,Riverside General,2015-09-05,2023-01-27,11.4
CT-201,CT,Riverside General,2015-09-05,2023-01-28,6.69
CT-201,CT,Riverside General,2015-09-05,2023-01-29,4.36
CT-201,CT,Riverside General,2015-09-05,2023-01-30,10.76
CT-201,CT,Riverside General,2015-09-05,2023-01-31,11.23
CT-201,CT,Riverside General,2015-09-05,2023-02-01,10.4
CT-201,CT,Riverside General,2015-09-05,2023-02-02,12.78
CT-201,CT,Riverside General,2015-09-05,2023-02-03,9.36
CT-201,CT,Riverside General,2015-09-05,2023-02-04,7.6
CT-201,CT,Riverside General,2015-09-05,2023-02-05,5.0
CT-201,CT,Riverside General,2015-09-05,2023-02-06,10.01
CT-201,CT,Riverside General,2015-09-05,2023-02-07,12.78
CT-201,CT,Riverside General,2015-09-05,2023-02-08,11.67
CT-201,CT,Riverside General,2015-09-05,2023-02-09,11.65
CT-201,CT,Riverside General,2015-09-05,2023-02-10,10.8
CT-201,CT,Riverside General,2015-09-05,2023-02-11,6.27
CT-201,CT,Riverside General,2015-09-05,2023-02-12,3.58
CT-201,CT,Riverside General,2015-09-05,2023-02-13,11.12
CT-201,CT,Riverside General,2015-09-05,2023-02-14,12.03
CT-201,CT,Riverside General,2015-09-05,2023-02-15,10.94
CT-201,CT,Riverside General,2015-09-05,2023-02-16,9.95
CT-201,CT,Riverside General,2015-09-05,2023-02-17,11.51
CT-201,CT,Riverside General,2015-09-05,2023-02-18,7.29
CT-201,CT,Riverside General,2015-09-05,2023-02-19,4.36
CT-201,CT,Riverside General,2015-09-05,2023-02-20,11.44
CT-201,CT,Riverside General,2015-09-05,2023-02-21,10.53
CT-201,CT,Riverside General,2015-09-05,2023-02-22,9.94
CT-201,CT,Riverside General,2015-09-05,2023-02-23,9.99
CT-201,CT,Riverside General,2015-09-05,2023-02-24,9.3
CT-201,CT,Riverside General,2015-09-05,2023-02-25,6.68
CT-201,CT,Riverside General,2015-09-05,2023-02-26,3.7
CT-201,CT,Riverside General,2015-09-05,2023-02-27,10.38
CT-201,CT,Riverside General,2015-09-05,2023-02-28,8.11
CT-201,CT,Riverside General,2015-09-05,2023-03-01,9.65
CT-201,CT,Riverside General,2015-09-05,2023-03-02,11.78
CT-201,CT,Riverside General,2015-09-05,2023-03-03,10.17
CT-201,CT,Riverside General,2015-09-05,2023-03-04,6.79
CT-201,CT,Riverside General,2015-09-05,2023-03-05,2.52
CT-201,CT,Riverside General,2015-09-05,2023-03-06,12.07
CT-201,CT,Riverside General,2015-09-05,2023-03-07,10.64
CT-201,CT,Riverside General,2015-09-05,2023-03-08,11.03
CT-201,CT,Riverside General,2015-09-05,2023-03-09,12.87
CT-201,CT,Riverside General,2015-09-05,2023-03-10,12.14
CT-201,CT,Riverside General,2015-09-05,2023-03-11,6.19
CT-201,CT,Riverside General,2015-09-05,2023-03-12,3.24
CT-201,CT,Riverside General,2015-09-05,2023-03-13,10.48
CT-201,CT,Riverside General,2015-09-05,2023-03-14,11.23
CT-201,CT,Riverside General,2015-09-05,2023-03-15,10.68
CT-201,CT,Riverside General,2015-09-05,2023-03-16,10.42
CT-201,CT,Riverside General,2015-09-05,2023-03-17,12.09
CT-201,CT,Riverside General,2015-09-05,2023-03-18,6.36
CT-201,CT,Riverside General,2015-09-05,2023-03-19,5.84
CT-201,CT,Riverside General,2015-09-05,2023-03-20,10.85
CT-201,CT,Riverside General,2015-09-05,2023-03-21,12.38
CT-201,CT,Riverside General,2015-09-05,2023-03-22,11.09
CT-201,CT,Riverside General,2015-09-05,2023-03-23,10.27
CT-201,CT,Riverside General,2015-09-05,2023-03-24,10.12
CT-201,CT,Riverside General,2015-09-05,2023-03-25,5.7
CT-201,CT,Riverside General,2015-09-05,2023-03-26,4.18
CT-201,CT,Riverside General,2015-09-05,2023-03-27,11.66
CT-201,CT,Riverside General,2015-09-05,2023-03-28,10.81
CT-201,CT,Riverside General,2015-09-05,2023-03-29,9.62
CT-201,CT,Riverside General,2015-09-05,2023-03-30,9.55
CT-201,CT,Riverside General,2015-09-05,2023-03-31,9.49
CT-202,CT,Lakeview Medical Center,2018-02-14,2022-04-01,9.26
CT-202,CT,Lakeview Medical Center,2018-02-14,2022-04-02,6.61
CT-202,CT,Lakeview Medical Center,2018-02-14,2022-04-03,4.81
CT-202,CT,Lakeview Medical Center,2018-02-14,2022-04-04,10.83
CT-202,CT,Lakeview Medical Center,2018-02-14,2022-04-05,8.81
CT-202,CT,Lakeview Medical Center,2018-02-14,2022-04-06,10.67
CT-202,CT,Lakeview Medical Center,2018-02-14,2022-04-07,10.7
CT-202,CT,Lakeview Medical Center,2018-02-14,2022-04-08,12.73
CT-202,CT,Lakeview Medical Center,2018-02-14,2022-04-09,5.2
CT-202,CT,Lakeview Medical Center,2018-02-14,2022-04-10,3.44
CT-202,CT,Lakeview Medical Center,2018-02-14,2022-04-11,12.38
CT-202,CT,Lakeview Medical Center,2018-02-14,2022-04-12,11.25
CT-202,CT,Lakeview Medical Center,2018-02-14,2022-04-13,11.35
CT-202,CT,Lakeview Medical Center,2018-02-14,2022-04-14,10.95
CT-202,CT,Lakeview Medical Center,2018-02-14,2022-04-15,11.14
CT-202,CT,Lakeview Medical Center,2018-02-14,2022-04-16,7.21
CT-202,CT,Lakeview Medical Center,2018-02-14,2022-04-17,3.07
CT-202,CT,Lakeview Medical Center,2018-02-14,2022-04-18,11.64
CT-202,CT,Lakeview Medical Center,2018-02-14,2022-04-19,9.61
CT-202,CT,Lakeview Medical Center,2018-02-14,2022-04-20,11.14
CT-202,CT,Lakeview Medical Center,2018-02-14,2022-04-21,11.01
CT-202,CT,Lakeview Medical Center,2018-02-14,2022-04-22,10.29
CT-202,CT,Lakeview Medical Center,2018-02-14,2022-04-23,6.49
CT-202,CT,Lakeview Medical Center,2018-02-14,2022-04-24,3.24
CT-202,CT,Lakeview Medical Center,2018-02-14,2022-04-25,9.88
CT-202,CT,Lakeview Medical Center,2018-02-14,2022-04-26,10.53
CT-202,CT,Lakeview Medical Center,2018-02-14,2022-04-27,9.85
CT-202,CT,Lakeview Medical Center,2018-02-14,2022-04-28,11.14
CT-202,CT,Lakeview Medical Center,2018-02-14,2022-04-29,9.81
CT-202,CT,Lakeview Medical Center,2018-02-14,2022-04-30,7.15
CT-202,CT,Lakeview Medical Center,2018-02-14,2022-05-01,2.73
CT-202,CT,Lakeview Medical Center,2018-02-14,2022-05-02,10.34
CT-202,CT,Lakeview Medical Center,2018-02-14,2022-05-03,10.28
CT-202,CT,Lakeview Medical Center,2018-02-14,2022-05-04,12.04
CT-202,CT,Lakeview Medical Center,2018-02-14,2022-05-05,11.14
CT-202,CT,Lakeview Medical Center,2018-02-14,2022-05-06,10.66
CT-202,CT,Lakeview Medical Center,2018-02-14,2022-05-07,6.96
CT-202,CT,Lakeview Medical Center,2018-02-14,2022-05-08,1.9
CT-202,CT,Lakeview Medical Center,2018-02-14,2022-05-09,10.81
CT-202,CT,Lakeview Medical Center,2018-02-14,2022-05-10,12.64
CT-202,CT,Lakeview Medical Center,2018-02-14,2022-05-11,10.97
CT-202,CT,Lakeview Medical Center,2018-02-14,2022-05-12,10.91
CT-202,CT,Lakeview Medical Center,2018-02-14,2022-05-13,11.34
CT-202,CT,Lakeview Medical Center,2018-02-14,2022-05-14,7.31
CT-202,CT,Lakeview Medical Center,2018-02-14,2022-05-15,2.0
CT-202,CT,Lakeview Medical Center,2018-02-14,2022-05-16,9.33
CT-202,CT,Lakeview Medical Center,2018-02-14,2022-05-17,11.04
CT-202,CT,Lakeview Medical Center,2018-02-14,2022-05-18,10.2
CT-202,CT,Lakeview Medical Center,2018-02-14,2022-05-19,12.03
CT-202,CT,Lakeview Medical Center,2018-02-14,2022-05-20,10.56
CT-202,CT,Lakeview Medical Center,2018-02-14,2022-05-21,4.77
CT-202,CT,Lakeview Medical Center,2018-02-14,2022-05-22,2.66
CT-202,CT,Lakeview Medical Center,2018-02-14,2022-05-23,8.37
CT-202,CT,Lakeview Medical Center,2018-02-14,2022-05-24,10.64
CT-202,CT,Lakeview Medical Center,2018-02-14,2022-05-25,10.68
CT-202,CT,Lakeview Medical Center,2018-02-14,2022-05-26,10.46
CT-202,CT,Lakeview Medical Center,2018-02-14,2022-05-27,11.82
CT-202,CT,Lakeview Medical Center,2018-02-14,2022-05-28,7.59
CT-202,CT,Lakeview Medical Center,2018-02-14,2022-05-29,3.64
CT-202,CT,Lakeview Medical Center,2018-02-14,2022-05-30,8.93
CT-202,CT,Lakeview Medical Center,2018-02-14,2022-05-31,11.4
CT-202,CT,Lakeview Medical Center,2018-02-14,2022-06-01,11.35
CT-202,CT,Lakeview Medical Center,2018-02-14,2022-06-02,11.12
CT-202,CT,Lakeview Medical Center,2018-02-14,2022-06-03,11.73
CT-202,CT,Lakeview Medical Center,2018-02-14,2022-06-04,5.46
CT-202,CT,Lakeview Medical Center,2018-02-14,2022-06-05,5.6
CT-202,CT,Lakeview Medical Center,2018-02-14,2022-06-06,9.98
CT-202,CT,Lakeview Medical Center,2018-02-14,2022-06-07,11.52
CT-202,CT,Lakeview Medical Center,2018-02-14,2022-06-08,9.33
CT-202,CT,Lakeview Medical Center,2018-02-14,2022-06-09,10.01
CT-202,CT,Lakeview Medical Center,2018-02-14,2022-06-10,12.21
CT-202,CT,Lakeview Medical Center,2018-02-14,2022-06-11,6.27
CT-202,CT,Lakeview Medical Center,2018-02-14,2022-06-12,4.55
CT-202,CT,Lakeview Medical Center,2018-02-14,2022-06-13,11.06
CT-202,CT,Lakeview Medical Center,2018-02-14,2022-06-14,10.75
CT-202,CT,Lakeview Medical Center,2018-02-14,2022-06-15,12.07
CT-202,CT,Lakeview Medical Center,2018-02-14,2022-06-16,10.63
CT-202,CT,Lakeview Medical Center,2018-02-14,2022-06-17,9.24
CT-202,CT,Lakeview Medical Center,2018-02-14,2022-06-18,5.78
CT-202,CT,Lakeview Medical Center,2018-02-14,2022-06-19,4.29
CT-202,CT,Lakeview Medical Center,2018-02-14,2022-06-20,11.2
CT-202,CT,Lakeview Medical Center,2018-02-14,2022-06-21,9.44
CT-202,CT,Lakeview Medical Center,2018-02-14,2022-06-22,10.19
CT-202,CT,Lakeview Medical Center,2018-02-14,2022-06-23,10.32
CT-202,CT,Lakeview Medical Center,2018-02-14,2022-06-24,10.52
CT-202,CT,Lakeview Medical Center,2018-02-14,2022-06-25,5.27
CT-202,CT,Lakeview Medical Center,2018-02-14,2022-06-26,3.23
CT-202,CT,Lakeview Medical Center,2018-02-14,2022-06-27,10.19
CT-202,CT,Lakeview Medical Center,2018-02-14,2022-06-28,11.54
CT-202,CT,Lakeview Medical Center,2018-02-14,2022-06-29,11.57
CT-202,CT,Lakeview Medical Center,2018-02-14,2022-06-30,10.72
CT-202,CT,Lakeview Medical Center,2018-02-14,2022-07-01,10.49
CT-202,CT,Lakeview Medical Center,2018-02-14,2022-07-02,6.63
CT-202,CT,Lakeview Medical Center,2018-02-14,2022-07-03,3.06
CT-202,CT,Lakeview Medical Center,2018-02-14,2022-07-04,9.81
CT-202,CT,Lakeview Medical Center,2018-02-14,2022-07-05,10.0
CT-202,CT,Lakeview Medical Center,2018-02-14,2022-07-06,10.28
CT-202,CT,Lakeview Medical Center,2018-02-14,2022-07-07,9.8
CT-202,CT,Lakeview Medical Center,2018-02-14,2022-07-08,10.99
CT-202,CT,Lakeview Medical Center,2018-02-14,2022-07-09,7.16
CT-202,CT,Lakeview Medical Center,2018-02-14,2022-07-10,2.37
CT-202,CT,Lakeview Medical Center,2018-02-14,2022-07-11,10.87
CT-202,CT,Lakeview Medical Center,2018-02-14,2022-07-12,10.65
CT-202,CT,Lakeview Medical Center,2018-02-14,2022-07-13,11.15
CT-202,CT,Lakeview Medical Center,2018-02-14,2022-07-14,10.83
CT-202,CT,Lakeview Medical Center,2018-02-14,2022-07-15,9.54
CT-202,CT,Lakeview Medical Center,2018-02-14,2022-07-16,5.37
CT-202,CT,Lakeview Medical Center,2018-02-14,2022-07-17,3.82
CT-202,CT,Lakeview Medical Center,2018-02-14,2022-07-18,11.77
CT-202,CT,Lakeview Medical Center,2018-02-14,2022-07-19,8.85
CT-202,CT,Lakeview Medical Center,2018-02-14,2022-07-20,11.16
CT-202,CT,Lakeview Medical Center,2018-02-14,2022-07-21,11.92
CT-202,CT,Lakeview Medical Center,2018-02-14,2022-07-22,10.71
CT-202,CT,Lakeview Medical Center,2018-02-14,2022-07-23,7.0
CT-202,CT,Lakeview Medical Center,2018-02-14,2022-07-24,3.16
CT-202,CT,Lakeview Medical Center,2018-02-14,2022-07-25,10.74
CT-202,CT,Lakeview Medical Center,2018-02-14,2022-07-26,9.39
CT-202,CT,Lakeview Medical Center,2018-02-14,2022-07-27,8.74
CT-202,CT,Lakeview Medical Center,2018-02-14,2022-07-28,11.69
CT-202,CT,Lakeview Medical Center,2018-02-14,2022-07-29,9.96
CT-202,CT,Lakeview Medical Center,2018-02-14,2022-07-30,6.1
CT-202,CT,Lakeview Medical Center,2018-02-14,2022-07-31,2.55
CT-202,CT,Lakeview Medical Center,2018-02-14,2022-08-01,9.58
CT-202,CT,Lakeview Medical Center,2018-02-14,2022-08-02,10.69
CT-202,CT,Lakeview Medical Center,2018-02-14,2022-08-03,10.19
CT-202,CT,Lakeview Medical Center,2018-02-14,2022-08-04,11.19
CT-202,CT,Lakeview Medical Center,2018-02-14,2022-08-05,11.25
CT-202,CT,Lakeview Medical Center,2018-02-14,2022-08-06,6.8
CT-202,CT,Lakeview Medical Center,2018-02-14,2022-08-07,4.01
CT-202,CT,Lakeview Medical Center,2018-02-14,2022-08-08,12.27
CT-202,CT,Lakeview Medical Center,2018-02-14,2022-08-09,9.89
CT-202,CT,Lakeview Medical Center,2018-02-14,2022-08-10,10.8
CT-202,CT,Lakeview Medical Center,2018-02-14,2022-08-11,11.87
CT-202,CT,Lakeview Medical Center,2018-02-14,2022-08-12,11.98
CT-202,CT,Lakeview Medical Center,2018-02-14,2022-08-13,5.23
CT-202,CT,Lakeview Medical Center,2018-02-14,2022-08-14,3.52
CT-202,CT,Lakeview Medical Center,2018-02-14,2022-08-15,12.07
CT-202,CT,Lakeview Medical Center,2018-02-14,2022-08-16,11.3
CT-202,CT,Lakeview Medical Center,2018-02-14,2022-08-17,11.02
CT-202,CT,Lakeview Medical Center,2018-02-14,2022-08-18,10.65
CT-202,CT,Lakeview Medical Center,2018-02-14,2022-08-19,10.5
CT-202,CT,Lakeview Medical Center,2018-02-14,2022-08-20,6.77
CT-202,CT,Lakeview Medical Center,2018-02-14,2022-08-21,3.57
CT-202,CT,Lakeview Medical Center,2018-02-14,2022-08-22,10.81
CT-202,CT,Lakeview Medical Center,2018-02-14,2022-08-23,10.92
CT-202,CT,Lakeview Medical Center,2018-02-14,2022-08-24,10.24
CT-202,CT,Lakeview Medical Center,2018-02-14,2022-08-25,11.33
CT-202,CT,Lakeview Medical Center,2018-02-14,2022-08-26,13.47
CT-202,CT,Lakeview Medical Center,2018-02-14,2022-08-27,4.91
CT-202,CT,Lakeview Medical Center,2018-02-14,2022-08-28,4.09
CT-202,CT,Lakeview Medical Center,2018-02-14,2022-08-29,10.16
CT-202,CT,Lakeview Medical Center,2018-02-14,2022-08-30,11.37
CT-202,CT,Lakeview Medical Center,2018-02-14,2022-08-31,10.89
CT-202,CT,Lakeview Medical Center,2018-02-14,2022-09-01,11.53
CT-202,CT,Lakeview Medical Center,2018-02-14,2022-09-02,11.9
CT-202,CT,Lakeview Medical Center,2018-02-14,2022-09-03,6.68
CT-202,CT,Lakeview Medical Center,2018-02-14,2022-09-04,4.82
CT-202,CT,Lakeview Medical Center,2018-02-14,2022-09-05,8.74
CT-202,CT,Lakeview Medical Center,2018-02-14,2022-09-06,12.28
CT-202,CT,Lakeview Medical Center,2018-02-14,2022-09-07,11.18
CT-202,CT,Lakeview Medical Center,2018-02-14,2022-09-08,11.82
CT-202,CT,Lakeview Medical Center,2018-02-14,2022-09-09,9.75
CT-202,CT,Lakeview Medical Center,2018-02-14,2022-09-10,5.76
CT-202,CT,Lakeview Medical Center,2018-02-14,2022-09-11,3.93
CT-202,CT,Lakeview Medical Center,2018-02-14,2022-09-12,10.83
CT-202,CT,Lakeview Medical Center,2018-02-14,2022-09-13,11.1
CT-202,CT,Lakeview Medical Center,2018-02-14,2022-09-14,11.82
CT-202,CT,Lakeview Medical Center,2018-02-14,2022-09-15,9.26
CT-202,CT,Lakeview Medical Center,2018-02-14,2022-09-16,11.72
CT-202,CT,Lakeview Medical Center,2018-02-14,2022-09-17,6.52
CT-202,CT,Lakeview Medical Center,2018-02-14,2022-09-18,3.61
CT-202,CT,Lakeview Medical Center,2018-02-14,2022-09-19,9.52
CT-202,CT,Lakeview Medical Center,2018-02-14,2022-09-20,11.3
CT-202,CT,Lakeview Medical Center,2018-02-14,2022-09-21,8.67
CT-202,CT,Lakeview Medical Center,2018-02-14,2022-09-22,11.43
CT-202,CT,Lakeview Medical Center,2018-02-14,2022-09-23,9.5
CT-202,CT,Lakeview Medical Center,2018-02-14,2022-09-24,6.56
CT-202,CT,Lakeview Medical Center,2018-02-14,2022-09-25,3.69
CT-202,CT,Lakeview Medical Center,2018-02-14,2022-09-26,11.9
CT-202,CT,Lakeview Medical Center,2018-02-14,2022-09-27,10.69
CT-202,CT,Lakeview Medical Center,2018-02-14,2022-09-28,10.22
CT-202,CT,Lakeview Medical Center,2018-02-14,2022-09-29,10.39
CT-202,CT,Lakeview Medical Center,2018-02-14,2022-09-30,11.99
CT-202,CT,Lakeview Medical Center,2018-02-14,2022-10-01,6.99
CT-202,CT,Lakeview Medical Center,2018-02-14,2022-10-02,3.45
CT-202,CT,Lakeview Medical Center,2018-02-14,2022-10-03,10.63
CT-202,CT,Lakeview Medical Center,2018-02-14,2022-10-04,9.44
CT-202,CT,Lakeview Medical Center,2018-02-14,2022-10-05,11.2
CT-202,CT,Lakeview Medical Center,2018-02-14,2022-10-06,9.26
CT-202,CT,Lakeview Medical Center,2018-02-14,2022-10-07,11.52
CT-202,CT,Lakeview Medical Center,2018-02-14,2022-10-08,6.62
CT-202,CT,Lakeview Medical Center,2018-02-14,2022-10-09,5.94
CT-202,CT,Lakeview Medical Center,2018-02-14,2022-10-10,9.86
CT-202,CT,Lakeview Medical Center,2018-02-14,2022-10-11,10.75
CT-202,CT,Lakeview Medical Center,2018-02-14,2022-10-12,12.46
CT-202,CT,Lakeview Medical Center,2018-02-14,2022-10-13,11.92
CT-202,CT,Lakeview Medical Center,2018-02-14,2022-10-14,10.22
CT-202,CT,Lakeview Medical Center,2018-02-14,2022-10-15,6.71
CT-202,CT,Lakeview Medical Center,2018-02-14,2022-10-16,3.8
CT-202,CT,Lakeview Medical Center,2018-02-14,2022-10-17,11.1
CT-202,CT,Lakeview Medical Center,2018-02-14,2022-10-18,10.22
CT-202,CT,Lakeview Medical Center,2018-02-14,2022-10-19,10.77
CT-202,CT,Lakeview Medical Center,2018-02-14,2022-10-20,9.41
CT-202,CT,Lakeview Medical Center,2018-02-14,2022-10-21,10.97
CT-202,CT,Lakeview Medical Center,2018-02-14,2022-10-22,6.91
CT-202,CT,Lakeview Medical Center,2018-02-14,2022-10-23,3.59
CT-202,CT,Lakeview Medical Center,2018-02-14,2022-10-24,9.39
CT-202,CT,Lakeview Medical Center,2018-02-14,2022-10-25,11.74
CT-202,CT,Lakeview Medical Center,2018-02-14,2022-10-26,11.17
CT-202,CT,Lakeview Medical Center,2018-02-14,2022-10-27,10.19
CT-202,CT,Lakeview Medical Center,2018-02-14,2022-10-28,10.59
CT-202,CT,Lakeview Medical Center,2018-02-14,2022-10-29,5.16
CT-202,CT,Lakeview Medical Center,2018-02-14,2022-10-30,2.87
CT-202,CT,Lakeview Medical Center,2018-02-14,2022-10-31,10.36
CT-202,CT,Lakeview Medical Center,2018-02-14,2022-11-01,11.95
CT-202,CT,Lakeview Medical Center,2018-02-14,2022-11-02,10.27
CT-202,CT,Lakeview Medical Center,2018-02-14,2022-11-03,11.42
CT-202,CT,Lakeview Medical Center,2018-02-14,2022-11-04,10.28
CT-202,CT,Lakeview Medical Center,2018-02-14,2022-11-05,6.73
CT-202,CT,Lakeview Medical Center,2018-02-14,2022-11-06,3.67
CT-202,CT,Lakeview Medical Center,2018-02-14,2022-11-07,11.63
CT-202,CT,Lakeview Medical Center,2018-02-14,2022-11-08,10.37
CT-202,CT,Lakeview Medical Center,2018-02-14,2022-11-09,9.43
CT-202,CT,Lakeview Medical Center,2018-02-14,2022-11-10,9.6
CT-202,CT,Lakeview Medical Center,2018-02-14,2022-11-11,10.37
CT-202,CT,Lakeview Medical Center,2018-02-14,2022-11-12,5.38
CT-202,CT,Lakeview Medical Center,2018-02-14,2022-11-13,4.17
CT-202,CT,Lakeview Medical Center,2018-02-14,2022-11-14,10.43
CT-202,CT,Lakeview Medical Center,2018-02-14,2022-11-15,12.98
CT-202,CT,Lakeview Medical Center,2018-02-14,2022-11-16,9.28
CT-202,CT,Lakeview Medical Center,2018-02-14,2022-11-17,11.03
CT-202,CT,Lakeview Medical Center,2018-02-14,2022-11-18,9.83
CT-202,CT,Lakeview Medical Center,2018-02-14,2022-11-19,6.06
CT-202,CT,Lakeview Medical Center,2018-02-14,2022-11-20,3.92
CT-202,CT,Lakeview Medical Center,2018-02-14,2022-11-21,8.75
CT-202,CT,Lakeview Medical Center,2018-02-14,2022-11-22,11.06
CT-202,CT,Lakeview Medical Center,2018-02-14,2022-11-23,12.56
CT-202,CT,Lakeview Medical Center,2018-02-14,2022-11-24,10.44
CT-202,CT,Lakeview Medical Center,2018-02-14,2022-11-25,11.08
CT-202,CT,Lakeview Medical Center,2018-02-14,2022-11-26,7.43
CT-202,CT,Lakeview Medical Center,2018-02-14,2022-11-27,3.65
CT-202,CT,Lakeview Medical Center,2018-02-14,2022-11-28,10.32
CT-202,CT,Lakeview Medical Center,2018-02-14,2022-11-29,8.8
CT-202,CT,Lakeview Medical Center,2018-02-14,2022-11-30,11.42
CT-202,CT,Lakeview Medical Center,2018-02-14,2022-12-01,10.74
CT-202,CT,Lakeview Medical Center,2018-02-14,2022-12-02,9.93
CT-202,CT,Lakeview Medical Center,2018-02-14,2022-12-03,6.62
CT-202,CT,Lakeview Medical Center,2018-02-14,2022-12-04,3.27
CT-202,CT,Lakeview Medical Center,2018-02-14,2022-12-05,10.37
CT-202,CT,Lakeview Medical Center,2018-02-14,2022-12-06,11.39
CT-202,CT,Lakeview Medical Center,2018-02-14,2022-12-07,9.64
CT-202,CT,Lakeview Medical Center,2018-02-14,2022-12-08,11.79
CT-202,CT,Lakeview Medical Center,2018-02-14,2022-12-09,9.59
CT-202,CT,Lakeview Medical Center,2018-02-14,2022-12-10,5.91
CT-202,CT,Lakeview Medical Center,2018-02-14,2022-12-11,5.53
CT-202,CT,Lakeview Medical Center,2018-02-14,2022-12-12,11.86
CT-202,CT,Lakeview Medical Center,2018-02-14,2022-12-13,10.93
CT-202,CT,Lakeview Medical Center,2018-02-14,2022-12-14,10.0
CT-202,CT,Lakeview Medical Center,2018-02-14,2022-12-15,10.37
CT-202,CT,Lakeview Medical Center,2018-02-14,2022-12-16,10.91
CT-202,CT,Lakeview Medical Center,2018-02-14,2022-12-17,6.54
CT-202,CT,Lakeview Medical Center,2018-02-14,2022-12-18,3.71
CT-202,CT,Lakeview Medical Center,2018-02-14,2022-12-19,10.82
CT-202,CT,Lakeview Medical Center,2018-02-14,2022-12-20,10.65
CT-202,CT,Lakeview Medical Center,2018-02-14,2022-12-21,9.55
CT-202,CT,Lakeview Medical Center,2018-02-14,2022-12-22,10.38
CT-202,CT,Lakeview Medical Center,2018-02-14,2022-12-23,11.67
CT-202,CT,Lakeview Medical Center,2018-02-14,2022-12-24,5.28
CT-202,CT,Lakeview Medical Center,2018-02-14,2022-12-25,3.63
CT-202,CT,Lakeview Medical Center,2018-02-14,2022-12-26,10.11
CT-202,CT,Lakeview Medical Center,2018-02-14,2022-12-27,10.95
CT-202,CT,Lakeview Medical Center,2018-02-14,2022-12-28,10.5
CT-202,CT,Lakeview Medical Center,2018-02-14,2022-12-29,12.18
CT-202,CT,Lakeview Medical Center,2018-02-14,2022-12-30,11.3
CT-202,CT,Lakeview Medical Center,2018-02-14,2022-12-31,5.33
CT-202,CT,Lakeview Medical Center,2018-02-14,2023-01-01,4.4
CT-202,CT,Lakeview Medical Center,2018-02-14,2023-01-02,10.15
CT-202,CT,Lakeview Medical Center,2018-02-14,2023-01-03,10.33
CT-202,CT,Lakeview Medical Center,2018-02-14,2023-01-04,11.13
CT-202,CT,Lakeview Medical Center,2018-02-14,2023-01-05,10.4
CT-202,CT,Lakeview Medical Center,2018-02-14,2023-01-06,11.65
CT-202,CT,Lakeview Medical Center,2018-02-14,2023-01-07,5.81
CT-202,CT,Lakeview Medical Center,2018-02-14,2023-01-08,3.24
CT-202,CT,Lakeview Medical Center,2018-02-14,2023-01-09,10.26
CT-202,CT,Lakeview Medical Center,2018-02-14,2023-01-10,10.34
CT-202,CT,Lakeview Medical Center,2018-02-14,2023-01-11,11.84
CT-202,CT,Lakeview Medical Center,2018-02-14,2023-01-12,11.41
CT-202,CT,Lakeview Medical Center,2018-02-14,2023-01-13,12.39
CT-202,CT,Lakeview Medical Center,2018-02-14,2023-01-14,8.55
CT-202,CT,Lakeview Medical Center,2018-02-14,2023-01-15,2.87
CT-202,CT,Lakeview Medical Center,2018-02-14,2023-01-16,10.91
CT-202,CT,Lakeview Medical Center,2018-02-14,2023-01-17,9.79
CT-202,CT,Lakeview Medical Center,2018-02-14,2023-01-18,10.15
CT-202,CT,Lakeview Medical Center,2018-02-14,2023-01-19,10.28
CT-202,CT,Lakeview Medical Center,2018-02-14,2023-01-20,9.89
CT-202,CT,Lakeview Medical Center,2018-02-14,2023-01-21,5.56
CT-202,CT,Lakeview Medical Center,2018-02-14,2023-01-22,3.67
CT-202,CT,Lakeview Medical Center,2018-02-14,2023-01-23,9.75
CT-202,CT,Lakeview Medical Center,2018-02-14,2023-01-24,11.6
CT-202,CT,Lakeview Medical Center,2018-02-14,2023-01-25,10.02
CT-202,CT,Lakeview Medical Center,2018-02-14,2023-01-26,13.38
CT-202,CT,Lakeview Medical Center,2018-02-14,2023-01-27,10.44
CT-202,CT,Lakeview Medical Center,2018-02-14,2023-01-28,6.57
CT-202,CT,Lakeview Medical Center,2018-02-14,2023-01-29,2.63
CT-202,CT,Lakeview Medical Center,2018-02-14,2023-01-30,12.38
CT-202,CT,Lakeview Medical Center,2018-02-14,2023-01-31,11.85
CT-202,CT,Lakeview Medical Center,2018-02-14,2023-02-01,11.11
CT-202,CT,Lakeview Medical Center,2018-02-14,2023-02-02,9.63
CT-202,CT,Lakeview Medical Center,2018-02-14,2023-02-03,11.04
CT-202,CT,Lakeview Medical Center,2018-02-14,2023-02-04,5.5
CT-202,CT,Lakeview Medical Center,2018-02-14,2023-02-05,5.11
CT-202,CT,Lakeview Medical Center,2018-02-14,2023-02-06,11.57
CT-202,CT,Lakeview Medical Center,2018-02-14,2023-02-07,10.93
CT-202,CT,Lakeview Medical Center,2018-02-14,2023-02-08,8.65
CT-202,CT,Lakeview Medical Center,2018-02-14,2023-02-09,9.96
CT-202,CT,Lakeview Medical Center,2018-02-14,2023-02-10,11.47
CT-202,CT,Lakeview Medical Center,2018-02-14,2023-02-11,7.6
CT-202,CT,Lakeview Medical Center,2018-02-14,2023-02-12,4.79
CT-202,CT,Lakeview Medical Center,2018-02-14,2023-02-13,9.41
CT-202,CT,Lakeview Medical Center,2018-02-14,2023-02-14,11.12
CT-202,CT,Lakeview Medical Center,2018-02-14,2023-02-15,11.76
CT-202,CT,Lakeview Medical Center,2018-02-14,2023-02-16,9.35
CT-202,CT,Lakeview Medical Center,2018-02-14,2023-02-17,10.84
CT-202,CT,Lakeview Medical Center,2018-02-14,2023-02-18,6.75
CT-202,CT,Lakeview Medical Center,2018-02-14,2023-02-19,3.53
CT-202,CT,Lakeview Medical Center,2018-02-14,2023-02-20,9.18
CT-202,CT,Lakeview Medical Center,2018-02-14,2023-02-21,10.55
CT-202,CT,Lakeview Medical Center,2018-02-14,2023-02-22,10.55
CT-202,CT,Lakeview Medical Center,2018-02-14,2023-02-23,10.71
CT-202,CT,Lakeview Medical Center,2018-02-14,2023-02-24,10.34
CT-202,CT,Lakeview Medical Center,2018-02-14,2023-02-25,6.11
CT-202,CT,Lakeview Medical Center,2018-02-14,2023-02-26,3.76
CT-202,CT,Lakeview Medical Center,2018-02-14,2023-02-27,11.24
CT-202,CT,Lakeview Medical Center,2018-02-14,2023-02-28,10.57
CT-202,CT,Lakeview Medical Center,2018-02-14,2023-03-01,10.48
CT-202,CT,Lakeview Medical Center,2018-02-14,2023-03-02,10.93
CT-202,CT,Lakeview Medical Center,2018-02-14,2023-03-03,9.12
CT-202,CT,Lakeview Medical Center,2018-02-14,2023-03-04,6.94
CT-202,CT,Lakeview Medical Center,2018-02-14,2023-03-05,3.8
CT-202,CT,Lakeview Medical Center,2018-02-14,2023-03-06,10.88
CT-202,CT,Lakeview Medical Center,2018-02-14,2023-03-07,11.71
CT-202,CT,Lakeview Medical Center,2018-02-14,2023-03-08,9.09
CT-202,CT,Lakeview Medical Center,2018-02-14,2023-03-09,9.07
CT-202,CT,Lakeview Medical Center,2018-02-14,2023-03-10,11.09
CT-202,CT,Lakeview Medical Center,2018-02-14,2023-03-11,6.5
CT-202,CT,Lakeview Medical Center,2018-02-14,2023-03-12,3.95
CT-202,CT,Lakeview Medical Center,2018-02-14,2023-03-13,10.43
CT-202,CT,Lakeview Medical Center,2018-02-14,2023-03-14,11.44
CT-202,CT,Lakeview Medical Center,2018-02-14,2023-03-15,11.69
CT-202,CT,Lakeview Medical Center,2018-02-14,2023-03-16,11.28
CT-202,CT,Lakeview Medical Center,2018-02-14,2023-03-17,10.61
CT-202,CT,Lakeview Medical Center,2018-02-14,2023-03-18,4.61
CT-202,CT,Lakeview Medical Center,2018-02-14,2023-03-19,4.49
CT-202,CT,Lakeview Medical Center,2018-02-14,2023-03-20,11.95
CT-202,CT,Lakeview Medical Center,2018-02-14,2023-03-21,11.43
CT-202,CT,Lakeview Medical Center,2018-02-14,2023-03-22,10.05
CT-202,CT,Lakeview Medical Center,2018-02-14,2023-03-23,11.45
CT-202,CT,Lakeview Medical Center,2018-02-14,2023-03-24,11.62
CT-202,CT,Lakeview Medical Center,2018-02-14,2023-03-25,7.91
CT-202,CT,Lakeview Medical Center,2018-02-14,2023-03-26,3.01
CT-202,CT,Lakeview Medical Center,2018-02-14,2023-03-27,10.64
CT-202,CT,Lakeview Medical Center,2018-02-14,2023-03-28,11.52
CT-202,CT,Lakeview Medical Center,2018-02-14,2023-03-29,10.9
CT-202,CT,Lakeview Medical Center,2018-02-14,2023-03-30,9.84
CT-202,CT,Lakeview Medical Center,2018-02-14,2023-03-31,11.22
CT-203,CT,St. Anne's Hospital,2022-04-03,2022-04-03,4.36
CT-203,CT,St. Anne's Hospital,2022-04-03,2022-04-04,11.05
CT-203,CT,St. Anne's Hospital,2022-04-03,2022-04-05,11.17
CT-203,CT,St. Anne's Hospital,2022-04-03,2022-04-06,10.74
CT-203,CT,St. Anne's Hospital,2022-04-03,2022-04-07,12.3
CT-203,CT,St. Anne's Hospital,2022-04-03,2022-04-08,10.16
CT-203,CT,St. Anne's Hospital,2022-04-03,2022-04-09,6.05
CT-203,CT,St. Anne's Hospital,2022-04-03,2022-04-10,3.85
CT-203,CT,St. Anne's Hospital,2022-04-03,2022-04-11,11.76
CT-203,CT,St. Anne's Hospital,2022-04-03,2022-04-12,9.62
CT-203,CT,St. Anne's Hospital,2022-04-03,2022-04-13,9.79
CT-203,CT,St. Anne's Hospital,2022-04-03,2022-04-14,9.14
CT-203,CT,St. Anne's Hospital,2022-04-03,2022-04-15,11.0
CT-203,CT,St. Anne's Hospital,2022-04-03,2022-04-16,5.58
CT-203,CT,St. Anne's Hospital,2022-04-03,2022-04-17,3.49
CT-203,CT,St. Anne's Hospital,2022-04-03,2022-04-18,11.57
CT-203,CT,St. Anne's Hospital,2022-04-03,2022-04-19,10.39
CT-203,CT,St. Anne's Hospital,2022-04-03,2022-04-20,11.18
CT-203,CT,St. Anne's Hospital,2022-04-03,2022-04-21,10.7
CT-203,CT,St. Anne's Hospital,2022-04-03,2022-04-22,11.58
CT-203,CT,St. Anne's Hospital,2022-04-03,2022-04-23,7.01
CT-203,CT,St. Anne's Hospital,2022-04-03,2022-04-24,3.22
CT-203,CT,St. Anne's Hospital,2022-04-03,2022-04-25,10.82
CT-203,CT,St. Anne's Hospital,2022-04-03,2022-04-26,11.91
CT-203,CT,St. Anne's Hospital,2022-04-03,2022-04-27,11.32
CT-203,CT,St. Anne's Hospital,2022-04-03,2022-04-28,9.71
CT-203,CT,St. Anne's Hospital,2022-04-03,2022-04-29,11.56
CT-203,CT,St. Anne's Hospital,2022-04-03,2022-04-30,5.61
CT-203,CT,St. Anne's Hospital,2022-04-03,2022-05-01,5.11
CT-203,CT,St. Anne's Hospital,2022-04-03,2022-05-02,11.89
CT-203,CT,St. Anne's Hospital,2022-04-03,2022-05-03,11.23
CT-203,CT,St. Anne's Hospital,2022-04-03,2022-05-04,11.11
CT-203,CT,St. Anne's Hospital,2022-04-03,2022-05-05,10.78
CT-203,CT,St. Anne's Hospital,2022-04-03,2022-05-06,11.58
CT-203,CT,St. Anne's Hospital,2022-04-03,2022-05-07,6.25
CT-203,CT,St. Anne's Hospital,2022-04-03,2022-05-08,4.05
CT-203,CT,St. Anne's Hospital,2022-04-03,2022-05-09,11.76
CT-203,CT,St. Anne's Hospital,2022-04-03,2022-05-10,10.46
CT-203,CT,St. Anne's Hospital,2022-04-03,2022-05-11,10.42
CT-203,CT,St. Anne's Hospital,2022-04-03,2022-05-12,9.9
CT-203,CT,St. Anne's Hospital,2022-04-03,2022-05-13,10.01
CT-203,CT,St. Anne's Hospital,2022-04-03,2022-05-14,4.94
CT-203,CT,St. Anne's Hospital,2022-04-03,2022-05-15,4.5
CT-203,CT,St. Anne's Hospital,2022-04-03,2022-05-16,12.6
CT-203,CT,St. Anne's Hospital,2022-04-03,2022-05-17,12.25
CT-203,CT,St. Anne's Hospital,2022-04-03,2022-05-18,9.51
CT-203,CT,St. Anne's Hospital,2022-04-03,2022-05-19,11.62
CT-203,CT,St. Anne's Hospital,2022-04-03,2022-05-20,12.25
CT-203,CT,St. Anne's Hospital,2022-04-03,2022-05-21,6.17
CT-203,CT,St. Anne's Hospital,2022-04-03,2022-05-22,3.93
CT-203,CT,St. Anne's Hospital,2022-04-03,2022-05-23,9.16
CT-203,CT,St. Anne's Hospital,2022-04-03,2022-05-24,11.21
CT-203,CT,St. Anne's Hospital,2022-04-03,2022-05-25,10.01
CT-203,CT,St. Anne's Hospital,2022-04-03,2022-05-26,11.15
CT-203,CT,St. Anne's Hospital,2022-04-03,2022-05-27,9.57
CT-203,CT,St. Anne's Hospital,2022-04-03,2022-05-28,7.07
CT-203,CT,St. Anne's Hospital,2022-04-03,2022-05-29,4.76
CT-203,CT,St. Anne's Hospital,2022-04-03,2022-05-30,10.27
CT-203,CT,St. Anne's Hospital,2022-04-03,2022-05-31,9.95
CT-203,CT,St. Anne's Hospital,2022-04-03,2022-06-01,9.03
CT-203,CT,St. Anne's Hospital,2022-04-03,2022-06-02,10.73
CT-203,CT,St. Anne's Hospital,2022-04-03,2022-06-03,10.45
CT-203,CT,St. Anne's Hospital,2022-04-03,2022-06-04,5.19
CT-203,CT,St. Anne's Hospital,2022-04-03,2022-06-05,4.25
CT-203,CT,St. Anne's Hospital,2022-04-03,2022-06-06,10.57
CT-203,CT,St. Anne's Hospital,2022-04-03,2022-06-07,10.0
CT-203,CT,St. Anne's Hospital,2022-04-03,2022-06-08,10.47
CT-203,CT,St. Anne's Hospital,2022-04-03,2022-06-09,11.93
CT-203,CT,St. Anne's Hospital,2022-04-03,2022-06-10,11.51
CT-203,CT,St. Anne's Hospital,2022-04-03,2022-06-11,6.47
CT-203,CT,St. Anne's Hospital,2022-04-03,2022-06-12,4.4
CT-203,CT,St. Anne's Hospital,2022-04-03,2022-06-13,9.93
CT-203,CT,St. Anne's Hospital,2022-04-03,2022-06-14,11.0
CT-203,CT,St. Anne's Hospital,2022-04-03,2022-06-15,11.1
CT-203,CT,St. Anne's Hospital,2022-04-03,2022-06-16,10.55
CT-203,CT,St. Anne's Hospital,2022-04-03,2022-06-17,11.36
CT-203,CT,St. Anne's Hospital,2022-04-03,2022-06-18,5.88
CT-203,CT,St. Anne's Hospital,2022-04-03,2022-06-19,4.3
CT-203,CT,St. Anne's Hospital,2022-04-03,2022-06-20,11.47
CT-203,CT,St. Anne's Hospital,2022-04-03,2022-06-21,8.34
CT-203,CT,St. Anne's Hospital,2022-04-03,2022-06-22,12.04
CT-203,CT,St. Anne's Hospital,2022-04-03,2022-06-23,8.23
CT-203,CT,St. Anne's Hospital,2022-04-03,2022-06-24,10.42
CT-203,CT,St. Anne's Hospital,2022-04-03,2022-06-25,7.5
CT-203,CT,St. Anne's Hospital,2022-04-03,2022-06-26,3.55
CT-203,CT,St. Anne's Hospital,2022-04-03,2022-06-27,9.65
CT-203,CT,St. Anne's Hospital,2022-04-03,2022-06-28,9.99
CT-203,CT,St. Anne's Hospital,2022-04-03,2022-06-29,11.89
CT-203,CT,St. Anne's Hospital,2022-04-03,2022-06-30,9.24
CT-203,CT,St. Anne's Hospital,2022-04-03,2022-07-01,11.99
CT-203,CT,St. Anne's Hospital,2022-04-03,2022-07-02,6.53
CT-203,CT,St. Anne's Hospital,2022-04-03,2022-07-03,2.77
CT-203,CT,St. Anne's Hospital,2022-04-03,2022-07-04,10.45
CT-203,CT,St. Anne's Hospital,2022-04-03,2022-07-05,10.05
CT-203,CT,St. Anne's Hospital,2022-04-03,2022-07-06,11.75
CT-203,CT,St. Anne's Hospital,2022-04-03,2022-07-07,11.63
CT-203,CT,St. Anne's Hospital,2022-04-03,2022-07-08,9.42
CT-203,CT,St. Anne's Hospital,2022-04-03,2022-07-09,6.22
CT-203,CT,St. Anne's Hospital,2022-04-03,2022-07-10,3.06
CT-203,CT,St. Anne's Hospital,2022-04-03,2022-07-11,12.13
CT-203,CT,St. Anne's Hospital,2022-04-03,2022-07-12,9.76
CT-203,CT,St. Anne's Hospital,2022-04-03,2022-07-13,12.41
CT-203,CT,St. Anne's Hospital,2022-04-03,2022-07-14,10.94
CT-203,CT,St. Anne's Hospital,2022-04-03,2022-07-15,9.92
CT-203,CT,St. Anne's Hospital,2022-04-03,2022-07-16,5.97
CT-203,CT,St. Anne's Hospital,2022-04-03,2022-07-17,3.12
CT-203,CT,St. Anne's Hospital,2022-04-03,2022-07-18,9.82
CT-203,CT,St. Anne's Hospital,2022-04-03,2022-07-19,11.06
CT-203,CT,St. Anne's Hospital,2022-04-03,2022-07-20,9.87
CT-203,CT,St. Anne's Hospital,2022-04-03,2022-07-21,9.01
CT-203,CT,St. Anne's Hospital,2022-04-03,2022-07-22,10.63
CT-203,CT,St. Anne's Hospital,2022-04-03,2022-07-23,4.96
CT-203,CT,St. Anne's Hospital,2022-04-03,2022-07-24,3.16
CT-203,CT,St. Anne's Hospital,2022-04-03,2022-07-25,10.15
CT-203,CT,St. Anne's Hospital,2022-04-03,2022-07-26,10.19
CT-203,CT,St. Anne's Hospital,2022-04-03,2022-07-27,12.77
CT-203,CT,St. Anne's Hospital,2022-04-03,2022-07-28,11.02
CT-203,CT,St. Anne's Hospital,2022-04-03,2022-07-29,11.19
CT-203,CT,St. Anne's Hospital,2022-04-03,2022-07-30,4.98
CT-203,CT,St. Anne's Hospital,2022-04-03,2022-07-31,3.25
CT-203,CT,St. Anne's Hospital,2022-04-03,2022-08-01,11.16
CT-203,CT,St. Anne's Hospital,2022-04-03,2022-08-02,10.05
CT-203,CT,St. Anne's Hospital,2022-04-03,2022-08-03,11.79
CT-203,CT,St. Anne's Hospital,2022-04-03,2022-08-04,9.89
CT-203,CT,St. Anne's Hospital,2022-04-03,2022-08-05,10.71
CT-203,CT,St. Anne's Hospital,2022-04-03,2022-08-06,6.05
CT-203,CT,St. Anne's Hospital,2022-04-03,2022-08-07,3.99
CT-203,CT,St. Anne's Hospital,2022-04-03,2022-08-08,10.39
CT-203,CT,St. Anne's Hospital,2022-04-03,2022-08-09,10.73
CT-203,CT,St. Anne's Hospital,2022-04-03,2022-08-10,10.76
CT-203,CT,St. Anne's Hospital,2022-04-03,2022-08-11,10.31
CT-203,CT,St. Anne's Hospital,2022-04-03,2022-08-12,11.41
CT-203,CT,St. Anne's Hospital,2022-04-03,2022-08-13,6.8
CT-203,CT,St. Anne's Hospital,2022-04-03,2022-08-14,3.76
CT-203,CT,St. Anne's Hospital,2022-04-03,2022-08-15,10.58
CT-203,CT,St. Anne's Hospital,2022-04-03,2022-08-16,11.69
CT-203,CT,St. Anne's Hospital,2022-04-03,2022-08-17,10.76
CT-203,CT,St. Anne's Hospital,2022-04-03,2022-08-18,10.69
CT-203,CT,St. Anne's Hospital,2022-04-03,2022-08-19,11.06
CT-203,CT,St. Anne's Hospital,2022-04-03,2022-08-20,8.11
CT-203,CT,St. Anne's Hospital,2022-04-03,2022-08-21,2.63
CT-203,CT,St. Anne's Hospital,2022-04-03,2022-08-22,11.66
CT-203,CT,St. Anne's Hospital,2022-04-03,2022-08-23,9.27
CT-203,CT,St. Anne's Hospital,2022-04-03,2022-08-24,11.17
CT-203,CT,St. Anne's Hospital,2022-04-03,2022-08-25,12.39
CT-203,CT,St. Anne's Hospital,2022-04-03,2022-08-26,11.41
CT-203,CT,St. Anne's Hospital,2022-04-03,2022-08-27,6.74
CT-203,CT,St. Anne's Hospital,2022-04-03,2022-08-28,3.34
CT-203,CT,St. Anne's Hospital,2022-04-03,2022-08-29,11.0
CT-203,CT,St. Anne's Hospital,2022-04-03,2022-08-30,10.74
CT-203,CT,St. Anne's Hospital,2022-04-03,2022-08-31,10.26
CT-203,CT,St. Anne's Hospital,2022-04-03,2022-09-01,10.71
CT-203,CT,St. Anne's Hospital,2022-04-03,2022-09-02,11.15
CT-203,CT,St. Anne's Hospital,2022-04-03,2022-09-03,5.89
CT-203,CT,St. Anne's Hospital,2022-04-03,2022-09-04,3.11
CT-203,CT,St. Anne's Hospital,2022-04-03,2022-09-05,9.75
CT-203,CT,St. Anne's Hospital,2022-04-03,2022-09-06,11.32
CT-203,CT,St. Anne's Hospital,2022-04-03,2022-09-07,11.46
CT-203,CT,St. Anne's Hospital,2022-04-03,2022-09-08,11.18
CT-203,CT,St. Anne's Hospital,2022-04-03,2022-09-09,11.84
CT-203,CT,St. Anne's Hospital,2022-04-03,2022-09-10,6.66
CT-203,CT,St. Anne's Hospital,2022-04-03,2022-09-11,4.19
CT-203,CT,St. Anne's Hospital,2022-04-03,2022-09-12,11.24
CT-203,CT,St. Anne's Hospital,2022-04-03,2022-09-13,10.89
CT-203,CT,St. Anne's Hospital,2022-04-03,2022-09-14,10.49
CT-203,CT,St. Anne's Hospital,2022-04-03,2022-09-15,12.96
CT-203,CT,St. Anne's Hospital,2022-04-03,2022-09-16,10.56
CT-203,CT,St. Anne's Hospital,2022-04-03,2022-09-17,5.98
CT-203,CT,St. Anne's Hospital,2022-04-03,2022-09-18,4.23
CT-203,CT,St. Anne's Hospital,2022-04-03,2022-09-19,11.2
CT-203,CT,St. Anne's Hospital,2022-04-03,2022-09-20,9.71
CT-203,CT,St. Anne's Hospital,2022-04-03,2022-09-21,11.98
CT-203,CT,St. Anne's Hospital,2022-04-03,2022-09-22,10.89
CT-203,CT,St. Anne's Hospital,2022-04-03,2022-09-23,9.97
CT-203,CT,St. Anne's Hospital,2022-04-03,2022-09-24,7.65
CT-203,CT,St. Anne's Hospital,2022-04-03,2022-09-25,4.4
CT-203,CT,St. Anne's Hospital,2022-04-03,2022-09-26,9.83
CT-203,CT,St. Anne's Hospital,2022-04-03,2022-09-27,12.57
CT-203,CT,St. Anne's Hospital,2022-04-03,2022-09-28,11.56
CT-203,CT,St. Anne's Hospital,2022-04-03,2022-09-29,10.96
CT-203,CT,St. Anne's Hospital,2022-04-03,2022-09-30,12.4
CT-203,CT,St. Anne's Hospital,2022-04-03,2022-10-01,6.73
CT-203,CT,St. Anne's Hospital,2022-04-03,2022-10-02,3.81
CT-203,CT,St. Anne's Hospital,2022-04-03,2022-10-03,10.38
CT-203,CT,St. Anne's Hospital,2022-04-03,2022-10-04,11.49
CT-203,CT,St. Anne's Hospital,2022-04-03,2022-10-05,11.4
CT-203,CT,St. Anne's Hospital,2022-04-03,2022-10-06,10.98
CT-203,CT,St. Anne's Hospital,2022-04-03,2022-10-07,10.26
CT-203,CT,St. Anne's Hospital,2022-04-03,2022-10-08,6.7
CT-203,CT,St. Anne's Hospital,2022-04-03,2022-10-09,3.78
CT-203,CT,St. Anne's Hospital,2022-04-03,2022-10-10,9.77
CT-203,CT,St. Anne's Hospital,2022-04-03,2022-10-11,9.65
CT-203,CT,St. Anne's Hospital,2022-04-03,2022-10-12,11.48
CT-203,CT,St. Anne's Hospital,2022-04-03,2022-10-13,8.63
CT-203,CT,St. Anne's Hospital,2022-04-03,2022-10-14,11.16
CT-203,CT,St. Anne's Hospital,2022-04-03,2022-10-15,6.15
CT-203,CT,St. Anne's Hospital,2022-04-03,2022-10-16,5.02
CT-203,CT,St. Anne's Hospital,2022-04-03,2022-10-17,10.53
CT-203,CT,St. Anne's Hospital,2022-04-03,2022-10-18,11.56
CT-203,CT,St. Anne's Hospital,2022-04-03,2022-10-19,10.61
CT-203,CT,St. Anne's Hospital,2022-04-03,2022-10-20,11.07
CT-203,CT,St. Anne's Hospital,2022-04-03,2022-10-21,11.63
CT-203,CT,St. Anne's Hospital,2022-04-03,2022-10-22,6.17
CT-203,CT,St. Anne's Hospital,2022-04-03,2022-10-23,4.74
CT-203,CT,St. Anne's Hospital,2022-04-03,2022-10-24,10.08
CT-203,CT,St. Anne's Hospital,2022-04-03,2022-10-25,11.24
CT-203,CT,St. Anne's Hospital,2022-04-03,2022-10-26,11.8
CT-203,CT,St. Anne's Hospital,2022-04-03,2022-10-27,11.56
CT-203,CT,St. Anne's Hospital,2022-04-03,2022-10-28,12.7
CT-203,CT,St. Anne's Hospital,2022-04-03,2022-10-29,5.9
CT-203,CT,St. Anne's Hospital,2022-04-03,2022-10-30,2.6
CT-203,CT,St. Anne's Hospital,2022-04-03,2022-10-31,10.08
CT-203,CT,St. Anne's Hospital,2022-04-03,2022-11-01,11.56
CT-203,CT,St. Anne's Hospital,2022-04-03,2022-11-02,11.42
CT-203,CT,St. Anne's Hospital,2022-04-03,2022-11-03,11.06
CT-203,CT,St. Anne's Hospital,2022-04-03,2022-11-04,9.96
CT-203,CT,St. Anne's Hospital,2022-04-03,2022-11-05,7.27
CT-203,CT,St. Anne's Hospital,2022-04-03,2022-11-06,2.74
CT-203,CT,St. Anne's Hospital,2022-04-03,2022-11-07,12.01
CT-203,CT,St. Anne's Hospital,2022-04-03,2022-11-08,13.54
CT-203,CT,St. Anne's Hospital,2022-04-03,2022-11-09,11.3
CT-203,CT,St. Anne's Hospital,2022-04-03,2022-11-10,11.5
CT-203,CT,St. Anne's Hospital,2022-04-03,2022-11-11,10.53
CT-203,CT,St. Anne's Hospital,2022-04-03,2022-11-12,4.95
CT-203,CT,St. Anne's Hospital,2022-04-03,2022-11-13,10.465
CT-203,CT,St. Anne's Hospital,2022-04-03,2022-11-14,9.99
CT-203,CT,St. Anne's Hospital,2022-04-03,2022-11-15,9.67
CT-203,CT,St. Anne's Hospital,2022-04-03,2022-11-16,12.52
CT-203,CT,St. Anne's Hospital,2022-04-03,2022-11-17,11.22
CT-203,CT,St. Anne's Hospital,2022-04-03,2022-11-18,11.31
CT-203,CT,St. Anne's Hospital,2022-04-03,2022-11-19,6.3
CT-203,CT,St. Anne's Hospital,2022-04-03,2022-11-20,3.68
CT-203,CT,St. Anne's Hospital,2022-04-03,2022-11-21,11.84
CT-203,CT,St. Anne's Hospital,2022-04-03,2022-11-22,10.94
CT-203,CT,St. Anne's Hospital,2022-04-03,2022-11-23,11.45
CT-203,CT,St. Anne's Hospital,2022-04-03,2022-11-24,10.79
CT-203,CT,St. Anne's Hospital,2022-04-03,2022-11-25,10.66
CT-203,CT,St. Anne's Hospital,2022-04-03,2022-11-26,5.32
CT-203,CT,St. Anne's Hospital,2022-04-03,2022-11-27,2.06
CT-203,CT,St. Anne's Hospital,2022-04-03,2022-11-28,10.73
CT-203,CT,St. Anne's Hospital,2022-04-03,2022-11-29,11.02
CT-203,CT,St. Anne's Hospital,2022-04-03,2022-11-30,9.81
CT-203,CT,St. Anne's Hospital,2022-04-03,2022-12-01,10.94
CT-203,CT,St. Anne's Hospital,2022-04-03,2022-12-02,11.02
CT-203,CT,St. Anne's Hospital,2022-04-03,2022-12-03,4.64
CT-203,CT,St. Anne's Hospital,2022-04-03,2022-12-04,3.02
CT-203,CT,St. Anne's Hospital,2022-04-03,2022-12-05,11.34
CT-203,CT,St. Anne's Hospital,2022-04-03,2022-12-06,11.32
CT-203,CT,St. Anne's Hospital,2022-04-03,2022-12-07,9.93
CT-203,CT,St. Anne's Hospital,2022-04-03,2022-12-08,11.11
CT-203,CT,St. Anne's Hospital,2022-04-03,2022-12-09,11.89
CT-203,CT,St. Anne's Hospital,2022-04-03,2022-12-10,7.28
CT-203,CT,St. Anne's Hospital,2022-04-03,2022-12-11,3.75
CT-203,CT,St. Anne's Hospital,2022-04-03,2022-12-12,10.55
CT-203,CT,St. Anne's Hospital,2022-04-03,2022-12-13,10.4
CT-203,CT,St. Anne's Hospital,2022-04-03,2022-12-14,11.39
CT-203,CT,St. Anne's Hospital,2022-04-03,2022-12-15,11.15
CT-203,CT,St. Anne's Hospital,2022-04-03,2022-12-16,11.54
CT-203,CT,St. Anne's Hospital,2022-04-03,2022-12-17,6.7
CT-203,CT,St. Anne's Hospital,2022-04-03,2022-12-18,4.58
CT-203,CT,St. Anne's Hospital,2022-04-03,2022-12-19,11.06
CT-203,CT,St. Anne's Hospital,2022-04-03,2022-12-20,11.68
CT-203,CT,St. Anne's Hospital,2022-04-03,2022-12-21,11.75
CT-203,CT,St. Anne's Hospital,2022-04-03,2022-12-22,10.25
CT-203,CT,St. Anne's Hospital,2022-04-03,2022-12-23,9.34
CT-203,CT,St. Anne's Hospital,2022-04-03,2022-12-24,7.97
CT-203,CT,St. Anne's Hospital,2022-04-03,2022-12-25,4.07
CT-203,CT,St. Anne's Hospital,2022-04-03,2022-12-26,9.43
CT-203,CT,St. Anne's Hospital,2022-04-03,2022-12-27,10.33
CT-203,CT,St. Anne's Hospital,2022-04-03,2022-12-28,11.66
CT-203,CT,St. Anne's Hospital,2022-04-03,2022-12-29,10.72
CT-203,CT,St. Anne's Hospital,2022-04-03,2022-12-30,10.51
CT-203,CT,St. Anne's Hospital,2022-04-03,2022-12-31,7.84
CT-203,CT,St. Anne's Hospital,2022-04-03,2023-01-01,2.9
CT-203,CT,St. Anne's Hospital,2022-04-03,2023-01-02,10.25
CT-203,CT,St. Anne's Hospital,2022-04-03,2023-01-03,11.16
CT-203,CT,St. Anne's Hospital,2022-04-03,2023-01-04,11.32
CT-203,CT,St. Anne's Hospital,2022-04-03,2023-01-05,11.42
CT-203,CT,St. Anne's Hospital,2022-04-03,2023-01-06,11.79
CT-203,CT,St. Anne's Hospital,2022-04-03,2023-01-07,10.465
CT-203,CT,St. Anne's Hospital,2022-04-03,2023-01-08,4.28
CT-203,CT,St. Anne's Hospital,2022-04-03,2023-01-09,10.74
CT-203,CT,St. Anne's Hospital,2022-04-03,2023-01-10,11.03
CT-203,CT,St. Anne's Hospital,2022-04-03,2023-01-11,11.07
CT-203,CT,St. Anne's Hospital,2022-04-03,2023-01-12,11.16
CT-203,CT,St. Anne's Hospital,2022-04-03,2023-01-13,11.67
CT-203,CT,St. Anne's Hospital,2022-04-03,2023-01-14,7.08
CT-203,CT,St. Anne's Hospital,2022-04-03,2023-01-15,3.88
CT-203,CT,St. Anne's Hospital,2022-04-03,2023-01-16,10.24
CT-203,CT,St. Anne's Hospital,2022-04-03,2023-01-17,11.03
CT-203,CT,St. Anne's Hospital,2022-04-03,2023-01-18,10.95
CT-203,CT,St. Anne's Hospital,2022-04-03,2023-01-19,11.14
CT-203,CT,St. Anne's Hospital,2022-04-03,2023-01-20,12.96
CT-203,CT,St. Anne's Hospital,2022-04-03,2023-01-21,6.11
CT-203,CT,St. Anne's Hospital,2022-04-03,2023-01-22,4.22
CT-203,CT,St. Anne's Hospital,2022-04-03,2023-01-23,11.93
CT-203,CT,St. Anne's Hospital,2022-04-03,2023-01-24,11.06
CT-203,CT,St. Anne's Hospital,2022-04-03,2023-01-25,13.07
CT-203,CT,St. Anne's Hospital,2022-04-03,2023-01-26,10.63
CT-203,CT,St. Anne's Hospital,2022-04-03,2023-01-27,11.26
CT-203,CT,St. Anne's Hospital,2022-04-03,2023-01-28,5.86
CT-203,CT,St. Anne's Hospital,2022-04-03,2023-01-29,3.52
CT-203,CT,St. Anne's Hospital,2022-04-03,2023-01-30,11.19
CT-203,CT,St. Anne's Hospital,2022-04-03,2023-01-31,11.73
CT-203,CT,St. Anne's Hospital,2022-04-03,2023-02-01,11.26
CT-203,CT,St. Anne's Hospital,2022-04-03,2023-02-02,12.1
CT-203,CT,St. Anne's Hospital,2022-04-03,2023-02-03,10.88
CT-203,CT,St. Anne's Hospital,2022-04-03,2023-02-04,6.28
CT-203,CT,St. Anne's Hospital,2022-04-03,2023-02-05,6.27
CT-203,CT,St. Anne's Hospital,2022-04-03,2023-02-06,11.33
CT-203,CT,St. Anne's Hospital,2022-04-03,2023-02-07,10.32
CT-203,CT,St. Anne's Hospital,2022-04-03,2023-02-08,10.35
CT-203,CT,St. Anne's Hospital,2022-04-03,2023-02-09,10.12
CT-203,CT,St. Anne's Hospital,2022-04-03,2023-02-10,11.81
CT-203,CT,St. Anne's Hospital,2022-04-03,2023-02-11,6.25
CT-203,CT,St. Anne's Hospital,2022-04-03,2023-02-12,3.95
CT-203,CT,St. Anne's Hospital,2022-04-03,2023-02-13,10.91
CT-203,CT,St. Anne's Hospital,2022-04-03,2023-02-14,11.63
CT-203,CT,St. Anne's Hospital,2022-04-03,2023-02-15,10.21
CT-203,CT,St. Anne's Hospital,2022-04-03,2023-02-16,10.0
CT-203,CT,St. Anne's Hospital,2022-04-03,2023-02-17,11.17
CT-203,CT,St. Anne's Hospital,2022-04-03,2023-02-18,7.12
CT-203,CT,St. Anne's Hospital,2022-04-03,2023-02-19,4.14
CT-203,CT,St. Anne's Hospital,2022-04-03,2023-02-20,10.24
CT-203,CT,St. Anne's Hospital,2022-04-03,2023-02-21,11.58
CT-203,CT,St. Anne's Hospital,2022-04-03,2023-02-22,10.3
CT-203,CT,St. Anne's Hospital,2022-04-03,2023-02-23,10.5
CT-203,CT,St. Anne's Hospital,2022-04-03,2023-02-24,10.12
CT-203,CT,St. Anne's Hospital,2022-04-03,2023-02-25,7.75
CT-203,CT,St. Anne's Hospital,2022-04-03,2023-02-26,4.41
CT-203,CT,St. Anne's Hospital,2022-04-03,2023-02-27,11.51
CT-203,CT,St. Anne's Hospital,2022-04-03,2023-02-28,12.09
CT-203,CT,St. Anne's Hospital,2022-04-03,2023-03-01,13.5
CT-203,CT,St. Anne's Hospital,2022-04-03,2023-03-02,9.43
CT-203,CT,St. Anne's Hospital,2022-04-03,2023-03-03,10.31
CT-203,CT,St. Anne's Hospital,2022-04-03,2023-03-04,6.03
CT-203,CT,St. Anne's Hospital,2022-04-03,2023-03-05,3.07
CT-203,CT,St. Anne's Hospital,2022-04-03,2023-03-06,10.0
CT-203,CT,St. Anne's Hospital,2022-04-03,2023-03-07,10.7
CT-203,CT,St. Anne's Hospital,2022-04-03,2023-03-08,9.88
CT-203,CT,St. Anne's Hospital,2022-04-03,2023-03-09,11.27
CT-203,CT,St. Anne's Hospital,2022-04-03,2023-03-10,11.02
CT-203,CT,St. Anne's Hospital,2022-04-03,2023-03-11,10.465
CT-203,CT,St. Anne's Hospital,2022-04-03,2023-03-12,4.3
CT-203,CT,St. Anne's Hospital,2022-04-03,2023-03-13,11.51
CT-203,CT,St. Anne's Hospital,2022-04-03,2023-03-14,10.63
CT-203,CT,St. Anne's Hospital,2022-04-03,2023-03-15,12.88
CT-203,CT,St. Anne's Hospital,2022-04-03,2023-03-16,11.18
CT-203,CT,St. Anne's Hospital,2022-04-03,2023-03-17,9.29
CT-203,CT,St. Anne's Hospital,2022-04-03,2023-03-18,5.68
CT-203,CT,St. Anne's Hospital,2022-04-03,2023-03-19,2.27
CT-203,CT,St. Anne's Hospital,2022-04-03,2023-03-20,10.99
CT-203,CT,St. Anne's Hospital,2022-04-03,2023-03-21,10.86
CT-203,CT,St. Anne's Hospital,2022-04-03,2023-03-22,10.55
CT-203,CT,St. Anne's Hospital,2022-04-03,2023-03-23,12.78
CT-203,CT,St. Anne's Hospital,2022-04-03,2023-03-24,11.46
CT-203,CT,St. Anne's Hospital,2022-04-03,2023-03-25,7.24
CT-203,CT,St. Anne's Hospital,2022-04-03,2023-03-26,3.0
CT-203,CT,St. Anne's Hospital,2022-04-03,2023-03-27,10.07
CT-203,CT,St. Anne's Hospital,2022-04-03,2023-03-28,11.0
CT-203,CT,St. Anne's Hospital,2022-04-03,2023-03-29,11.13
CT-203,CT,St. Anne's Hospital,2022-04-03,2023-03-30,9.3
CT-203,CT,St. Anne's Hospital,2022-04-03,2023-03-31,10.81
XR-301,X-ray,Riverside General,2014-06-18,2022-04-01,13.75
XR-301,X-ray,Riverside General,2014-06-18,2022-04-02,8.01
XR-301,X-ray,Riverside General,2014-06-18,2022-04-03,3.91
XR-301,X-ray,Riverside General,2014-06-18,2022-04-04,13.14
XR-301,X-ray,Riverside General,2014-06-18,2022-04-05,13.54
XR-301,X-ray,Riverside General,2014-06-18,2022-04-06,13.84
XR-301,X-ray,Riverside General,2014-06-18,2022-04-07,14.4
XR-301,X-ray,Riverside General,2014-06-18,2022-04-08,14.93
XR-301,X-ray,Riverside General,2014-06-18,2022-04-09,7.92
XR-301,X-ray,Riverside General,2014-06-18,2022-04-10,4.31
XR-301,X-ray,Riverside General,2014-06-18,2022-04-11,14.22
XR-301,X-ray,Riverside General,2014-06-18,2022-04-12,14.41
XR-301,X-ray,Riverside General,2014-06-18,2022-04-13,13.26
XR-301,X-ray,Riverside General,2014-06-18,2022-04-14,14.61
XR-301,X-ray,Riverside General,2014-06-18,2022-04-15,14.81
XR-301,X-ray,Riverside General,2014-06-18,2022-04-16,9.66
XR-301,X-ray,Riverside General,2014-06-18,2022-04-17,6.76
XR-301,X-ray,Riverside General,2014-06-18,2022-04-18,12.78
XR-301,X-ray,Riverside General,2014-06-18,2022-04-19,13.75
XR-301,X-ray,Riverside General,2014-06-18,2022-04-20,13.75
XR-301,X-ray,Riverside General,2014-06-18,2022-04-21,13.63
XR-301,X-ray,Riverside General,2014-06-18,2022-04-22,13.02
XR-301,X-ray,Riverside General,2014-06-18,2022-04-23,6.61
XR-301,X-ray,Riverside General,2014-06-18,2022-04-24,4.91
XR-301,X-ray,Riverside General,2014-06-18,2022-04-25,12.89
XR-301,X-ray,Riverside General,2014-06-18,2022-04-26,13.83
XR-301,X-ray,Riverside General,2014-06-18,2022-04-27,12.86
XR-301,X-ray,Riverside General,2014-06-18,2022-04-28,12.53
XR-301,X-ray,Riverside General,2014-06-18,2022-04-29,13.99
XR-301,X-ray,Riverside General,2014-06-18,2022-04-30,8.41
XR-301,X-ray,Riverside General,2014-06-18,2022-05-01,5.45
XR-301,X-ray,Riverside General,2014-06-18,2022-05-02,16.14
XR-301,X-ray,Riverside General,2014-06-18,2022-05-03,14.04
XR-301,X-ray,Riverside General,2014-06-18,2022-05-04,14.27
XR-301,X-ray,Riverside General,2014-06-18,2022-05-05,12.55
XR-301,X-ray,Riverside General,2014-06-18,2022-05-06,12.32
XR-301,X-ray,Riverside General,2014-06-18,2022-05-07,9.98
XR-301,X-ray,Riverside General,2014-06-18,2022-05-08,3.79
XR-301,X-ray,Riverside General,2014-06-18,2022-05-09,12.59
XR-301,X-ray,Riverside General,2014-06-18,2022-05-10,13.69
XR-301,X-ray,Riverside General,2014-06-18,2022-05-11,13.64
XR-301,X-ray,Riverside General,2014-06-18,2022-05-12,12.74
XR-301,X-ray,Riverside General,2014-06-18,2022-05-13,13.4
XR-301,X-ray,Riverside General,2014-06-18,2022-05-14,9.59
XR-301,X-ray,Riverside General,2014-06-18,2022-05-15,3.92
XR-301,X-ray,Riverside General,2014-06-18,2022-05-16,12.2
XR-301,X-ray,Riverside General,2014-06-18,2022-05-17,14.77
XR-301,X-ray,Riverside General,2014-06-18,2022-05-18,14.28
XR-301,X-ray,Riverside General,2014-06-18,2022-05-19,13.05
XR-301,X-ray,Riverside General,2014-06-18,2022-05-20,12.0
XR-301,X-ray,Riverside General,2014-06-18,2022-05-21,7.42
XR-301,X-ray,Riverside General,2014-06-18,2022-05-22,4.75
XR-301,X-ray,Riverside General,2014-06-18,2022-05-23,15.02
XR-301,X-ray,Riverside General,2014-06-18,2022-05-24,12.6
XR-301,X-ray,Riverside General,2014-06-18,2022-05-25,13.64
XR-301,X-ray,Riverside General,2014-06-18,2022-05-26,14.48
XR-301,X-ray,Riverside General,2014-06-18,2022-05-27,11.12
XR-301,X-ray,Riverside General,2014-06-18,2022-05-28,9.38
XR-301,X-ray,Riverside General,2014-06-18,2022-05-29,3.51
XR-301,X-ray,Riverside General,2014-06-18,2022-05-30,14.1
XR-301,X-ray,Riverside General,2014-06-18,2022-05-31,14.01
XR-301,X-ray,Riverside General,2014-06-18,2022-06-01,14.93
XR-301,X-ray,Riverside General,2014-06-18,2022-06-02,14.34
XR-301,X-ray,Riverside General,2014-06-18,2022-06-03,11.12
XR-301,X-ray,Riverside General,2014-06-18,2022-06-04,7.38
XR-301,X-ray,Riverside General,2014-06-18,2022-06-05,4.96
XR-301,X-ray,Riverside General,2014-06-18,2022-06-06,13.52
XR-301,X-ray,Riverside General,2014-06-18,2022-06-07,14.26
XR-301,X-ray,Riverside General,2014-06-18,2022-06-08,14.6
XR-301,X-ray,Riverside General,2014-06-18,2022-06-09,14.41
XR-301,X-ray,Riverside General,2014-06-18,2022-06-10,13.5
XR-301,X-ray,Riverside General,2014-06-18,2022-06-11,6.21
XR-301,X-ray,Riverside General,2014-06-18,2022-06-12,4.31
XR-301,X-ray,Riverside General,2014-06-18,2022-06-13,14.19
XR-301,X-ray,Riverside General,2014-06-18,2022-06-14,12.54
XR-301,X-ray,Riverside General,2014-06-18,2022-06-15,14.43
XR-301,X-ray,Riverside General,2014-06-18,2022-06-16,14.74
XR-301,X-ray,Riverside General,2014-06-18,2022-06-17,13.88
XR-301,X-ray,Riverside General,2014-06-18,2022-06-18,4.87
XR-301,X-ray,Riverside General,2014-06-18,2022-06-19,3.4
XR-301,X-ray,Riverside General,2014-06-18,2022-06-20,15.81
XR-301,X-ray,Riverside General,2014-06-18,2022-06-21,13.14
XR-301,X-ray,Riverside General,2014-06-18,2022-06-22,11.55
XR-301,X-ray,Riverside General,2014-06-18,2022-06-23,15.1
XR-301,X-ray,Riverside General,2014-06-18,2022-06-24,13.75
XR-301,X-ray,Riverside General,2014-06-18,2022-06-25,9.46
XR-301,X-ray,Riverside General,2014-06-18,2022-06-26,5.11
XR-301,X-ray,Riverside General,2014-06-18,2022-06-27,14.24
XR-301,X-ray,Riverside General,2014-06-18,2022-06-28,14.14
XR-301,X-ray,Riverside General,2014-06-18,2022-06-29,14.5
XR-301,X-ray,Riverside General,2014-06-18,2022-06-30,16.24
XR-301,X-ray,Riverside General,2014-06-18,2022-07-01,14.8
XR-301,X-ray,Riverside General,2014-06-18,2022-07-02,6.5
XR-301,X-ray,Riverside General,2014-06-18,2022-07-03,5.3
XR-301,X-ray,Riverside General,2014-06-18,2022-07-04,14.99
XR-301,X-ray,Riverside General,2014-06-18,2022-07-05,15.06
XR-301,X-ray,Riverside General,2014-06-18,2022-07-06,13.27
XR-301,X-ray,Riverside General,2014-06-18,2022-07-07,15.02
XR-301,X-ray,Riverside General,2014-06-18,2022-07-08,14.76
XR-301,X-ray,Riverside General,2014-06-18,2022-07-09,11.07
XR-301,X-ray,Riverside General,2014-06-18,2022-07-10,3.98
XR-301,X-ray,Riverside General,2014-06-18,2022-07-11,13.18
XR-301,X-ray,Riverside General,2014-06-18,2022-07-12,13.4
XR-301,X-ray,Riverside General,2014-06-18,2022-07-13,13.2
XR-301,X-ray,Riverside General,2014-06-18,2022-07-14,12.76
XR-301,X-ray,Riverside General,2014-06-18,2022-07-15,10.7
XR-301,X-ray,Riverside General,2014-06-18,2022-07-16,7.76
XR-301,X-ray,Riverside General,2014-06-18,2022-07-17,5.21
XR-301,X-ray,Riverside General,2014-06-18,2022-07-18,13.19
XR-301,X-ray,Riverside General,2014-06-18,2022-07-19,15.87
XR-301,X-ray,Riverside General,2014-06-18,2022-07-20,13.75
XR-301,X-ray,Riverside General,2014-06-18,2022-07-21,15.16
XR-301,X-ray,Riverside General,2014-06-18,2022-07-22,14.02
XR-301,X-ray,Riverside General,2014-06-18,2022-07-23,9.15
XR-301,X-ray,Riverside General,2014-06-18,2022-07-24,5.11
XR-301,X-ray,Riverside General,2014-06-18,2022-07-25,15.24
XR-301,X-ray,Riverside General,2014-06-18,2022-07-26,13.8
XR-301,X-ray,Riverside General,2014-06-18,2022-07-27,14.28
XR-301,X-ray,Riverside General,2014-06-18,2022-07-28,14.14
XR-301,X-ray,Riverside General,2014-06-18,2022-07-29,13.42
XR-301,X-ray,Riverside General,2014-06-18,2022-07-30,8.69
XR-301,X-ray,Riverside General,2014-06-18,2022-07-31,7.27
XR-301,X-ray,Riverside General,2014-06-18,2022-08-01,13.44
XR-301,X-ray,Riverside General,2014-06-18,2022-08-02,14.2
XR-301,X-ray,Riverside General,2014-06-18,2022-08-03,15.12
XR-301,X-ray,Riverside General,2014-06-18,2022-08-04,14.99
XR-301,X-ray,Riverside General,2014-06-18,2022-08-05,13.75
XR-301,X-ray,Riverside General,2014-06-18,2022-08-06,5.62
XR-301,X-ray,Riverside General,2014-06-18,2022-08-07,5.38
XR-301,X-ray,Riverside General,2014-06-18,2022-08-08,11.3
XR-301,X-ray,Riverside General,2014-06-18,2022-08-09,15.35
XR-301,X-ray,Riverside General,2014-06-18,2022-08-10,13.92
XR-301,X-ray,Riverside General,2014-06-18,2022-08-11,14.84
XR-301,X-ray,Riverside General,2014-06-18,2022-08-12,12.74
XR-301,X-ray,Riverside General,2014-06-18,2022-08-13,6.53
XR-301,X-ray,Riverside General,2014-06-18,2022-08-14,5.09
XR-301,X-ray,Riverside General,2014-06-18,2022-08-15,13.7
XR-301,X-ray,Riverside General,2014-06-18,2022-08-16,13.2
XR-301,X-ray,Riverside General,2014-06-18,2022-08-17,13.83
XR-301,X-ray,Riverside General,2014-06-18,2022-08-18,16.78
XR-301,X-ray,Riverside General,2014-06-18,2022-08-19,14.65
XR-301,X-ray,Riverside General,2014-06-18,2022-08-20,9.4
XR-301,X-ray,Riverside General,2014-06-18,2022-08-21,5.74
XR-301,X-ray,Riverside General,2014-06-18,2022-08-22,15.36
XR-301,X-ray,Riverside General,2014-06-18,2022-08-23,13.53
XR-301,X-ray,Riverside General,2014-06-18,2022-08-24,11.48
XR-301,X-ray,Riverside General,2014-06-18,2022-08-25,13.53
XR-301,X-ray,Riverside General,2014-06-18,2022-08-26,14.63
XR-301,X-ray,Riverside General,2014-06-18,2022-08-27,7.18
XR-301,X-ray,Riverside General,2014-06-18,2022-08-28,4.61
XR-301,X-ray,Riverside General,2014-06-18,2022-08-29,12.98
XR-301,X-ray,Riverside General,2014-06-18,2022-08-30,15.39
XR-301,X-ray,Riverside General,2014-06-18,2022-08-31,14.56
XR-301,X-ray,Riverside General,2014-06-18,2022-09-01,14.45
XR-301,X-ray,Riverside General,2014-06-18,2022-09-02,14.42
XR-301,X-ray,Riverside General,2014-06-18,2022-09-03,8.2
XR-301,X-ray,Riverside General,2014-06-18,2022-09-04,5.03
XR-301,X-ray,Riverside General,2014-06-18,2022-09-05,12.43
XR-301,X-ray,Riverside General,2014-06-18,2022-09-06,11.33
XR-301,X-ray,Riverside General,2014-06-18,2022-09-07,13.9
XR-301,X-ray,Riverside General,2014-06-18,2022-09-08,14.09
XR-301,X-ray,Riverside General,2014-06-18,2022-09-09,15.07
XR-301,X-ray,Riverside General,2014-06-18,2022-09-10,9.97
XR-301,X-ray,Riverside General,2014-06-18,2022-09-11,6.53
XR-301,X-ray,Riverside General,2014-06-18,2022-09-12,12.64
XR-301,X-ray,Riverside General,2014-06-18,2022-09-13,13.35
XR-301,X-ray,Riverside General,2014-06-18,2022-09-14,14.26
XR-301,X-ray,Riverside General,2014-06-18,2022-09-15,16.52
XR-301,X-ray,Riverside General,2014-06-18,2022-09-16,15.36
XR-301,X-ray,Riverside General,2014-06-18,2022-09-17,9.47
XR-301,X-ray,Riverside General,2014-06-18,2022-09-18,4.38
XR-301,X-ray,Riverside General,2014-06-18,2022-09-19,12.77
XR-301,X-ray,Riverside General,2014-06-18,2022-09-20,14.6
XR-301,X-ray,Riverside General,2014-06-18,2022-09-21,12.53
XR-301,X-ray,Riverside General,2014-06-18,2022-09-22,13.47
XR-301,X-ray,Riverside General,2014-06-18,2022-09-23,13.61
XR-301,X-ray,Riverside General,2014-06-18,2022-09-24,9.99
XR-301,X-ray,Riverside General,2014-06-18,2022-09-25,4.42
XR-301,X-ray,Riverside General,2014-06-18,2022-09-26,11.05
XR-301,X-ray,Riverside General,2014-06-18,2022-09-27,14.29
XR-301,X-ray,Riverside General,2014-06-18,2022-09-28,12.97
XR-301,X-ray,Riverside General,2014-06-18,2022-09-29,13.78
XR-301,X-ray,Riverside General,2014-06-18,2022-09-30,13.64
XR-301,X-ray,Riverside General,2014-06-18,2022-10-01,7.94
XR-301,X-ray,Riverside General,2014-06-18,2022-10-02,5.68
XR-301,X-ray,Riverside General,2014-06-18,2022-10-03,12.05
XR-301,X-ray,Riverside General,2014-06-18,2022-10-04,13.17
XR-301,X-ray,Riverside General,2014-06-18,2022-10-05,14.49
XR-301,X-ray,Riverside General,2014-06-18,2022-10-06,13.06
XR-301,X-ray,Riverside General,2014-06-18,2022-10-07,11.97
XR-301,X-ray,Riverside General,2014-06-18,2022-10-08,8.98
XR-301,X-ray,Riverside General,2014-06-18,2022-10-09,6.04
XR-301,X-ray,Riverside General,2014-06-18,2022-10-10,13.69
XR-301,X-ray,Riverside General,2014-06-18,2022-10-11,11.58
XR-301,X-ray,Riverside General,2014-06-18,2022-10-12,14.51
XR-301,X-ray,Riverside General,2014-06-18,2022-10-13,11.91
XR-301,X-ray,Riverside General,2014-06-18,2022-10-14,14.08
XR-301,X-ray,Riverside General,2014-06-18,2022-10-15,7.27
XR-301,X-ray,Riverside General,2014-06-18,2022-10-16,3.53
XR-301,X-ray,Riverside General,2014-06-18,2022-10-17,13.25
XR-301,X-ray,Riverside General,2014-06-18,2022-10-18,13.53
XR-301,X-ray,Riverside General,2014-06-18,2022-10-19,13.03
XR-301,X-ray,Riverside General,2014-06-18,2022-10-20,14.38
XR-301,X-ray,Riverside General,2014-06-18,2022-10-21,13.25
XR-301,X-ray,Riverside General,2014-06-18,2022-10-22,9.32
XR-301,X-ray,Riverside General,2014-06-18,2022-10-23,5.12
XR-301,X-ray,Riverside General,2014-06-18,2022-10-24,12.97
XR-301,X-ray,Riverside General,2014-06-18,2022-10-25,12.78
XR-301,X-ray,Riverside General,2014-06-18,2022-10-26,11.92
XR-301,X-ray,Riverside General,2014-06-18,2022-10-27,14.06
XR-301,X-ray,Riverside General,2014-06-18,2022-10-28,13.35
XR-301,X-ray,Riverside General,2014-06-18,2022-10-29,5.63
XR-301,X-ray,Riverside General,2014-06-18,2022-10-30,4.22
XR-301,X-ray,Riverside General,2014-06-18,2022-10-31,12.75
XR-301,X-ray,Riverside General,2014-06-18,2022-11-01,15.47
XR-301,X-ray,Riverside General,2014-06-18,2022-11-02,11.86
XR-301,X-ray,Riverside General,2014-06-18,2022-11-03,12.15
XR-301,X-ray,Riverside General,2014-06-18,2022-11-04,14.96
XR-301,X-ray,Riverside General,2014-06-18,2022-11-05,9.73
XR-301,X-ray,Riverside General,2014-06-18,2022-11-06,3.99
XR-301,X-ray,Riverside General,2014-06-18,2022-11-07,13.04
XR-301,X-ray,Riverside General,2014-06-18,2022-11-08,14.41
XR-301,X-ray,Riverside General,2014-06-18,2022-11-09,11.18
XR-301,X-ray,Riverside General,2014-06-18,2022-11-10,11.69
XR-301,X-ray,Riverside General,2014-06-18,2022-11-11,13.43
XR-301,X-ray,Riverside General,2014-06-18,2022-11-12,13.23
XR-301,X-ray,Riverside General,2014-06-18,2022-11-13,4.33
XR-301,X-ray,Riverside General,2014-06-18,2022-11-14,13.85
XR-301,X-ray,Riverside General,2014-06-18,2022-11-15,14.98
XR-301,X-ray,Riverside General,2014-06-18,2022-11-16,16.05
XR-301,X-ray,Riverside General,2014-06-18,2022-11-17,13.1
XR-301,X-ray,Riverside General,2014-06-18,2022-11-18,13.72
XR-301,X-ray,Riverside General,2014-06-18,2022-11-19,10.25
XR-301,X-ray,Riverside General,2014-06-18,2022-11-20,3.13
XR-301,X-ray,Riverside General,2014-06-18,2022-11-21,14.87
XR-301,X-ray,Riverside General,2014-06-18,2022-11-22,12.62
XR-301,X-ray,Riverside General,2014-06-18,2022-11-23,13.85
XR-301,X-ray,Riverside General,2014-06-18,2022-11-24,13.47
XR-301,X-ray,Riverside General,2014-06-18,2022-11-25,12.68
XR-301,X-ray,Riverside General,2014-06-18,2022-11-26,7.16
XR-301,X-ray,Riverside General,2014-06-18,2022-11-27,5.11
XR-301,X-ray,Riverside General,2014-06-18,2022-11-28,14.83
XR-301,X-ray,Riverside General,2014-06-18,2022-11-29,13.59
XR-301,X-ray,Riverside General,2014-06-18,2022-11-30,13.81
XR-301,X-ray,Riverside General,2014-06-18,2022-12-01,14.36
XR-301,X-ray,Riverside General,2014-06-18,2022-12-02,12.67
XR-301,X-ray,Riverside General,2014-06-18,2022-12-03,9.06
XR-301,X-ray,Riverside General,2014-06-18,2022-12-04,5.71
XR-301,X-ray,Riverside General,2014-06-18,2022-12-05,16.6
XR-301,X-ray,Riverside General,2014-06-18,2022-12-06,13.32
XR-301,X-ray,Riverside General,2014-06-18,2022-12-07,13.23
XR-301,X-ray,Riverside General,2014-06-18,2022-12-08,14.58
XR-301,X-ray,Riverside General,2014-06-18,2022-12-09,14.64
XR-301,X-ray,Riverside General,2014-06-18,2022-12-10,7.65
XR-301,X-ray,Riverside General,2014-06-18,2022-12-11,4.36
XR-301,X-ray,Riverside General,2014-06-18,2022-12-12,14.33
XR-301,X-ray,Riverside General,2014-06-18,2022-12-13,12.83
XR-301,X-ray,Riverside General,2014-06-18,2022-12-14,13.29
XR-301,X-ray,Riverside General,2014-06-18,2022-12-15,13.84
XR-301,X-ray,Riverside General,2014-06-18,2022-12-16,14.83
XR-301,X-ray,Riverside General,2014-06-18,2022-12-17,7.58
XR-301,X-ray,Riverside General,2014-06-18,2022-12-18,2.78
XR-301,X-ray,Riverside General,2014-06-18,2022-12-19,11.63
XR-301,X-ray,Riverside General,2014-06-18,2022-12-20,12.35
XR-301,X-ray,Riverside General,2014-06-18,2022-12-21,12.29
XR-301,X-ray,Riverside General,2014-06-18,2022-12-22,13.57
XR-301,X-ray,Riverside General,2014-06-18,2022-12-23,12.43
XR-301,X-ray,Riverside General,2014-06-18,2022-12-24,7.47
XR-301,X-ray,Riverside General,2014-06-18,2022-12-25,3.96
XR-301,X-ray,Riverside General,2014-06-18,2022-12-26,13.25
XR-301,X-ray,Riverside General,2014-06-18,2022-12-27,15.19
XR-301,X-ray,Riverside General,2014-06-18,2022-12-28,14.46
XR-301,X-ray,Riverside General,2014-06-18,2022-12-29,13.75
XR-301,X-ray,Riverside General,2014-06-18,2022-12-30,13.23
XR-301,X-ray,Riverside General,2014-06-18,2022-12-31,7.77
XR-301,X-ray,Riverside General,2014-06-18,2023-01-01,5.17
XR-301,X-ray,Riverside General,2014-06-18,2023-01-02,14.38
XR-301,X-ray,Riverside General,2014-06-18,2023-01-03,12.74
XR-301,X-ray,Riverside General,2014-06-18,2023-01-04,13.78
XR-301,X-ray,Riverside General,2014-06-18,2023-01-05,11.5
XR-301,X-ray,Riverside General,2014-06-18,2023-01-06,13.97
XR-301,X-ray,Riverside General,2014-06-18,2023-01-07,9.08
XR-301,X-ray,Riverside General,2014-06-18,2023-01-08,4.5
XR-301,X-ray,Riverside General,2014-06-18,2023-01-09,15.73
XR-301,X-ray,Riverside General,2014-06-18,2023-01-10,12.77
XR-301,X-ray,Riverside General,2014-06-18,2023-01-11,13.98
XR-301,X-ray,Riverside General,2014-06-18,2023-01-12,13.7
XR-301,X-ray,Riverside General,2014-06-18,2023-01-13,13.23
XR-301,X-ray,Riverside General,2014-06-18,2023-01-14,8.12
XR-301,X-ray,Riverside General,2014-06-18,2023-01-15,4.93
XR-301,X-ray,Riverside General,2014-06-18,2023-01-16,14.67
XR-301,X-ray,Riverside General,2014-06-18,2023-01-17,15.25
XR-301,X-ray,Riverside General,2014-06-18,2023-01-18,13.73
XR-301,X-ray,Riverside General,2014-06-18,2023-01-19,14.63
XR-301,X-ray,Riverside General,2014-06-18,2023-01-20,12.96
XR-301,X-ray,Riverside General,2014-06-18,2023-01-21,9.08
XR-301,X-ray,Riverside General,2014-06-18,2023-01-22,3.97
XR-301,X-ray,Riverside General,2014-06-18,2023-01-23,14.94
XR-301,X-ray,Riverside General,2014-06-18,2023-01-24,16.17
XR-301,X-ray,Riverside General,2014-06-18,2023-01-25,13.6
XR-301,X-ray,Riverside General,2014-06-18,2023-01-26,11.32
XR-301,X-ray,Riverside General,2014-06-18,2023-01-27,13.13
XR-301,X-ray,Riverside General,2014-06-18,2023-01-28,9.6
XR-301,X-ray,Riverside General,2014-06-18,2023-01-29,5.42
XR-301,X-ray,Riverside General,2014-06-18,2023-01-30,14.01
XR-301,X-ray,Riverside General,2014-06-18,2023-01-31,14.85
XR-301,X-ray,Riverside General,2014-06-18,2023-02-01,14.27
XR-301,X-ray,Riverside General,2014-06-18,2023-02-02,15.08
XR-301,X-ray,Riverside General,2014-06-18,2023-02-03,14.75
XR-301,X-ray,Riverside General,2014-06-18,2023-02-04,9.92
XR-301,X-ray,Riverside General,2014-06-18,2023-02-05,5.2
XR-301,X-ray,Riverside General,2014-06-18,2023-02-06,14.73
XR-301,X-ray,Riverside General,2014-06-18,2023-02-07,13.4
XR-301,X-ray,Riverside General,2014-06-18,2023-02-08,13.07
XR-301,X-ray,Riverside General,2014-06-18,2023-02-09,15.61
XR-301,X-ray,Riverside General,2014-06-18,2023-02-10,13.97
XR-301,X-ray,Riverside General,2014-06-18,2023-02-11,9.13
XR-301,X-ray,Riverside General,2014-06-18,2023-02-12,4.94
XR-301,X-ray,Riverside General,2014-06-18,2023-02-13,13.09
XR-301,X-ray,Riverside General,2014-06-18,2023-02-14,13.75
XR-301,X-ray,Riverside General,2014-06-18,2023-02-15,15.32
XR-301,X-ray,Riverside General,2014-06-18,2023-02-16,14.35
XR-301,X-ray,Riverside General,2014-06-18,2023-02-17,11.85
XR-301,X-ray,Riverside General,2014-06-18,2023-02-18,8.01
XR-301,X-ray,Riverside General,2014-06-18,2023-02-19,6.77
XR-301,X-ray,Riverside General,2014-06-18,2023-02-20,13.5
XR-301,X-ray,Riverside General,2014-06-18,2023-02-21,11.76
XR-301,X-ray,Riverside General,2014-06-18,2023-02-22,15.82
XR-301,X-ray,Riverside General,2014-06-18,2023-02-23,14.49
XR-301,X-ray,Riverside General,2014-06-18,2023-02-24,13.66
XR-301,X-ray,Riverside General,2014-06-18,2023-02-25,7.83
XR-301,X-ray,Riverside General,2014-06-18,2023-02-26,6.0
XR-301,X-ray,Riverside General,2014-06-18,2023-02-27,13.14
XR-301,X-ray,Riverside General,2014-06-18,2023-02-28,15.0
XR-301,X-ray,Riverside General,2014-06-18,2023-03-01,14.33
XR-301,X-ray,Riverside General,2014-06-18,2023-03-02,14.01
XR-301,X-ray,Riverside General,2014-06-18,2023-03-03,13.9
XR-301,X-ray,Riverside General,2014-06-18,2023-03-04,8.05
XR-301,X-ray,Riverside General,2014-06-18,2023-03-05,5.96
XR-301,X-ray,Riverside General,2014-06-18,2023-03-06,12.78
XR-301,X-ray,Riverside General,2014-06-18,2023-03-07,11.95
XR-301,X-ray,Riverside General,2014-06-18,2023-03-08,14.41
XR-301,X-ray,Riverside General,2014-06-18,2023-03-09,14.43
XR-301,X-ray,Riverside General,2014-06-18,2023-03-10,14.26
XR-301,X-ray,Riverside General,2014-06-18,2023-03-11,8.69
XR-301,X-ray,Riverside General,2014-06-18,2023-03-12,4.46
XR-301,X-ray,Riverside General,2014-06-18,2023-03-13,14.6
XR-301,X-ray,Riverside General,2014-06-18,2023-03-14,13.69
XR-301,X-ray,Riverside General,2014-06-18,2023-03-15,13.2
XR-301,X-ray,Riverside General,2014-06-18,2023-03-16,13.39
XR-301,X-ray,Riverside General,2014-06-18,2023-03-17,15.96
XR-301,X-ray,Riverside General,2014-06-18,2023-03-18,6.33
XR-301,X-ray,Riverside General,2014-06-18,2023-03-19,5.36
XR-301,X-ray,Riverside General,2014-06-18,2023-03-20,11.89
XR-301,X-ray,Riverside General,2014-06-18,2023-03-21,13.62
XR-301,X-ray,Riverside General,2014-06-18,2023-03-22,13.26
XR-301,X-ray,Riverside General,2014-06-18,2023-03-23,11.44
XR-301,X-ray,Riverside General,2014-06-18,2023-03-24,14.16
XR-301,X-ray,Riverside General,2014-06-18,2023-03-25,7.82
XR-301,X-ray,Riverside General,2014-06-18,2023-03-26,2.5
XR-301,X-ray,Riverside General,2014-06-18,2023-03-27,14.66
XR-301,X-ray,Riverside General,2014-06-18,2023-03-28,15.32
XR-301,X-ray,Riverside General,2014-06-18,2023-03-29,15.38
XR-301,X-ray,Riverside General,2014-06-18,2023-03-30,14.13
XR-301,X-ray,Riverside General,2014-06-18,2023-03-31,13.79
XR-302,X-ray,Lakeview Medical Center,2017-10-09,2022-04-01,15.3
XR-302,X-ray,Lakeview Medical Center,2017-10-09,2022-04-02,10.15
XR-302,X-ray,Lakeview Medical Center,2017-10-09,2022-04-03,6.09
XR-302,X-ray,Lakeview Medical Center,2017-10-09,2022-04-04,12.8
XR-302,X-ray,Lakeview Medical Center,2017-10-09,2022-04-05,14.06
XR-302,X-ray,Lakeview Medical Center,2017-10-09,2022-04-06,14.32
XR-302,X-ray,Lakeview Medical Center,2017-10-09,2022-04-07,11.85
XR-302,X-ray,Lakeview Medical Center,2017-10-09,2022-04-08,14.35
XR-302,X-ray,Lakeview Medical Center,2017-10-09,2022-04-09,10.8
XR-302,X-ray,Lakeview Medical Center,2017-10-09,2022-04-10,5.55
XR-302,X-ray,Lakeview Medical Center,2017-10-09,2022-04-11,15.46
XR-302,X-ray,Lakeview Medical Center,2017-10-09,2022-04-12,14.04
XR-302,X-ray,Lakeview Medical Center,2017-10-09,2022-04-13,13.76
XR-302,X-ray,Lakeview Medical Center,2017-10-09,2022-04-14,14.26
XR-302,X-ray,Lakeview Medical Center,2017-10-09,2022-04-15,12.94
XR-302,X-ray,Lakeview Medical Center,2017-10-09,2022-04-16,7.24
XR-302,X-ray,Lakeview Medical Center,2017-10-09,2022-04-17,6.24
XR-302,X-ray,Lakeview Medical Center,2017-10-09,2022-04-18,15.35
XR-302,X-ray,Lakeview Medical Center,2017-10-09,2022-04-19,12.75
XR-302,X-ray,Lakeview Medical Center,2017-10-09,2022-04-20,14.9
XR-302,X-ray,Lakeview Medical Center,2017-10-09,2022-04-21,13.74
XR-302,X-ray,Lakeview Medical Center,2017-10-09,2022-04-22,14.21
XR-302,X-ray,Lakeview Medical Center,2017-10-09,2022-04-23,8.81
XR-302,X-ray,Lakeview Medical Center,2017-10-09,2022-04-24,5.94
XR-302,X-ray,Lakeview Medical Center,2017-10-09,2022-04-25,13.93
XR-302,X-ray,Lakeview Medical Center,2017-10-09,2022-04-26,15.39
XR-302,X-ray,Lakeview Medical Center,2017-10-09,2022-04-27,14.18
XR-302,X-ray,Lakeview Medical Center,2017-10-09,2022-04-28,14.52
XR-302,X-ray,Lakeview Medical Center,2017-10-09,2022-04-29,12.92
XR-302,X-ray,Lakeview Medical Center,2017-10-09,2022-04-30,10.68
XR-302,X-ray,Lakeview Medical Center,2017-10-09,2022-05-01,5.36
XR-302,X-ray,Lakeview Medical Center,2017-10-09,2022-05-02,14.62
XR-302,X-ray,Lakeview Medical Center,2017-10-09,2022-05-03,12.07
XR-302,X-ray,Lakeview Medical Center,2017-10-09,2022-05-04,12.93
XR-302,X-ray,Lakeview Medical Center,2017-10-09,2022-05-05,15.2
XR-302,X-ray,Lakeview Medical Center,2017-10-09,2022-05-06,14.15
XR-302,X-ray,Lakeview Medical Center,2017-10-09,2022-05-07,6.2
XR-302,X-ray,Lakeview Medical Center,2017-10-09,2022-05-08,5.98
XR-302,X-ray,Lakeview Medical Center,2017-10-09,2022-05-09,13.24
XR-302,X-ray,Lakeview Medical Center,2017-10-09,2022-05-10,15.39
XR-302,X-ray,Lakeview Medical Center,2017-10-09,2022-05-11,13.74
XR-302,X-ray,Lakeview Medical Center,2017-10-09,2022-05-12,13.24
XR-302,X-ray,Lakeview Medical Center,2017-10-09,2022-05-13,15.13
XR-302,X-ray,Lakeview Medical Center,2017-10-09,2022-05-14,7.31
XR-302,X-ray,Lakeview Medical Center,2017-10-09,2022-05-15,3.75
XR-302,X-ray,Lakeview Medical Center,2017-10-09,2022-05-16,13.62
XR-302,X-ray,Lakeview Medical Center,2017-10-09,2022-05-17,14.75
XR-302,X-ray,Lakeview Medical Center,2017-10-09,2022-05-18,12.37
XR-302,X-ray,Lakeview Medical Center,2017-10-09,2022-05-19,12.0
XR-302,X-ray,Lakeview Medical Center,2017-10-09,2022-05-20,14.74
XR-302,X-ray,Lakeview Medical Center,2017-10-09,2022-05-21,7.64
XR-302,X-ray,Lakeview Medical Center,2017-10-09,2022-05-22,4.41
XR-302,X-ray,Lakeview Medical Center,2017-10-09,2022-05-23,11.79
XR-302,X-ray,Lakeview Medical Center,2017-10-09,2022-05-24,13.09
XR-302,X-ray,Lakeview Medical Center,2017-10-09,2022-05-25,13.83
XR-302,X-ray,Lakeview Medical Center,2017-10-09,2022-05-26,14.86
XR-302,X-ray,Lakeview Medical Center,2017-10-09,2022-05-27,12.99
XR-302,X-ray,Lakeview Medical Center,2017-10-09,2022-05-28,10.12
XR-302,X-ray,Lakeview Medical Center,2017-10-09,2022-05-29,4.09
XR-302,X-ray,Lakeview Medical Center,2017-10-09,2022-05-30,13.08
XR-302,X-ray,Lakeview Medical Center,2017-10-09,2022-05-31,15.53
XR-302,X-ray,Lakeview Medical Center,2017-10-09,2022-06-01,14.07
XR-302,X-ray,Lakeview Medical Center,2017-10-09,2022-06-02,13.23
XR-302,X-ray,Lakeview Medical Center,2017-10-09,2022-06-03,13.67
XR-302,X-ray,Lakeview Medical Center,2017-10-09,2022-06-04,9.79
XR-302,X-ray,Lakeview Medical Center,2017-10-09,2022-06-05,6.46
XR-302,X-ray,Lakeview Medical Center,2017-10-09,2022-06-06,12.94
XR-302,X-ray,Lakeview Medical Center,2017-10-09,2022-06-07,13.79
XR-302,X-ray,Lakeview Medical Center,2017-10-09,2022-06-08,13.94
XR-302,X-ray,Lakeview Medical Center,2017-10-09,2022-06-09,12.75
XR-302,X-ray,Lakeview Medical Center,2017-10-09,2022-06-10,13.77
XR-302,X-ray,Lakeview Medical Center,2017-10-09,2022-06-11,8.31
XR-302,X-ray,Lakeview Medical Center,2017-10-09,2022-06-12,6.1
XR-302,X-ray,Lakeview Medical Center,2017-10-09,2022-06-13,15.16
XR-302,X-ray,Lakeview Medical Center,2017-10-09,2022-06-14,13.47
XR-302,X-ray,Lakeview Medical Center,2017-10-09,2022-06-15,13.6
XR-302,X-ray,Lakeview Medical Center,2017-10-09,2022-06-16,14.57
XR-302,X-ray,Lakeview Medical Center,2017-10-09,2022-06-17,13.19
XR-302,X-ray,Lakeview Medical Center,2017-10-09,2022-06-18,8.95
XR-302,X-ray,Lakeview Medical Center,2017-10-09,2022-06-19,4.75
XR-302,X-ray,Lakeview Medical Center,2017-10-09,2022-06-20,12.77
XR-302,X-ray,Lakeview Medical Center,2017-10-09,2022-06-21,12.78
XR-302,X-ray,Lakeview Medical Center,2017-10-09,2022-06-22,15.43
XR-302,X-ray,Lakeview Medical Center,2017-10-09,2022-06-23,13.66
XR-302,X-ray,Lakeview Medical Center,2017-10-09,2022-06-24,15.64
XR-302,X-ray,Lakeview Medical Center,2017-10-09,2022-06-25,7.74
XR-302,X-ray,Lakeview Medical Center,2017-10-09,2022-06-26,5.16
XR-302,X-ray,Lakeview Medical Center,2017-10-09,2022-06-27,16.47
XR-302,X-ray,Lakeview Medical Center,2017-10-09,2022-06-28,12.67
XR-302,X-ray,Lakeview Medical Center,2017-10-09,2022-06-29,11.75
XR-302,X-ray,Lakeview Medical Center,2017-10-09,2022-06-30,15.25
XR-302,X-ray,Lakeview Medical Center,2017-10-09,2022-07-01,12.93
XR-302,X-ray,Lakeview Medical Center,2017-10-09,2022-07-02,8.28
XR-302,X-ray,Lakeview Medical Center,2017-10-09,2022-07-03,4.2
XR-302,X-ray,Lakeview Medical Center,2017-10-09,2022-07-04,14.13
XR-302,X-ray,Lakeview Medical Center,2017-10-09,2022-07-05,12.79
XR-302,X-ray,Lakeview Medical Center,2017-10-09,2022-07-06,13.64
XR-302,X-ray,Lakeview Medical Center,2017-10-09,2022-07-07,14.33
XR-302,X-ray,Lakeview Medical Center,2017-10-09,2022-07-08,12.73
XR-302,X-ray,Lakeview Medical Center,2017-10-09,2022-07-09,7.53
XR-302,X-ray,Lakeview Medical Center,2017-10-09,2022-07-10,4.46
XR-302,X-ray,Lakeview Medical Center,2017-10-09,2022-07-11,12.26
XR-302,X-ray,Lakeview Medical Center,2017-10-09,2022-07-12,13.37
XR-302,X-ray,Lakeview Medical Center,2017-10-09,2022-07-13,13.97
XR-302,X-ray,Lakeview Medical Center,2017-10-09,2022-07-14,13.4
XR-302,X-ray,Lakeview Medical Center,2017-10-09,2022-07-15,13.54
XR-302,X-ray,Lakeview Medical Center,2017-10-09,2022-07-16,8.28
XR-302,X-ray,Lakeview Medical Center,2017-10-09,2022-07-17,4.12
XR-302,X-ray,Lakeview Medical Center,2017-10-09,2022-07-18,14.6
XR-302,X-ray,Lakeview Medical Center,2017-10-09,2022-07-19,15.42
XR-302,X-ray,Lakeview Medical Center,2017-10-09,2022-07-20,13.33
XR-302,X-ray,Lakeview Medical Center,2017-10-09,2022-07-21,14.37
XR-302,X-ray,Lakeview Medical Center,2017-10-09,2022-07-22,13.57
XR-302,X-ray,Lakeview Medical Center,2017-10-09,2022-07-23,8.7
XR-302,X-ray,Lakeview Medical Center,2017-10-09,2022-07-24,6.56
XR-302,X-ray,Lakeview Medical Center,2017-10-09,2022-07-25,14.4
XR-302,X-ray,Lakeview Medical Center,2017-10-09,2022-07-26,11.89
XR-302,X-ray,Lakeview Medical Center,2017-10-09,2022-07-27,14.34
XR-302,X-ray,Lakeview Medical Center,2017-10-09,2022-07-28,15.19
XR-302,X-ray,Lakeview Medical Center,2017-10-09,2022-07-29,13.59
XR-302,X-ray,Lakeview Medical Center,2017-10-09,2022-07-30,9.4
XR-302,X-ray,Lakeview Medical Center,2017-10-09,2022-07-31,4.08
XR-302,X-ray,Lakeview Medical Center,2017-10-09,2022-08-01,12.2
XR-302,X-ray,Lakeview Medical Center,2017-10-09,2022-08-02,13.99
XR-302,X-ray,Lakeview Medical Center,2017-10-09,2022-08-03,11.9
XR-302,X-ray,Lakeview Medical Center,2017-10-09,2022-08-04,13.57
XR-302,X-ray,Lakeview Medical Center,2017-10-09,2022-08-05,15.25
XR-302,X-ray,Lakeview Medical Center,2017-10-09,2022-08-06,6.2
XR-302,X-ray,Lakeview Medical Center,2017-10-09,2022-08-07,3.44
XR-302,X-ray,Lakeview Medical Center,2017-10-09,2022-08-08,12.7
XR-302,X-ray,Lakeview Medical Center,2017-10-09,2022-08-09,13.77
XR-302,X-ray,Lakeview Medical Center,2017-10-09,2022-08-10,13.43
XR-302,X-ray,Lakeview Medical Center,2017-10-09,2022-08-11,15.37
XR-302,X-ray,Lakeview Medical Center,2017-10-09,2022-08-12,14.89
XR-302,X-ray,Lakeview Medical Center,2017-10-09,2022-08-13,8.85
XR-302,X-ray,Lakeview Medical Center,2017-10-09,2022-08-14,5.0
XR-302,X-ray,Lakeview Medical Center,2017-10-09,2022-08-15,14.27
XR-302,X-ray,Lakeview Medical Center,2017-10-09,2022-08-16,12.89
XR-302,X-ray,Lakeview Medical Center,2017-10-09,2022-08-17,14.78
XR-302,X-ray,Lakeview Medical Center,2017-10-09,2022-08-18,12.61
XR-302,X-ray,Lakeview Medical Center,2017-10-09,2022-08-19,14.75
XR-302,X-ray,Lakeview Medical Center,2017-10-09,2022-08-20,9.61
XR-302,X-ray,Lakeview Medical Center,2017-10-09,2022-08-21,5.07
XR-302,X-ray,Lakeview Medical Center,2017-10-09,2022-08-22,13.64
XR-302,X-ray,Lakeview Medical Center,2017-10-09,2022-08-23,14.28
XR-302,X-ray,Lakeview Medical Center,2017-10-09,2022-08-24,10.69
XR-302,X-ray,Lakeview Medical Center,2017-10-09,2022-08-25,14.17
XR-302,X-ray,Lakeview Medical Center,2017-10-09,2022-08-26,13.71
XR-302,X-ray,Lakeview Medical Center,2017-10-09,2022-08-27,8.25
XR-302,X-ray,Lakeview Medical Center,2017-10-09,2022-08-28,5.62
XR-302,X-ray,Lakeview Medical Center,2017-10-09,2022-08-29,13.75
XR-302,X-ray,Lakeview Medical Center,2017-10-09,2022-08-30,12.58
XR-302,X-ray,Lakeview Medical Center,2017-10-09,2022-08-31,13.68
XR-302,X-ray,Lakeview Medical Center,2017-10-09,2022-09-01,13.91
XR-302,X-ray,Lakeview Medical Center,2017-10-09,2022-09-02,13.96
XR-302,X-ray,Lakeview Medical Center,2017-10-09,2022-09-03,8.48
XR-302,X-ray,Lakeview Medical Center,2017-10-09,2022-09-04,5.99
XR-302,X-ray,Lakeview Medical Center,2017-10-09,2022-09-05,12.64
XR-302,X-ray,Lakeview Medical Center,2017-10-09,2022-09-06,14.03
XR-302,X-ray,Lakeview Medical Center,2017-10-09,2022-09-07,15.25
XR-302,X-ray,Lakeview Medical Center,2017-10-09,2022-09-08,11.93
XR-302,X-ray,Lakeview Medical Center,2017-10-09,2022-09-09,14.03
XR-302,X-ray,Lakeview Medical Center,2017-10-09,2022-09-10,7.66
XR-302,X-ray,Lakeview Medical Center,2017-10-09,2022-09-11,4.43
XR-302,X-ray,Lakeview Medical Center,2017-10-09,2022-09-12,12.84
XR-302,X-ray,Lakeview Medical Center,2017-10-09,2022-09-13,13.65
XR-302,X-ray,Lakeview Medical Center,2017-10-09,2022-09-14,15.86
XR-302,X-ray,Lakeview Medical Center,2017-10-09,2022-09-15,12.45
XR-302,X-ray,Lakeview Medical Center,2017-10-09,2022-09-16,12.55
XR-302,X-ray,Lakeview Medical Center,2017-10-09,2022-09-17,6.87
XR-302,X-ray,Lakeview Medical Center,2017-10-09,2022-09-18,6.74
XR-302,X-ray,Lakeview Medical Center,2017-10-09,2022-09-19,13.33
XR-302,X-ray,Lakeview Medical Center,2017-10-09,2022-09-20,13.81
XR-302,X-ray,Lakeview Medical Center,2017-10-09,2022-09-21,13.39
XR-302,X-ray,Lakeview Medical Center,2017-10-09,2022-09-22,12.8
XR-302,X-ray,Lakeview Medical Center,2017-10-09,2022-09-23,13.58
XR-302,X-ray,Lakeview Medical Center,2017-10-09,2022-09-24,11.01
XR-302,X-ray,Lakeview Medical Center,2017-10-09,2022-09-25,6.37
XR-302,X-ray,Lakeview Medical Center,2017-10-09,2022-09-26,12.9
XR-302,X-ray,Lakeview Medical Center,2017-10-09,2022-09-27,14.55
XR-302,X-ray,Lakeview Medical Center,2017-10-09,2022-09-28,12.92
XR-302,X-ray,Lakeview Medical Center,2017-10-09,2022-09-29,11.88
XR-302,X-ray,Lakeview Medical Center,2017-10-09,2022-09-30,14.96
XR-302,X-ray,Lakeview Medical Center,2017-10-09,2022-10-01,9.58
XR-302,X-ray,Lakeview Medical Center,2017-10-09,2022-10-02,5.99
XR-302,X-ray,Lakeview Medical Center,2017-10-09,2022-10-03,13.32
XR-302,X-ray,Lakeview Medical Center,2017-10-09,2022-10-04,13.65
XR-302,X-ray,Lakeview Medical Center,2017-10-09,2022-10-05,14.66
XR-302,X-ray,Lakeview Medical Center,2017-10-09,2022-10-06,14.27
XR-302,X-ray,Lakeview Medical Center,2017-10-09,2022-10-07,13.4
XR-302,X-ray,Lakeview Medical Center,2017-10-09,2022-10-08,6.52
XR-302,X-ray,Lakeview Medical Center,2017-10-09,2022-10-09,4.97
XR-302,X-ray,Lakeview Medical Center,2017-10-09,2022-10-10,15.02
XR-302,X-ray,Lakeview Medical Center,2017-10-09,2022-10-11,12.52
XR-302,X-ray,Lakeview Medical Center,2017-10-09,2022-10-12,14.54
XR-302,X-ray,Lakeview Medical Center,2017-10-09,2022-10-13,14.2
XR-302,X-ray,Lakeview Medical Center,2017-10-09,2022-10-14,14.66
XR-302,X-ray,Lakeview Medical Center,2017-10-09,2022-10-15,9.26
XR-302,X-ray,Lakeview Medical Center,2017-10-09,2022-10-16,4.08
XR-302,X-ray,Lakeview Medical Center,2017-10-09,2022-10-17,12.06
XR-302,X-ray,Lakeview Medical Center,2017-10-09,2022-10-18,13.25
XR-302,X-ray,Lakeview Medical Center,2017-10-09,2022-10-19,14.81
XR-302,X-ray,Lakeview Medical Center,2017-10-09,2022-10-20,13.24
XR-302,X-ray,Lakeview Medical Center,2017-10-09,2022-10-21,13.07
XR-302,X-ray,Lakeview Medical Center,2017-10-09,2022-10-22,6.3
XR-302,X-ray,Lakeview Medical Center,2017-10-09,2022-10-23,6.77
XR-302,X-ray,Lakeview Medical Center,2017-10-09,2022-10-24,14.74
XR-302,X-ray,Lakeview Medical Center,2017-10-09,2022-10-25,14.68
XR-302,X-ray,Lakeview Medical Center,2017-10-09,2022-10-26,14.9
XR-302,X-ray,Lakeview Medical Center,2017-10-09,2022-10-27,14.47
XR-302,X-ray,Lakeview Medical Center,2017-10-09,2022-10-28,13.57
XR-302,X-ray,Lakeview Medical Center,2017-10-09,2022-10-29,8.12
XR-302,X-ray,Lakeview Medical Center,2017-10-09,2022-10-30,4.37
XR-302,X-ray,Lakeview Medical Center,2017-10-09,2022-10-31,16.73
XR-302,X-ray,Lakeview Medical Center,2017-10-09,2022-11-01,14.45
XR-302,X-ray,Lakeview Medical Center,2017-10-09,2022-11-02,13.33
XR-302,X-ray,Lakeview Medical Center,2017-10-09,2022-11-03,14.35
XR-302,X-ray,Lakeview Medical Center,2017-10-09,2022-11-04,12.72
XR-302,X-ray,Lakeview Medical Center,2017-10-09,2022-11-05,9.96
XR-302,X-ray,Lakeview Medical Center,2017-10-09,2022-11-06,4.12
XR-302,X-ray,Lakeview Medical Center,2017-10-09,2022-11-07,14.39
XR-302,X-ray,Lakeview Medical Center,2017-10-09,2022-11-08,15.01
XR-302,X-ray,Lakeview Medical Center,2017-10-09,2022-11-09,14.26
XR-302,X-ray,Lakeview Medical Center,2017-10-09,2022-11-10,13.94
XR-302,X-ray,Lakeview Medical Center,2017-10-09,2022-11-11,13.85
XR-302,X-ray,Lakeview Medical Center,2017-10-09,2022-11-12,8.24
XR-302,X-ray,Lakeview Medical Center,2017-10-09,2022-11-13,4.21
XR-302,X-ray,Lakeview Medical Center,2017-10-09,2022-11-14,13.34
XR-302,X-ray,Lakeview Medical Center,2017-10-09,2022-11-15,15.46
XR-302,X-ray,Lakeview Medical Center,2017-10-09,2022-11-16,13.72
XR-302,X-ray,Lakeview Medical Center,2017-10-09,2022-11-17,12.97
XR-302,X-ray,Lakeview Medical Center,2017-10-09,2022-11-18,13.27
XR-302,X-ray,Lakeview Medical Center,2017-10-09,2022-11-19,9.51
XR-302,X-ray,Lakeview Medical Center,2017-10-09,2022-11-20,5.59
XR-302,X-ray,Lakeview Medical Center,2017-10-09,2022-11-21,14.45
XR-302,X-ray,Lakeview Medical Center,2017-10-09,2022-11-22,13.55
XR-302,X-ray,Lakeview Medical Center,2017-10-09,2022-11-23,14.47
XR-302,X-ray,Lakeview Medical Center,2017-10-09,2022-11-24,13.13
XR-302,X-ray,Lakeview Medical Center,2017-10-09,2022-11-25,13.55
XR-302,X-ray,Lakeview Medical Center,2017-10-09,2022-11-26,9.37
XR-302,X-ray,Lakeview Medical Center,2017-10-09,2022-11-27,5.8
XR-302,X-ray,Lakeview Medical Center,2017-10-09,2022-11-28,12.76
XR-302,X-ray,Lakeview Medical Center,2017-10-09,2022-11-29,12.89
XR-302,X-ray,Lakeview Medical Center,2017-10-09,2022-11-30,13.96
XR-302,X-ray,Lakeview Medical Center,2017-10-09,2022-12-01,15.73
XR-302,X-ray,Lakeview Medical Center,2017-10-09,2022-12-02,11.73
XR-302,X-ray,Lakeview Medical Center,2017-10-09,2022-12-03,8.61
XR-302,X-ray,Lakeview Medical Center,2017-10-09,2022-12-04,3.33
XR-302,X-ray,Lakeview Medical Center,2017-10-09,2022-12-05,13.14
XR-302,X-ray,Lakeview Medical Center,2017-10-09,2022-12-06,13.44
XR-302,X-ray,Lakeview Medical Center,2017-10-09,2022-12-07,13.37
XR-302,X-ray,Lakeview Medical Center,2017-10-09,2022-12-08,13.25
XR-302,X-ray,Lakeview Medical Center,2017-10-09,2022-12-09,13.84
XR-302,X-ray,Lakeview Medical Center,2017-10-09,2022-12-10,7.71
XR-302,X-ray,Lakeview Medical Center,2017-10-09,2022-12-11,3.23
XR-302,X-ray,Lakeview Medical Center,2017-10-09,2022-12-12,14.69
XR-302,X-ray,Lakeview Medical Center,2017-10-09,2022-12-13,14.66
XR-302,X-ray,Lakeview Medical Center,2017-10-09,2022-12-14,14.76
XR-302,X-ray,Lakeview Medical Center,2017-10-09,2022-12-15,12.14
XR-302,X-ray,Lakeview Medical Center,2017-10-09,2022-12-16,14.16
XR-302,X-ray,Lakeview Medical Center,2017-10-09,2022-12-17,9.05
XR-302,X-ray,Lakeview Medical Center,2017-10-09,2022-12-18,3.71
XR-302,X-ray,Lakeview Medical Center,2017-10-09,2022-12-19,13.85
XR-302,X-ray,Lakeview Medical Center,2017-10-09,2022-12-20,13.71
XR-302,X-ray,Lakeview Medical Center,2017-10-09,2022-12-21,15.86
XR-302,X-ray,Lakeview Medical Center,2017-10-09,2022-12-22,15.95
XR-302,X-ray,Lakeview Medical Center,2017-10-09,2022-12-23,12.01
XR-302,X-ray,Lakeview Medical Center,2017-10-09,2022-12-24,11.04
XR-302,X-ray,Lakeview Medical Center,2017-10-09,2022-12-25,3.84
XR-302,X-ray,Lakeview Medical Center,2017-10-09,2022-12-26,14.91
XR-302,X-ray,Lakeview Medical Center,2017-10-09,2022-12-27,14.9
XR-302,X-ray,Lakeview Medical Center,2017-10-09,2022-12-28,12.74
XR-302,X-ray,Lakeview Medical Center,2017-10-09,2022-12-29,14.38
XR-302,X-ray,Lakeview Medical Center,2017-10-09,2022-12-30,13.72
XR-302,X-ray,Lakeview Medical Center,2017-10-09,2022-12-31,8.91
XR-302,X-ray,Lakeview Medical Center,2017-10-09,2023-01-01,5.1
XR-302,X-ray,Lakeview Medical Center,2017-10-09,2023-01-02,15.15
XR-302,X-ray,Lakeview Medical Center,2017-10-09,2023-01-03,13.92
XR-302,X-ray,Lakeview Medical Center,2017-10-09,2023-01-04,13.65
XR-302,X-ray,Lakeview Medical Center,2017-10-09,2023-01-05,15.04
XR-302,X-ray,Lakeview Medical Center,2017-10-09,2023-01-06,14.47
XR-302,X-ray,Lakeview Medical Center,2017-10-09,2023-01-07,9.11
XR-302,X-ray,Lakeview Medical Center,2017-10-09,2023-01-08,4.11
XR-302,X-ray,Lakeview Medical Center,2017-10-09,2023-01-09,12.69
XR-302,X-ray,Lakeview Medical Center,2017-10-09,2023-01-10,13.21
XR-302,X-ray,Lakeview Medical Center,2017-10-09,2023-01-11,13.15
XR-302,X-ray,Lakeview Medical Center,2017-10-09,2023-01-12,14.7
XR-302,X-ray,Lakeview Medical Center,2017-10-09,2023-01-13,14.91
XR-302,X-ray,Lakeview Medical Center,2017-10-09,2023-01-14,8.13
XR-302,X-ray,Lakeview Medical Center,2017-10-09,2023-01-15,6.42
XR-302,X-ray,Lakeview Medical Center,2017-10-09,2023-01-16,15.34
XR-302,X-ray,Lakeview Medical Center,2017-10-09,2023-01-17,14.1
XR-302,X-ray,Lakeview Medical Center,2017-10-09,2023-01-18,12.93
XR-302,X-ray,Lakeview Medical Center,2017-10-09,2023-01-19,15.57
XR-302,X-ray,Lakeview Medical Center,2017-10-09,2023-01-20,13.77
XR-302,X-ray,Lakeview Medical Center,2017-10-09,2023-01-21,8.44
XR-302,X-ray,Lakeview Medical Center,2017-10-09,2023-01-22,4.47
XR-302,X-ray,Lakeview Medical Center,2017-10-09,2023-01-23,12.86
XR-302,X-ray,Lakeview Medical Center,2017-10-09,2023-01-24,12.22
XR-302,X-ray,Lakeview Medical Center,2017-10-09,2023-01-25,14.53
XR-302,X-ray,Lakeview Medical Center,2017-10-09,2023-01-26,12.97
XR-302,X-ray,Lakeview Medical Center,2017-10-09,2023-01-27,17.2
XR-302,X-ray,Lakeview Medical Center,2017-10-09,2023-01-28,7.11
XR-302,X-ray,Lakeview Medical Center,2017-10-09,2023-01-29,3.46
XR-302,X-ray,Lakeview Medical Center,2017-10-09,2023-01-30,14.4
XR-302,X-ray,Lakeview Medical Center,2017-10-09,2023-01-31,15.52
XR-302,X-ray,Lakeview Medical Center,2017-10-09,2023-02-01,13.91
XR-302,X-ray,Lakeview Medical Center,2017-10-09,2023-02-02,14.47
XR-302,X-ray,Lakeview Medical Center,2017-10-09,2023-02-03,11.81
XR-302,X-ray,Lakeview Medical Center,2017-10-09,2023-02-04,7.56
XR-302,X-ray,Lakeview Medical Center,2017-10-09,2023-02-05,3.66
XR-302,X-ray,Lakeview Medical Center,2017-10-09,2023-02-06,11.75
XR-302,X-ray,Lakeview Medical Center,2017-10-09,2023-02-07,13.24
XR-302,X-ray,Lakeview Medical Center,2017-10-09,2023-02-08,11.37
XR-302,X-ray,Lakeview Medical Center,2017-10-09,2023-02-09,12.38
XR-302,X-ray,Lakeview Medical Center,2017-10-09,2023-02-10,13.24
XR-302,X-ray,Lakeview Medical Center,2017-10-09,2023-02-11,7.39
XR-302,X-ray,Lakeview Medical Center,2017-10-09,2023-02-12,5.28
XR-302,X-ray,Lakeview Medical Center,2017-10-09,2023-02-13,14.17
XR-302,X-ray,Lakeview Medical Center,2017-10-09,2023-02-14,14.82
XR-302,X-ray,Lakeview Medical Center,2017-10-09,2023-02-15,14.66
XR-302,X-ray,Lakeview Medical Center,2017-10-09,2023-02-16,15.09
XR-302,X-ray,Lakeview Medical Center,2017-10-09,2023-02-17,13.83
XR-302,X-ray,Lakeview Medical Center,2017-10-09,2023-02-18,8.64
XR-302,X-ray,Lakeview Medical Center,2017-10-09,2023-02-19,5.41
XR-302,X-ray,Lakeview Medical Center,2017-10-09,2023-02-20,13.99
XR-302,X-ray,Lakeview Medical Center,2017-10-09,2023-02-21,13.4
XR-302,X-ray,Lakeview Medical Center,2017-10-09,2023-02-22,13.47
XR-302,X-ray,Lakeview Medical Center,2017-10-09,2023-02-23,12.94
XR-302,X-ray,Lakeview Medical Center,2017-10-09,2023-02-24,14.3
XR-302,X-ray,Lakeview Medical Center,2017-10-09,2023-02-25,8.2
XR-302,X-ray,Lakeview Medical Center,2017-10-09,2023-02-26,4.11
XR-302,X-ray,Lakeview Medical Center,2017-10-09,2023-02-27,13.11
XR-302,X-ray,Lakeview Medical Center,2017-10-09,2023-02-28,12.5
XR-302,X-ray,Lakeview Medical Center,2017-10-09,2023-03-01,14.91
XR-302,X-ray,Lakeview Medical Center,2017-10-09,2023-03-02,13.92
XR-302,X-ray,Lakeview Medical Center,2017-10-09,2023-03-03,12.89
XR-302,X-ray,Lakeview Medical Center,2017-10-09,2023-03-04,9.19
XR-302,X-ray,Lakeview Medical Center,2017-10-09,2023-03-05,4.23
XR-302,X-ray,Lakeview Medical Center,2017-10-09,2023-03-06,12.29
XR-302,X-ray,Lakeview Medical Center,2017-10-09,2023-03-07,14.96
XR-302,X-ray,Lakeview Medical Center,2017-10-09,2023-03-08,13.25
XR-302,X-ray,Lakeview Medical Center,2017-10-09,2023-03-09,13.39
XR-302,X-ray,Lakeview Medical Center,2017-10-09,2023-03-10,13.88
XR-302,X-ray,Lakeview Medical Center,2017-10-09,2023-03-11,9.56
XR-302,X-ray,Lakeview Medical Center,2017-10-09,2023-03-12,4.86
XR-302,X-ray,Lakeview Medical Center,2017-10-09,2023-03-13,12.52
XR-302,X-ray,Lakeview Medical Center,2017-10-09,2023-03-14,14.43
XR-302,X-ray,Lakeview Medical Center,2017-10-09,2023-03-15,13.3
XR-302,X-ray,Lakeview Medical Center,2017-10-09,2023-03-16,15.91
XR-302,X-ray,Lakeview Medical Center,2017-10-09,2023-03-17,13.83
XR-302,X-ray,Lakeview Medical Center,2017-10-09,2023-03-18,5.84
XR-302,X-ray,Lakeview Medical Center,2017-10-09,2023-03-19,5.24
XR-302,X-ray,Lakeview Medical Center,2017-10-09,2023-03-20,15.97
XR-302,X-ray,Lakeview Medical Center,2017-10-09,2023-03-21,15.57
XR-302,X-ray,Lakeview Medical Center,2017-10-09,2023-03-22,15.85
XR-302,X-ray,Lakeview Medical Center,2017-10-09,2023-03-23,12.71
XR-302,X-ray,Lakeview Medical Center,2017-10-09,2023-03-24,14.84
XR-302,X-ray,Lakeview Medical Center,2017-10-09,2023-03-25,7.51
XR-302,X-ray,Lakeview Medical Center,2017-10-09,2023-03-26,5.09
XR-302,X-ray,Lakeview Medical Center,2017-10-09,2023-03-27,12.44
XR-302,X-ray,Lakeview Medical Center,2017-10-09,2023-03-28,13.13
XR-302,X-ray,Lakeview Medical Center,2017-10-09,2023-03-29,13.09
XR-302,X-ray,Lakeview Medical Center,2017-10-09,2023-03-30,14.82
XR-302,X-ray,Lakeview Medical Center,2017-10-09,2023-03-31,14.72
XR-303,X-ray,St. Anne's Hospital,2020-01-27,2022-04-01,14.21
XR-303,X-ray,St. Anne's Hospital,2020-01-27,2022-04-02,6.86
XR-303,X-ray,St. Anne's Hospital,2020-01-27,2022-04-03,4.52
XR-303,X-ray,St. Anne's Hospital,2020-01-27,2022-04-04,13.08
XR-303,X-ray,St. Anne's Hospital,2020-01-27,2022-04-05,14.86
XR-303,X-ray,St. Anne's Hospital,2020-01-27,2022-04-06,15.2
XR-303,X-ray,St. Anne's Hospital,2020-01-27,2022-04-07,15.07
XR-303,X-ray,St. Anne's Hospital,2020-01-27,2022-04-08,13.07
XR-303,X-ray,St. Anne's Hospital,2020-01-27,2022-04-09,5.33
XR-303,X-ray,St. Anne's Hospital,2020-01-27,2022-04-10,2.92
XR-303,X-ray,St. Anne's Hospital,2020-01-27,2022-04-11,15.47
XR-303,X-ray,St. Anne's Hospital,2020-01-27,2022-04-12,13.46
XR-303,X-ray,St. Anne's Hospital,2020-01-27,2022-04-13,13.08
XR-303,X-ray,St. Anne's Hospital,2020-01-27,2022-04-14,15.71
XR-303,X-ray,St. Anne's Hospital,2020-01-27,2022-04-15,15.3
XR-303,X-ray,St. Anne's Hospital,2020-01-27,2022-04-16,8.37
XR-303,X-ray,St. Anne's Hospital,2020-01-27,2022-04-17,4.54
XR-303,X-ray,St. Anne's Hospital,2020-01-27,2022-04-18,13.76
XR-303,X-ray,St. Anne's Hospital,2020-01-27,2022-04-19,14.15
XR-303,X-ray,St. Anne's Hospital,2020-01-27,2022-04-20,15.66
XR-303,X-ray,St. Anne's Hospital,2020-01-27,2022-04-21,14.37
XR-303,X-ray,St. Anne's Hospital,2020-01-27,2022-04-22,14.7
XR-303,X-ray,St. Anne's Hospital,2020-01-27,2022-04-23,9.63
XR-303,X-ray,St. Anne's Hospital,2020-01-27,2022-04-24,3.58
XR-303,X-ray,St. Anne's Hospital,2020-01-27,2022-04-25,14.74
XR-303,X-ray,St. Anne's Hospital,2020-01-27,2022-04-26,13.58
XR-303,X-ray,St. Anne's Hospital,2020-01-27,2022-04-27,11.14
XR-303,X-ray,St. Anne's Hospital,2020-01-27,2022-04-28,11.56
XR-303,X-ray,St. Anne's Hospital,2020-01-27,2022-04-29,12.78
XR-303,X-ray,St. Anne's Hospital,2020-01-27,2022-04-30,8.93
XR-303,X-ray,St. Anne's Hospital,2020-01-27,2022-05-01,4.99
XR-303,X-ray,St. Anne's Hospital,2020-01-27,2022-05-02,14.11
XR-303,X-ray,St. Anne's Hospital,2020-01-27,2022-05-03,16.05
XR-303,X-ray,St. Anne's Hospital,2020-01-27,2022-05-04,12.51
XR-303,X-ray,St. Anne's Hospital,2020-01-27,2022-05-05,13.87
XR-303,X-ray,St. Anne's Hospital,2020-01-27,2022-05-06,14.24
XR-303,X-ray,St. Anne's Hospital,2020-01-27,2022-05-07,7.53
XR-303,X-ray,St. Anne's Hospital,2020-01-27,2022-05-08,4.9
XR-303,X-ray,St. Anne's Hospital,2020-01-27,2022-05-09,12.14
XR-303,X-ray,St. Anne's Hospital,2020-01-27,2022-05-10,15.46
XR-303,X-ray,St. Anne's Hospital,2020-01-27,2022-05-11,13.16
XR-303,X-ray,St. Anne's Hospital,2020-01-27,2022-05-12,16.14
XR-303,X-ray,St. Anne's Hospital,2020-01-27,2022-05-13,13.87
XR-303,X-ray,St. Anne's Hospital,2020-01-27,2022-05-14,9.47
XR-303,X-ray,St. Anne's Hospital,2020-01-27,2022-05-15,4.81
XR-303,X-ray,St. Anne's Hospital,2020-01-27,2022-05-16,13.87
XR-303,X-ray,St. Anne's Hospital,2020-01-27,2022-05-17,13.26
XR-303,X-ray,St. Anne's Hospital,2020-01-27,2022-05-18,14.04
XR-303,X-ray,St. Anne's Hospital,2020-01-27,2022-05-19,14.25
XR-303,X-ray,St. Anne's Hospital,2020-01-27,2022-05-20,13.04
XR-303,X-ray,St. Anne's Hospital,2020-01-27,2022-05-21,8.21
XR-303,X-ray,St. Anne's Hospital,2020-01-27,2022-05-22,4.2
XR-303,X-ray,St. Anne's Hospital,2020-01-27,2022-05-23,16.43
XR-303,X-ray,St. Anne's Hospital,2020-01-27,2022-05-24,13.81
XR-303,X-ray,St. Anne's Hospital,2020-01-27,2022-05-25,15.6
XR-303,X-ray,St. Anne's Hospital,2020-01-27,2022-05-26,13.69
XR-303,X-ray,St. Anne's Hospital,2020-01-27,2022-05-27,14.19
XR-303,X-ray,St. Anne's Hospital,2020-01-27,2022-05-28,6.89
XR-303,X-ray,St. Anne's Hospital,2020-01-27,2022-05-29,4.37
XR-303,X-ray,St. Anne's Hospital,2020-01-27,2022-05-30,14.14
XR-303,X-ray,St. Anne's Hospital,2020-01-27,2022-05-31,15.65
XR-303,X-ray,St. Anne's Hospital,2020-01-27,2022-06-01,14.15
XR-303,X-ray,St. Anne's Hospital,2020-01-27,2022-06-02,15.43
XR-303,X-ray,St. Anne's Hospital,2020-01-27,2022-06-03,14.61
XR-303,X-ray,St. Anne's Hospital,2020-01-27,2022-06-04,10.13
XR-303,X-ray,St. Anne's Hospital,2020-01-27,2022-06-05,4.8
XR-303,X-ray,St. Anne's Hospital,2020-01-27,2022-06-06,16.53
XR-303,X-ray,St. Anne's Hospital,2020-01-27,2022-06-07,13.37
XR-303,X-ray,St. Anne's Hospital,2020-01-27,2022-06-08,13.06
XR-303,X-ray,St. Anne's Hospital,2020-01-27,2022-06-09,12.57
XR-303,X-ray,St. Anne's Hospital,2020-01-27,2022-06-10,16.47
XR-303,X-ray,St. Anne's Hospital,2020-01-27,2022-06-11,9.24
XR-303,X-ray,St. Anne's Hospital,2020-01-27,2022-06-12,4.5
XR-303,X-ray,St. Anne's Hospital,2020-01-27,2022-06-13,15.28
XR-303,X-ray,St. Anne's Hospital,2020-01-27,2022-06-14,14.66
XR-303,X-ray,St. Anne's Hospital,2020-01-27,2022-06-15,16.07
XR-303,X-ray,St. Anne's Hospital,2020-01-27,2022-06-16,12.2
XR-303,X-ray,St. Anne's Hospital,2020-01-27,2022-06-17,13.61
XR-303,X-ray,St. Anne's Hospital,2020-01-27,2022-06-18,7.83
XR-303,X-ray,St. Anne's Hospital,2020-01-27,2022-06-19,2.7
XR-303,X-ray,St. Anne's Hospital,2020-01-27,2022-06-20,15.07
XR-303,X-ray,St. Anne's Hospital,2020-01-27,2022-06-21,13.61
XR-303,X-ray,St. Anne's Hospital,2020-01-27,2022-06-22,14.72
XR-303,X-ray,St. Anne's Hospital,2020-01-27,2022-06-23,16.5
XR-303,X-ray,St. Anne's Hospital,2020-01-27,2022-06-24,13.52
XR-303,X-ray,St. Anne's Hospital,2020-01-27,2022-06-25,7.88
XR-303,X-ray,St. Anne's Hospital,2020-01-27,2022-06-26,5.0
XR-303,X-ray,St. Anne's Hospital,2020-01-27,2022-06-27,14.99
XR-303,X-ray,St. Anne's Hospital,2020-01-27,2022-06-28,13.28
XR-303,X-ray,St. Anne's Hospital,2020-01-27,2022-06-29,13.21
XR-303,X-ray,St. Anne's Hospital,2020-01-27,2022-06-30,15.07
XR-303,X-ray,St. Anne's Hospital,2020-01-27,2022-07-01,14.32
XR-303,X-ray,St. Anne's Hospital,2020-01-27,2022-07-02,6.09
XR-303,X-ray,St. Anne's Hospital,2020-01-27,2022-07-03,3.52
XR-303,X-ray,St. Anne's Hospital,2020-01-27,2022-07-04,15.56
XR-303,X-ray,St. Anne's Hospital,2020-01-27,2022-07-05,14.35
XR-303,X-ray,St. Anne's Hospital,2020-01-27,2022-07-06,13.07
XR-303,X-ray,St. Anne's Hospital,2020-01-27,2022-07-07,13.72
XR-303,X-ray,St. Anne's Hospital,2020-01-27,2022-07-08,13.92
XR-303,X-ray,St. Anne's Hospital,2020-01-27,2022-07-09,9.15
XR-303,X-ray,St. Anne's Hospital,2020-01-27,2022-07-10,3.37
XR-303,X-ray,St. Anne's Hospital,2020-01-27,2022-07-11,12.98
XR-303,X-ray,St. Anne's Hospital,2020-01-27,2022-07-12,14.21
XR-303,X-ray,St. Anne's Hospital,2020-01-27,2022-07-13,13.8
XR-303,X-ray,St. Anne's Hospital,2020-01-27,2022-07-14,14.53
XR-303,X-ray,St. Anne's Hospital,2020-01-27,2022-07-15,12.55
XR-303,X-ray,St. Anne's Hospital,2020-01-27,2022-07-16,8.74
XR-303,X-ray,St. Anne's Hospital,2020-01-27,2022-07-17,6.07
XR-303,X-ray,St. Anne's Hospital,2020-01-27,2022-07-18,14.44
XR-303,X-ray,St. Anne's Hospital,2020-01-27,2022-07-19,14.06
XR-303,X-ray,St. Anne's Hospital,2020-01-27,2022-07-20,13.8
XR-303,X-ray,St. Anne's Hospital,2020-01-27,2022-07-21,12.99
XR-303,X-ray,St. Anne's Hospital,2020-01-27,2022-07-22,13.83
XR-303,X-ray,St. Anne's Hospital,2020-01-27,2022-07-23,9.73
XR-303,X-ray,St. Anne's Hospital,2020-01-27,2022-07-24,4.74
XR-303,X-ray,St. Anne's Hospital,2020-01-27,2022-07-25,12.93
XR-303,X-ray,St. Anne's Hospital,2020-01-27,2022-07-26,13.36
XR-303,X-ray,St. Anne's Hospital,2020-01-27,2022-07-27,14.13
XR-303,X-ray,St. Anne's Hospital,2020-01-27,2022-07-28,13.49
XR-303,X-ray,St. Anne's Hospital,2020-01-27,2022-07-29,14.44
XR-303,X-ray,St. Anne's Hospital,2020-01-27,2022-07-30,8.92
XR-303,X-ray,St. Anne's Hospital,2020-01-27,2022-07-31,5.84
XR-303,X-ray,St. Anne's Hospital,2020-01-27,2022-08-01,15.47
XR-303,X-ray,St. Anne's Hospital,2020-01-27,2022-08-02,15.0
XR-303,X-ray,St. Anne's Hospital,2020-01-27,2022-08-03,12.88
XR-303,X-ray,St. Anne's Hospital,2020-01-27,2022-08-04,12.91
XR-303,X-ray,St. Anne's Hospital,2020-01-27,2022-08-05,13.82
XR-303,X-ray,St. Anne's Hospital,2020-01-27,2022-08-06,7.85
XR-303,X-ray,St. Anne's Hospital,2020-01-27,2022-08-07,3.61
XR-303,X-ray,St. Anne's Hospital,2020-01-27,2022-08-08,13.42
XR-303,X-ray,St. Anne's Hospital,2020-01-27,2022-08-09,13.38
XR-303,X-ray,St. Anne's Hospital,2020-01-27,2022-08-10,13.17
XR-303,X-ray,St. Anne's Hospital,2020-01-27,2022-08-11,13.56
XR-303,X-ray,St. Anne's Hospital,2020-01-27,2022-08-12,15.2
XR-303,X-ray,St. Anne's Hospital,2020-01-27,2022-08-13,8.56
XR-303,X-ray,St. Anne's Hospital,2020-01-27,2022-08-14,7.59
XR-303,X-ray,St. Anne's Hospital,2020-01-27,2022-08-15,14.09
XR-303,X-ray,St. Anne's Hospital,2020-01-27,2022-08-16,13.59
XR-303,X-ray,St. Anne's Hospital,2020-01-27,2022-08-17,13.91
XR-303,X-ray,St. Anne's Hospital,2020-01-27,2022-08-18,14.19
XR-303,X-ray,St. Anne's Hospital,2020-01-27,2022-08-19,14.38
XR-303,X-ray,St. Anne's Hospital,2020-01-27,2022-08-20,10.63
XR-303,X-ray,St. Anne's Hospital,2020-01-27,2022-08-21,3.94
XR-303,X-ray,St. Anne's Hospital,2020-01-27,2022-08-22,14.85
XR-303,X-ray,St. Anne's Hospital,2020-01-27,2022-08-23,14.13
XR-303,X-ray,St. Anne's Hospital,2020-01-27,2022-08-24,12.18
XR-303,X-ray,St. Anne's Hospital,2020-01-27,2022-08-25,14.75
XR-303,X-ray,St. Anne's Hospital,2020-01-27,2022-08-26,15.3
XR-303,X-ray,St. Anne's Hospital,2020-01-27,2022-08-27,7.4
XR-303,X-ray,St. Anne's Hospital,2020-01-27,2022-08-28,4.86
XR-303,X-ray,St. Anne's Hospital,2020-01-27,2022-08-29,12.01
XR-303,X-ray,St. Anne's Hospital,2020-01-27,2022-08-30,12.52
XR-303,X-ray,St. Anne's Hospital,2020-01-27,2022-08-31,15.06
XR-303,X-ray,St. Anne's Hospital,2020-01-27,2022-09-01,13.39
XR-303,X-ray,St. Anne's Hospital,2020-01-27,2022-09-02,12.69
XR-303,X-ray,St. Anne's Hospital,2020-01-27,2022-09-03,8.6
XR-303,X-ray,St. Anne's Hospital,2020-01-27,2022-09-04,4.29
XR-303,X-ray,St. Anne's Hospital,2020-01-27,2022-09-05,13.39
XR-303,X-ray,St. Anne's Hospital,2020-01-27,2022-09-06,14.72
XR-303,X-ray,St. Anne's Hospital,2020-01-27,2022-09-07,12.63
XR-303,X-ray,St. Anne's Hospital,2020-01-27,2022-09-08,12.91
XR-303,X-ray,St. Anne's Hospital,2020-01-27,2022-09-09,14.07
XR-303,X-ray,St. Anne's Hospital,2020-01-27,2022-09-10,9.41
XR-303,X-ray,St. Anne's Hospital,2020-01-27,2022-09-11,6.23
XR-303,X-ray,St. Anne's Hospital,2020-01-27,2022-09-12,13.17
XR-303,X-ray,St. Anne's Hospital,2020-01-27,2022-09-13,14.94
XR-303,X-ray,St. Anne's Hospital,2020-01-27,2022-09-14,13.04
XR-303,X-ray,St. Anne's Hospital,2020-01-27,2022-09-15,15.91
XR-303,X-ray,St. Anne's Hospital,2020-01-27,2022-09-16,12.66
XR-303,X-ray,St. Anne's Hospital,2020-01-27,2022-09-17,9.8
XR-303,X-ray,St. Anne's Hospital,2020-01-27,2022-09-18,4.14
XR-303,X-ray,St. Anne's Hospital,2020-01-27,2022-09-19,16.12
XR-303,X-ray,St. Anne's Hospital,2020-01-27,2022-09-20,14.56
XR-303,X-ray,St. Anne's Hospital,2020-01-27,2022-09-21,12.79
XR-303,X-ray,St. Anne's Hospital,2020-01-27,2022-09-22,13.33
XR-303,X-ray,St. Anne's Hospital,2020-01-27,2022-09-23,14.76
XR-303,X-ray,St. Anne's Hospital,2020-01-27,2022-09-24,9.5
XR-303,X-ray,St. Anne's Hospital,2020-01-27,2022-09-25,4.79
XR-303,X-ray,St. Anne's Hospital,2020-01-27,2022-09-26,13.95
XR-303,X-ray,St. Anne's Hospital,2020-01-27,2022-09-27,14.74
XR-303,X-ray,St. Anne's Hospital,2020-01-27,2022-09-28,14.05
XR-303,X-ray,St. Anne's Hospital,2020-01-27,2022-09-29,12.48
XR-303,X-ray,St. Anne's Hospital,2020-01-27,2022-09-30,13.01
XR-303,X-ray,St. Anne's Hospital,2020-01-27,2022-10-01,8.6
XR-303,X-ray,St. Anne's Hospital,2020-01-27,2022-10-02,6.2
XR-303,X-ray,St. Anne's Hospital,2020-01-27,2022-10-03,15.68
XR-303,X-ray,St. Anne's Hospital,2020-01-27,2022-10-04,14.76
XR-303,X-ray,St. Anne's Hospital,2020-01-27,2022-10-05,14.22
XR-303,X-ray,St. Anne's Hospital,2020-01-27,2022-10-06,14.73
XR-303,X-ray,St. Anne's Hospital,2020-01-27,2022-10-07,13.17
XR-303,X-ray,St. Anne's Hospital,2020-01-27,2022-10-08,8.17
XR-303,X-ray,St. Anne's Hospital,2020-01-27,2022-10-09,3.96
XR-303,X-ray,St. Anne's Hospital,2020-01-27,2022-10-10,12.53
XR-303,X-ray,St. Anne's Hospital,2020-01-27,2022-10-11,14.27
XR-303,X-ray,St. Anne's Hospital,2020-01-27,2022-10-12,14.11
XR-303,X-ray,St. Anne's Hospital,2020-01-27,2022-10-13,14.66
XR-303,X-ray,St. Anne's Hospital,2020-01-27,2022-10-14,14.51
XR-303,X-ray,St. Anne's Hospital,2020-01-27,2022-10-15,8.61
XR-303,X-ray,St. Anne's Hospital,2020-01-27,2022-10-16,5.48
XR-303,X-ray,St. Anne's Hospital,2020-01-27,2022-10-17,13.86
XR-303,X-ray,St. Anne's Hospital,2020-01-27,2022-10-18,14.36
XR-303,X-ray,St. Anne's Hospital,2020-01-27,2022-10-19,13.11
XR-303,X-ray,St. Anne's Hospital,2020-01-27,2022-10-20,14.31
XR-303,X-ray,St. Anne's Hospital,2020-01-27,2022-10-21,14.64
XR-303,X-ray,St. Anne's Hospital,2020-01-27,2022-10-22,7.61
XR-303,X-ray,St. Anne's Hospital,2020-01-27,2022-10-23,4.92
XR-303,X-ray,St. Anne's Hospital,2020-01-27,2022-10-24,13.22
XR-303,X-ray,St. Anne's Hospital,2020-01-27,2022-10-25,13.33
XR-303,X-ray,St. Anne's Hospital,2020-01-27,2022-10-26,12.67
XR-303,X-ray,St. Anne's Hospital,2020-01-27,2022-10-27,15.3
XR-303,X-ray,St. Anne's Hospital,2020-01-27,2022-10-28,15.08
XR-303,X-ray,St. Anne's Hospital,2020-01-27,2022-10-29,8.93
XR-303,X-ray,St. Anne's Hospital,2020-01-27,2022-10-30,7.04
XR-303,X-ray,St. Anne's Hospital,2020-01-27,2022-10-31,13.7
XR-303,X-ray,St. Anne's Hospital,2020-01-27,2022-11-01,17.24
XR-303,X-ray,St. Anne's Hospital,2020-01-27,2022-11-02,13.65
XR-303,X-ray,St. Anne's Hospital,2020-01-27,2022-11-03,14.19
XR-303,X-ray,St. Anne's Hospital,2020-01-27,2022-11-04,13.47
XR-303,X-ray,St. Anne's Hospital,2020-01-27,2022-11-05,8.75
XR-303,X-ray,St. Anne's Hospital,2020-01-27,2022-11-06,5.79
XR-303,X-ray,St. Anne's Hospital,2020-01-27,2022-11-07,13.78
XR-303,X-ray,St. Anne's Hospital,2020-01-27,2022-11-08,15.86
XR-303,X-ray,St. Anne's Hospital,2020-01-27,2022-11-09,14.17
XR-303,X-ray,St. Anne's Hospital,2020-01-27,2022-11-10,14.2
XR-303,X-ray,St. Anne's Hospital,2020-01-27,2022-11-11,12.91
XR-303,X-ray,St. Anne's Hospital,2020-01-27,2022-11-12,8.8
XR-303,X-ray,St. Anne's Hospital,2020-01-27,2022-11-13,4.72
XR-303,X-ray,St. Anne's Hospital,2020-01-27,2022-11-14,13.24
XR-303,X-ray,St. Anne's Hospital,2020-01-27,2022-11-15,13.05
XR-303,X-ray,St. Anne's Hospital,2020-01-27,2022-11-16,16.84
XR-303,X-ray,St. Anne's Hospital,2020-01-27,2022-11-17,13.62
XR-303,X-ray,St. Anne's Hospital,2020-01-27,2022-11-18,12.3
XR-303,X-ray,St. Anne's Hospital,2020-01-27,2022-11-19,7.57
XR-303,X-ray,St. Anne's Hospital,2020-01-27,2022-11-20,4.81
XR-303,X-ray,St. Anne's Hospital,2020-01-27,2022-11-21,14.51
XR-303,X-ray,St. Anne's Hospital,2020-01-27,2022-11-22,14.52
XR-303,X-ray,St. Anne's Hospital,2020-01-27,2022-11-23,14.65
XR-303,X-ray,St. Anne's Hospital,2020-01-27,2022-11-24,13.2
XR-303,X-ray,St. Anne's Hospital,2020-01-27,2022-11-25,14.28
XR-303,X-ray,St. Anne's Hospital,2020-01-27,2022-11-26,7.38
XR-303,X-ray,St. Anne's Hospital,2020-01-27,2022-11-27,4.19
XR-303,X-ray,St. Anne's Hospital,2020-01-27,2022-11-28,12.9
XR-303,X-ray,St. Anne's Hospital,2020-01-27,2022-11-29,12.6
XR-303,X-ray,St. Anne's Hospital,2020-01-27,2022-11-30,15.08
XR-303,X-ray,St. Anne's Hospital,2020-01-27,2022-12-01,14.66
XR-303,X-ray,St. Anne's Hospital,2020-01-27,2022-12-02,14.98
XR-303,X-ray,St. Anne's Hospital,2020-01-27,2022-12-03,8.39
XR-303,X-ray,St. Anne's Hospital,2020-01-27,2022-12-04,5.72
XR-303,X-ray,St. Anne's Hospital,2020-01-27,2022-12-05,11.97
XR-303,X-ray,St. Anne's Hospital,2020-01-27,2022-12-06,14.85
XR-303,X-ray,St. Anne's Hospital,2020-01-27,2022-12-07,14.1
XR-303,X-ray,St. Anne's Hospital,2020-01-27,2022-12-08,14.59
XR-303,X-ray,St. Anne's Hospital,2020-01-27,2022-12-09,14.32
XR-303,X-ray,St. Anne's Hospital,2020-01-27,2022-12-10,7.26
XR-303,X-ray,St. Anne's Hospital,2020-01-27,2022-12-11,3.22
XR-303,X-ray,St. Anne's Hospital,2020-01-27,2022-12-12,13.12
XR-303,X-ray,St. Anne's Hospital,2020-01-27,2022-12-13,14.53
XR-303,X-ray,St. Anne's Hospital,2020-01-27,2022-12-14,14.66
XR-303,X-ray,St. Anne's Hospital,2020-01-27,2022-12-15,12.4
XR-303,X-ray,St. Anne's Hospital,2020-01-27,2022-12-16,12.83
XR-303,X-ray,St. Anne's Hospital,2020-01-27,2022-12-17,7.55
XR-303,X-ray,St. Anne's Hospital,2020-01-27,2022-12-18,4.47
XR-303,X-ray,St. Anne's Hospital,2020-01-27,2022-12-19,12.41
XR-303,X-ray,St. Anne's Hospital,2020-01-27,2022-12-20,12.34
XR-303,X-ray,St. Anne's Hospital,2020-01-27,2022-12-21,13.0
XR-303,X-ray,St. Anne's Hospital,2020-01-27,2022-12-22,14.0
XR-303,X-ray,St. Anne's Hospital,2020-01-27,2022-12-23,12.61
XR-303,X-ray,St. Anne's Hospital,2020-01-27,2022-12-24,8.22
XR-303,X-ray,St. Anne's Hospital,2020-01-27,2022-12-25,6.03
XR-303,X-ray,St. Anne's Hospital,2020-01-27,2022-12-26,12.47
XR-303,X-ray,St. Anne's Hospital,2020-01-27,2022-12-27,13.68
XR-303,X-ray,St. Anne's Hospital,2020-01-27,2022-12-28,15.03
XR-303,X-ray,St. Anne's Hospital,2020-01-27,2022-12-29,13.44
XR-303,X-ray,St. Anne's Hospital,2020-01-27,2022-12-30,13.27
XR-303,X-ray,St. Anne's Hospital,2020-01-27,2022-12-31,9.62
XR-303,X-ray,St. Anne's Hospital,2020-01-27,2023-01-01,4.53
XR-303,X-ray,St. Anne's Hospital,2020-01-27,2023-01-02,15.12
XR-303,X-ray,St. Anne's Hospital,2020-01-27,2023-01-03,14.38
XR-303,X-ray,St. Anne's Hospital,2020-01-27,2023-01-04,13.53
XR-303,X-ray,St. Anne's Hospital,2020-01-27,2023-01-05,14.43
XR-303,X-ray,St. Anne's Hospital,2020-01-27,2023-01-06,14.26
XR-303,X-ray,St. Anne's Hospital,2020-01-27,2023-01-07,9.47
XR-303,X-ray,St. Anne's Hospital,2020-01-27,2023-01-08,4.26
XR-303,X-ray,St. Anne's Hospital,2020-01-27,2023-01-09,13.95
XR-303,X-ray,St. Anne's Hospital,2020-01-27,2023-01-10,13.33
XR-303,X-ray,St. Anne's Hospital,2020-01-27,2023-01-11,14.68
XR-303,X-ray,St. Anne's Hospital,2020-01-27,2023-01-12,12.78
XR-303,X-ray,St. Anne's Hospital,2020-01-27,2023-01-13,15.02
XR-303,X-ray,St. Anne's Hospital,2020-01-27,2023-01-14,8.86
XR-303,X-ray,St. Anne's Hospital,2020-01-27,2023-01-15,3.42
XR-303,X-ray,St. Anne's Hospital,2020-01-27,2023-01-16,15.23
XR-303,X-ray,St. Anne's Hospital,2020-01-27,2023-01-17,16.36
XR-303,X-ray,St. Anne's Hospital,2020-01-27,2023-01-18,15.01
XR-303,X-ray,St. Anne's Hospital,2020-01-27,2023-01-19,15.47
XR-303,X-ray,St. Anne's Hospital,2020-01-27,2023-01-20,14.0
XR-303,X-ray,St. Anne's Hospital,2020-01-27,2023-01-21,6.52
XR-303,X-ray,St. Anne's Hospital,2020-01-27,2023-01-22,2.84
XR-303,X-ray,St. Anne's Hospital,2020-01-27,2023-01-23,14.19
XR-303,X-ray,St. Anne's Hospital,2020-01-27,2023-01-24,13.25
XR-303,X-ray,St. Anne's Hospital,2020-01-27,2023-01-25,12.9
XR-303,X-ray,St. Anne's Hospital,2020-01-27,2023-01-26,13.84
XR-303,X-ray,St. Anne's Hospital,2020-01-27,2023-01-27,14.58
XR-303,X-ray,St. Anne's Hospital,2020-01-27,2023-01-28,6.74
XR-303,X-ray,St. Anne's Hospital,2020-01-27,2023-01-29,4.37
XR-303,X-ray,St. Anne's Hospital,2020-01-27,2023-01-30,15.57
XR-303,X-ray,St. Anne's Hospital,2020-01-27,2023-01-31,12.72
XR-303,X-ray,St. Anne's Hospital,2020-01-27,2023-02-01,14.86
XR-303,X-ray,St. Anne's Hospital,2020-01-27,2023-02-02,13.37
XR-303,X-ray,St. Anne's Hospital,2020-01-27,2023-02-03,14.51
XR-303,X-ray,St. Anne's Hospital,2020-01-27,2023-02-04,9.55
XR-303,X-ray,St. Anne's Hospital,2020-01-27,2023-02-05,5.68
XR-303,X-ray,St. Anne's Hospital,2020-01-27,2023-02-06,14.9
XR-303,X-ray,St. Anne's Hospital,2020-01-27,2023-02-07,12.64
XR-303,X-ray,St. Anne's Hospital,2020-01-27,2023-02-08,15.13
XR-303,X-ray,St. Anne's Hospital,2020-01-27,2023-02-09,12.97
XR-303,X-ray,St. Anne's Hospital,2020-01-27,2023-02-10,14.19
XR-303,X-ray,St. Anne's Hospital,2020-01-27,2023-02-11,8.63
XR-303,X-ray,St. Anne's Hospital,2020-01-27,2023-02-12,5.4
XR-303,X-ray,St. Anne's Hospital,2020-01-27,2023-02-13,14.28
XR-303,X-ray,St. Anne's Hospital,2020-01-27,2023-02-14,12.98
XR-303,X-ray,St. Anne's Hospital,2020-01-27,2023-02-15,12.42
XR-303,X-ray,St. Anne's Hospital,2020-01-27,2023-02-16,14.86
XR-303,X-ray,St. Anne's Hospital,2020-01-27,2023-02-17,14.11
XR-303,X-ray,St. Anne's Hospital,2020-01-27,2023-02-18,9.61
XR-303,X-ray,St. Anne's Hospital,2020-01-27,2023-02-19,4.82
XR-303,X-ray,St. Anne's Hospital,2020-01-27,2023-02-20,12.36
XR-303,X-ray,St. Anne's Hospital,2020-01-27,2023-02-21,14.97
XR-303,X-ray,St. Anne's Hospital,2020-01-27,2023-02-22,13.5
XR-303,X-ray,St. Anne's Hospital,2020-01-27,2023-02-23,14.28
XR-303,X-ray,St. Anne's Hospital,2020-01-27,2023-02-24,13.19
XR-303,X-ray,St. Anne's Hospital,2020-01-27,2023-02-25,10.15
XR-303,X-ray,St. Anne's Hospital,2020-01-27,2023-02-26,3.9
XR-303,X-ray,St. Anne's Hospital,2020-01-27,2023-02-27,13.53
XR-303,X-ray,St. Anne's Hospital,2020-01-27,2023-02-28,14.02
XR-303,X-ray,St. Anne's Hospital,2020-01-27,2023-03-01,12.7
XR-303,X-ray,St. Anne's Hospital,2020-01-27,2023-03-02,14.27
XR-303,X-ray,St. Anne's Hospital,2020-01-27,2023-03-03,15.68
XR-303,X-ray,St. Anne's Hospital,2020-01-27,2023-03-04,7.8
XR-303,X-ray,St. Anne's Hospital,2020-01-27,2023-03-05,5.3
XR-303,X-ray,St. Anne's Hospital,2020-01-27,2023-03-06,10.88
XR-303,X-ray,St. Anne's Hospital,2020-01-27,2023-03-07,13.86
XR-303,X-ray,St. Anne's Hospital,2020-01-27,2023-03-08,13.56
XR-303,X-ray,St. Anne's Hospital,2020-01-27,2023-03-09,13.0
XR-303,X-ray,St. Anne's Hospital,2020-01-27,2023-03-10,15.09
XR-303,X-ray,St. Anne's Hospital,2020-01-27,2023-03-11,7.98
XR-303,X-ray,St. Anne's Hospital,2020-01-27,2023-03-12,4.67
XR-303,X-ray,St. Anne's Hospital,2020-01-27,2023-03-13,13.49
XR-303,X-ray,St. Anne's Hospital,2020-01-27,2023-03-14,11.8
XR-303,X-ray,St. Anne's Hospital,2020-01-27,2023-03-15,12.66
XR-303,X-ray,St. Anne's Hospital,2020-01-27,2023-03-16,14.96
XR-303,X-ray,St. Anne's Hospital,2020-01-27,2023-03-17,11.58
XR-303,X-ray,St. Anne's Hospital,2020-01-27,2023-03-18,7.5
XR-303,X-ray,St. Anne's Hospital,2020-01-27,2023-03-19,4.43
XR-303,X-ray,St. Anne's Hospital,2020-01-27,2023-03-20,15.82
XR-303,X-ray,St. Anne's Hospital,2020-01-27,2023-03-21,14.75
XR-303,X-ray,St. Anne's Hospital,2020-01-27,2023-03-22,13.29
XR-303,X-ray,St. Anne's Hospital,2020-01-27,2023-03-23,15.34
XR-303,X-ray,St. Anne's Hospital,2020-01-27,2023-03-24,13.09
XR-303,X-ray,St. Anne's Hospital,2020-01-27,2023-03-25,9.45
XR-303,X-ray,St. Anne's Hospital,2020-01-27,2023-03-26,3.37
XR-303,X-ray,St. Anne's Hospital,2020-01-27,2023-03-27,15.09
XR-303,X-ray,St. Anne's Hospital,2020-01-27,2023-03-28,13.46
XR-303,X-ray,St. Anne's Hospital,2020-01-27,2023-03-29,12.77
XR-303,X-ray,St. Anne's Hospital,2020-01-27,2023-03-30,13.67
XR-303,X-ray,St. Anne's Hospital,2020-01-27,2023-03-31,14.21
