machine_id,machine_type,hospital_site,install_date,date,daily_usage_hours,age_years,manufacturer,last_service_date
MRI-101,MRI,Riverside General,2016-03-12,2022-04-01,8.11,7.05,GE HealthCare,2023-03-19
MRI-101,MRI,Riverside General,2016-03-12,2022-04-02,5.98,7.05,GE HealthCare,2023-03-19
MRI-101,MRI,Riverside General,2016-03-12,2022-04-03,3.7,7.05,GE HealthCare,2023-03-19
MRI-101,MRI,Riverside General,2016-03-12,2022-04-04,8.84,7.05,GE HealthCare,2023-03-19
MRI-101,MRI,Riverside General,2016-03-12,2022-04-05,9.69,7.05,GE HealthCare,2023-03-19
MRI-101,MRI,Riverside General,2016-03-12,2022-04-06,9.16,7.05,GE HealthCare,2023-03-19
MRI-101,MRI,Riverside General,2016-03-12,2022-04-07,8.1,7.05,GE HealthCare,2023-03-19
MRI-101,MRI,Riverside General,2016-03-12,2022-04-08,9.08,7.05,GE HealthCare,2023-03-19
MRI-101,MRI,Riverside General,2016-03-12,2022-04-09,4.51,7.05,GE HealthCare,2023-03-19
MRI-101,MRI,Riverside General,2016-03-12,2022-04-10,3.78,7.05,GE HealthCare,2023-03-19
MRI-101,MRI,Riverside General,2016-03-12,2022-04-11,8.75,7.05,GE HealthCare,2023-03-19
MRI-101,MRI,Riverside General,2016-03-12,2022-04-12,8.64,7.05,GE HealthCare,2023-03-19
MRI-101,MRI,Riverside General,2016-03-12,2022-04-13,8.24,7.05,GE HealthCare,2023-03-19
MRI-101,MRI,Riverside General,2016-03-12,2022-04-14,9.77,7.05,GE HealthCare,2023-03-19
MRI-101,MRI,Riverside General,2016-03-12,2022-04-15,8.66,7.05,GE HealthCare,2023-03-19
MRI-101,MRI,Riverside General,2016-03-12,2022-04-16,4.93,7.05,GE HealthCare,2023-03-19
MRI-101,MRI,Riverside General,2016-03-12,2022-04-17,2.79,7.05,GE HealthCare,2023-03-19
MRI-101,MRI,Riverside General,2016-03-12,2022-04-18,9.21,7.05,GE HealthCare,2023-03-19
MRI-101,MRI,Riverside General,2016-03-12,2022-04-19,9.08,7.05,GE HealthCare,2023-03-19
MRI-101,MRI,Riverside General,2016-03-12,2022-04-20,9.12,7.05,GE HealthCare,2023-03-19
MRI-101,MRI,Riverside General,2016-03-12,2022-04-21,9.13,7.05,GE HealthCare,2023-03-19
MRI-101,MRI,Riverside General,2016-03-12,2022-04-22,10.5,7.05,GE HealthCare,2023-03-19
MRI-101,MRI,Riverside General,2016-03-12,2022-04-23,4.95,7.05,GE HealthCare,2023-03-19
MRI-101,MRI,Riverside General,2016-03-12,2022-04-24,2.67,7.05,GE HealthCare,2023-03-19
MRI-101,MRI,Riverside General,2016-03-12,2022-04-25,8.14,7.05,GE HealthCare,2023-03-19
MRI-101,MRI,Riverside General,2016-03-12,2022-04-26,9.28,7.05,GE HealthCare,2023-03-19
MRI-101,MRI,Riverside General,2016-03-12,2022-04-27,9.69,7.05,GE HealthCare,2023-03-19
MRI-101,MRI,Riverside General,2016-03-12,2022-04-28,8.7,7.05,GE HealthCare,2023-03-19
MRI-101,MRI,Riverside General,2016-03-12,2022-04-29,8.12,7.05,GE HealthCare,2023-03-19
MRI-101,MRI,Riverside General,2016-03-12,2022-04-30,4.61,7.05,GE HealthCare,2023-03-19
MRI-101,MRI,Riverside General,2016-03-12,2022-05-01,3.6,7.05,GE HealthCare,2023-03-19
MRI-101,MRI,Riverside General,2016-03-12,2022-05-02,9.38,7.05,GE HealthCare,2023-03-19
MRI-101,MRI,Riverside General,2016-03-12,2022-05-03,9.22,7.05,GE HealthCare,2023-03-19
MRI-101,MRI,Riverside General,2016-03-12,2022-05-04,8.26,7.05,GE HealthCare,2023-03-19
MRI-101,MRI,Riverside General,2016-03-12,2022-05-05,8.97,7.05,GE HealthCare,2023-03-19
MRI-101,MRI,Riverside General,2016-03-12,2022-05-06,8.88,7.05,GE HealthCare,2023-03-19
MRI-101,MRI,Riverside General,2016-03-12,2022-05-07,5.45,7.05,GE HealthCare,2023-03-19
MRI-101,MRI,Riverside General,2016-03-12,2022-05-08,3.77,7.05,GE HealthCare,2023-03-19
MRI-101,MRI,Riverside General,2016-03-12,2022-05-09,8.97,7.05,GE HealthCare,2023-03-19
MRI-101,MRI,Riverside General,2016-03-12,2022-05-10,9.33,7.05,GE HealthCare,2023-03-19
MRI-101,MRI,Riverside General,2016-03-12,2022-05-11,8.84,7.05,GE HealthCare,2023-03-19
MRI-101,MRI,Riverside General,2016-03-12,2022-05-12,9.02,7.05,GE HealthCare,2023-03-19
MRI-101,MRI,Riverside General,2016-03-12,2022-05-13,9.29,7.05,GE HealthCare,2023-03-19
MRI-101,MRI,Riverside General,2016-03-12,2022-05-14,4.11,7.05,GE HealthCare,2023-03-19
MRI-101,MRI,Riverside General,2016-03-12,2022-05-15,2.82,7.05,GE HealthCare,2023-03-19
MRI-101,MRI,Riverside General,2016-03-12,2022-05-16,8.41,7.05,GE HealthCare,2023-03-19
MRI-101,MRI,Riverside General,2016-03-12,2022-05-17,8.28,7.05,GE HealthCare,2023-03-19
MRI-101,MRI,Riverside General,2016-03-12,2022-05-18,8.57,7.05,GE HealthCare,2023-03-19
MRI-101,MRI,Riverside General,2016-03-12,2022-05-19,9.98,7.05,GE HealthCare,2023-03-19
MRI-101,MRI,Riverside General,2016-03-12,2022-05-20,8.1,7.05,GE HealthCare,2023-03-19
MRI-101,MRI,Riverside General,2016-03-12,2022-05-21,6.05,7.05,GE HealthCare,2023-03-19
MRI-101,MRI,Riverside General,2016-03-12,2022-05-22,1.73,7.05,GE HealthCare,2023-03-19
MRI-101,MRI,Riverside General,2016-03-12,2022-05-23,8.52,7.05,GE HealthCare,2023-03-19
MRI-101,MRI,Riverside General,2016-03-12,2022-05-24,8.92,7.05,GE HealthCare,2023-03-19
MRI-101,MRI,Riverside General,2016-03-12,2022-05-25,9.26,7.05,GE HealthCare,2023-03-19
MRI-101,MRI,Riverside General,2016-03-12,2022-05-26,9.36,7.05,GE HealthCare,2023-03-19
MRI-101,MRI,Riverside General,2016-03-12,2022-05-27,9.42,7.05,GE HealthCare,2023-03-19
MRI-101,MRI,Riverside General,2016-03-12,2022-05-28,4.99,7.05,GE HealthCare,2023-03-19
MRI-101,MRI,Riverside General,2016-03-12,2022-05-29,2.71,7.05,GE HealthCare,2023-03-19
MRI-101,MRI,Riverside General,2016-03-12,2022-05-30,9.47,7.05,GE HealthCare,2023-03-19
MRI-101,MRI,Riverside General,2016-03-12,2022-05-31,8.64,7.05,GE HealthCare,2023-03-19
MRI-101,MRI,Riverside General,2016-03-12,2022-06-01,7.77,7.05,GE HealthCare,2023-03-19
MRI-101,MRI,Riverside General,2016-03-12,2022-06-02,7.88,7.05,GE HealthCare,2023-03-19
MRI-101,MRI,Riverside General,2016-03-12,2022-06-03,8.05,7.05,GE HealthCare,2023-03-19
MRI-101,MRI,Riverside General,2016-03-12,2022-06-04,5.67,7.05,GE HealthCare,2023-03-19
MRI-101,MRI,Riverside General,2016-03-12,2022-06-05,3.19,7.05,GE HealthCare,2023-03-19
MRI-101,MRI,Riverside General,2016-03-12,2022-06-06,9.34,7.05,GE HealthCare,2023-03-19
MRI-101,MRI,Riverside General,2016-03-12,2022-06-07,8.45,7.05,GE HealthCare,2023-03-19
MRI-101,MRI,Riverside General,2016-03-12,2022-06-08,8.92,7.05,GE HealthCare,2023-03-19
MRI-101,MRI,Riverside General,2016-03-12,2022-06-09,9.29,7.05,GE HealthCare,2023-03-19
MRI-101,MRI,Riverside General,2016-03-12,2022-06-10,8.54,7.05,GE HealthCare,2023-03-19
MRI-101,MRI,Riverside General,2016-03-12,2022-06-11,5.64,7.05,GE HealthCare,2023-03-19
MRI-101,MRI,Riverside General,2016-03-12,2022-06-12,2.55,7.05,GE HealthCare,2023-03-19
MRI-101,MRI,Riverside General,2016-03-12,2022-06-13,8.5,7.05,GE HealthCare,2023-03-19
MRI-101,MRI,Riverside General,2016-03-12,2022-06-14,8.48,7.05,GE HealthCare,2023-03-19
MRI-101,MRI,Riverside General,2016-03-12,2022-06-15,7.83,7.05,GE HealthCare,2023-03-19
MRI-101,MRI,Riverside General,2016-03-12,2022-06-16,9.18,7.05,GE HealthCare,2023-03-19
MRI-101,MRI,Riverside General,2016-03-12,2022-06-17,8.41,7.05,GE HealthCare,2023-03-19
MRI-101,MRI,Riverside General,2016-03-12,2022-06-18,5.28,7.05,GE HealthCare,2023-03-19
MRI-101,MRI,Riverside General,2016-03-12,2022-06-19,3.46,7.05,GE HealthCare,2023-03-19
MRI-101,MRI,Riverside General,2016-03-12,2022-06-20,9.15,7.05,GE HealthCare,2023-03-19
MRI-101,MRI,Riverside General,2016-03-12,2022-06-21,9.32,7.05,GE HealthCare,2023-03-19
MRI-101,MRI,Riverside General,2016-03-12,2022-06-22,8.71,7.05,GE HealthCare,2023-03-19
MRI-101,MRI,Riverside General,2016-03-12,2022-06-23,8.45,7.05,GE HealthCare,2023-03-19
MRI-101,MRI,Riverside General,2016-03-12,2022-06-24,8.72,7.05,GE HealthCare,2023-03-19
MRI-101,MRI,Riverside General,2016-03-12,2022-06-25,3.92,7.05,GE HealthCare,2023-03-19
MRI-101,MRI,Riverside General,2016-03-12,2022-06-26,1.92,7.05,GE HealthCare,2023-03-19
MRI-101,MRI,Riverside General,2016-03-12,2022-06-27,7.73,7.05,GE HealthCare,2023-03-19
MRI-101,MRI,Riverside General,2016-03-12,2022-06-28,7.99,7.05,GE HealthCare,2023-03-19
MRI-101,MRI,Riverside General,2016-03-12,2022-06-29,9.11,7.05,GE HealthCare,2023-03-19
MRI-101,MRI,Riverside General,2016-03-12,2022-06-30,8.06,7.05,GE HealthCare,2023-03-19
MRI-101,MRI,Riverside General,2016-03-12,2022-07-01,8.49,7.05,GE HealthCare,2023-03-19
MRI-101,MRI,Riverside General,2016-03-12,2022-07-02,6.31,7.05,GE HealthCare,2023-03-19
MRI-101,MRI,Riverside General,2016-03-12,2022-07-03,2.79,7.05,GE HealthCare,2023-03-19
MRI-101,MRI,Riverside General,2016-03-12,2022-07-04,9.38,7.05,GE HealthCare,2023-03-19
MRI-101,MRI,Riverside General,2016-03-12,2022-07-05,8.04,7.05,GE HealthCare,2023-03-19
MRI-101,MRI,Riverside General,2016-03-12,2022-07-06,8.62,7.05,GE HealthCare,2023-03-19
MRI-101,MRI,Riverside General,2016-03-12,2022-07-07,8.03,7.05,GE HealthCare,2023-03-19
MRI-101,MRI,Riverside General,2016-03-12,2022-07-08,8.52,7.05,GE HealthCare,2023-03-19
MRI-101,MRI,Riverside General,2016-03-12,2022-07-09,5.95,7.05,GE HealthCare,2023-03-19
MRI-101,MRI,Riverside General,2016-03-12,2022-07-10,1.69,7.05,GE HealthCare,2023-03-19
MRI-101,MRI,Riverside General,2016-03-12,2022-07-11,9.14,7.05,GE HealthCare,2023-03-19
MRI-101,MRI,Riverside General,2016-03-12,2022-07-12,8.98,7.05,GE HealthCare,2023-03-19
MRI-101,MRI,Riverside General,2016-03-12,2022-07-13,8.31,7.05,GE HealthCare,2023-03-19
MRI-101,MRI,Riverside General,2016-03-12,2022-07-14,7.63,7.05,GE HealthCare,2023-03-19
MRI-101,MRI,Riverside General,2016-03-12,2022-07-15,8.85,7.05,GE HealthCare,2023-03-19
MRI-101,MRI,Riverside General,2016-03-12,2022-07-16,4.85,7.05,GE HealthCare,2023-03-19
MRI-101,MRI,Riverside General,2016-03-12,2022-07-17,3.26,7.05,GE HealthCare,2023-03-19
MRI-101,MRI,Riverside General,2016-03-12,2022-07-18,8.81,7.05,GE HealthCare,2023-03-19
MRI-101,MRI,Riverside General,2016-03-12,2022-07-19,10.07,7.05,GE HealthCare,2023-03-19
MRI-101,MRI,Riverside General,2016-03-12,2022-07-20,8.6,7.05,GE HealthCare,2023-03-19
MRI-101,MRI,Riverside General,2016-03-12,2022-07-21,7.97,7.05,GE HealthCare,2023-03-19
MRI-101,MRI,Riverside General,2016-03-12,2022-07-22,8.93,7.05,GE HealthCare,2023-03-19
MRI-101,MRI,Riverside General,2016-03-12,2022-07-23,5.45,7.05,GE HealthCare,2023-03-19
MRI-101,MRI,Riverside General,2016-03-12,2022-07-24,4.16,7.05,GE HealthCare,2023-03-19
MRI-101,MRI,Riverside General,2016-03-12,2022-07-25,9.46,7.05,GE HealthCare,2023-03-19
MRI-101,MRI,Riverside General,2016-03-12,2022-07-26,9.07,7.05,GE HealthCare,2023-03-19
MRI-101,MRI,Riverside General,2016-03-12,2022-07-27,9.96,7.05,GE HealthCare,2023-03-19
MRI-101,MRI,Riverside General,2016-03-12,2022-07-28,7.84,7.05,GE HealthCare,2023-03-19
MRI-101,MRI,Riverside General,2016-03-12,2022-07-29,8.28,7.05,GE HealthCare,2023-03-19
MRI-101,MRI,Riverside General,2016-03-12,2022-07-30,4.53,7.05,GE HealthCare,2023-03-19
MRI-101,MRI,Riverside General,2016-03-12,2022-07-31,2.76,7.05,GE HealthCare,2023-03-19
MRI-101,MRI,Riverside General,2016-03-12,2022-08-01,7.69,7.05,GE HealthCare,2023-03-19
MRI-101,MRI,Riverside General,2016-03-12,2022-08-02,9.3,7.05,GE HealthCare,2023-03-19
MRI-101,MRI,Riverside General,2016-03-12,2022-08-03,8.61,7.05,GE HealthCare,2023-03-19
MRI-101,MRI,Riverside General,2016-03-12,2022-08-04,7.61,7.05,GE HealthCare,2023-03-19
MRI-101,MRI,Riverside General,2016-03-12,2022-08-05,7.98,7.05,GE HealthCare,2023-03-19
MRI-101,MRI,Riverside General,2016-03-12,2022-08-06,5.52,7.05,GE HealthCare,2023-03-19
MRI-101,MRI,Riverside General,2016-03-12,2022-08-07,3.75,7.05,GE HealthCare,2023-03-19
MRI-101,MRI,Riverside General,2016-03-12,2022-08-08,10.39,7.05,GE HealthCare,2023-03-19
MRI-101,MRI,Riverside General,2016-03-12,2022-08-09,11.12,7.05,GE HealthCare,2023-03-19
MRI-101,MRI,Riverside General,2016-03-12,2022-08-10,9.12,7.05,GE HealthCare,2023-03-19
MRI-101,MRI,Riverside General,2016-03-12,2022-08-11,8.0,7.05,GE HealthCare,2023-03-19
MRI-101,MRI,Riverside General,2016-03-12,2022-08-12,7.08,7.05,GE HealthCare,2023-03-19
MRI-101,MRI,Riverside General,2016-03-12,2022-08-13,5.49,7.05,GE HealthCare,2023-03-19
MRI-101,MRI,Riverside General,2016-03-12,2022-08-14,2.43,7.05,GE HealthCare,2023-03-19
MRI-101,MRI,Riverside General,2016-03-12,2022-08-15,8.46,7.05,GE HealthCare,2023-03-19
MRI-101,MRI,Riverside General,2016-03-12,2022-08-16,8.3,7.05,GE HealthCare,2023-03-19
MRI-101,MRI,Riverside General,2016-03-12,2022-08-17,8.68,7.05,GE HealthCare,2023-03-19
MRI-101,MRI,Riverside General,2016-03-12,2022-08-18,9.64,7.05,GE HealthCare,2023-03-19
MRI-101,MRI,Riverside General,2016-03-12,2022-08-19,8.91,7.05,GE HealthCare,2023-03-19
MRI-101,MRI,Riverside General,2016-03-12,2022-08-20,5.15,7.05,GE HealthCare,2023-03-19
MRI-101,MRI,Riverside General,2016-03-12,2022-08-21,2.25,7.05,GE HealthCare,2023-03-19
MRI-101,MRI,Riverside General,2016-03-12,2022-08-22,7.45,7.05,GE HealthCare,2023-03-19
MRI-101,MRI,Riverside General,2016-03-12,2022-08-23,8.4,7.05,GE HealthCare,2023-03-19
MRI-101,MRI,Riverside General,2016-03-12,2022-08-24,8.75,7.05,GE HealthCare,2023-03-19
MRI-101,MRI,Riverside General,2016-03-12,2022-08-25,10.2,7.05,GE HealthCare,2023-03-19
MRI-101,MRI,Riverside General,2016-03-12,2022-08-26,8.89,7.05,GE HealthCare,2023-03-19
MRI-101,MRI,Riverside General,2016-03-12,2022-08-27,6.06,7.05,GE HealthCare,2023-03-19
MRI-101,MRI,Riverside General,2016-03-12,2022-08-28,2.68,7.05,GE HealthCare,2023-03-19
MRI-101,MRI,Riverside General,2016-03-12,2022-08-29,7.84,7.05,GE HealthCare,2023-03-19
MRI-101,MRI,Riverside General,2016-03-12,2022-08-30,8.02,7.05,GE HealthCare,2023-03-19
MRI-101,MRI,Riverside General,2016-03-12,2022-08-31,8.21,7.05,GE HealthCare,2023-03-19
MRI-101,MRI,Riverside General,2016-03-12,2022-09-01,10.49,7.05,GE HealthCare,2023-03-19
MRI-101,MRI,Riverside General,2016-03-12,2022-09-02,8.13,7.05,GE HealthCare,2023-03-19
MRI-101,MRI,Riverside General,2016-03-12,2022-09-03,5.94,7.05,GE HealthCare,2023-03-19
MRI-101,MRI,Riverside General,2016-03-12,2022-09-04,2.35,7.05,GE HealthCare,2023-03-19
MRI-101,MRI,Riverside General,2016-03-12,2022-09-05,9.53,7.05,GE HealthCare,2023-03-19
MRI-101,MRI,Riverside General,2016-03-12,2022-09-06,9.1,7.05,GE HealthCare,2023-03-19
MRI-101,MRI,Riverside General,2016-03-12,2022-09-07,8.66,7.05,GE HealthCare,2023-03-19
MRI-101,MRI,Riverside General,2016-03-12,2022-09-08,8.76,7.05,GE HealthCare,2023-03-19
MRI-101,MRI,Riverside General,2016-03-12,2022-09-09,8.26,7.05,GE HealthCare,2023-03-19
MRI-101,MRI,Riverside General,2016-03-12,2022-09-10,5.63,7.05,GE HealthCare,2023-03-19
MRI-101,MRI,Riverside General,2016-03-12,2022-09-11,2.71,7.05,GE HealthCare,2023-03-19
MRI-101,MRI,Riverside General,2016-03-12,2022-09-12,7.81,7.05,GE HealthCare,2023-03-19
MRI-101,MRI,Riverside General,2016-03-12,2022-09-13,7.77,7.05,GE HealthCare,2023-03-19
MRI-101,MRI,Riverside General,2016-03-12,2022-09-14,8.93,7.05,GE HealthCare,2023-03-19
MRI-101,MRI,Riverside General,2016-03-12,2022-09-15,10.05,7.05,GE HealthCare,2023-03-19
MRI-101,MRI,Riverside General,2016-03-12,2022-09-16,8.92,7.05,GE HealthCare,2023-03-19
MRI-101,MRI,Riverside General,2016-03-12,2022-09-17,5.18,7.05,GE HealthCare,2023-03-19
MRI-101,MRI,Riverside General,2016-03-12,2022-09-18,3.3,7.05,GE HealthCare,2023-03-19
MRI-101,MRI,Riverside General,2016-03-12,2022-09-19,9.83,7.05,GE HealthCare,2023-03-19
MRI-101,MRI,Riverside General,2016-03-12,2022-09-20,8.96,7.05,GE HealthCare,2023-03-19
MRI-101,MRI,Riverside General,2016-03-12,2022-09-21,8.46,7.05,GE HealthCare,2023-03-19
MRI-101,MRI,Riverside General,2016-03-12,2022-09-22,9.67,7.05,GE HealthCare,2023-03-19
MRI-101,MRI,Riverside General,2016-03-12,2022-09-23,9.13,7.05,GE HealthCare,2023-03-19
MRI-101,MRI,Riverside General,2016-03-12,2022-09-24,6.5,7.05,GE HealthCare,2023-03-19
MRI-101,MRI,Riverside General,2016-03-12,2022-09-25,3.22,7.05,GE HealthCare,2023-03-19
MRI-101,MRI,Riverside General,2016-03-12,2022-09-26,7.81,7.05,GE HealthCare,2023-03-19
MRI-101,MRI,Riverside General,2016-03-12,2022-09-27,7.69,7.05,GE HealthCare,2023-03-19
MRI-101,MRI,Riverside General,2016-03-12,2022-09-28,10.11,7.05,GE HealthCare,2023-03-19
MRI-101,MRI,Riverside General,2016-03-12,2022-09-29,10.17,7.05,GE HealthCare,2023-03-19
MRI-101,MRI,Riverside General,2016-03-12,2022-09-30,8.64,7.05,GE HealthCare,2023-03-19
MRI-101,MRI,Riverside General,2016-03-12,2022-10-01,4.97,7.05,GE HealthCare,2023-03-19
MRI-101,MRI,Riverside General,2016-03-12,2022-10-02,4.25,7.05,GE HealthCare,2023-03-19
MRI-101,MRI,Riverside General,2016-03-12,2022-10-03,7.9,7.05,GE HealthCare,2023-03-19
MRI-101,MRI,Riverside General,2016-03-12,2022-10-04,8.07,7.05,GE HealthCare,2023-03-19
MRI-101,MRI,Riverside General,2016-03-12,2022-10-05,9.3,7.05,GE HealthCare,2023-03-19
MRI-101,MRI,Riverside General,2016-03-12,2022-10-06,8.47,7.05,GE HealthCare,2023-03-19
MRI-101,MRI,Riverside General,2016-03-12,2022-10-07,8.78,7.05,GE HealthCare,2023-03-19
MRI-101,MRI,Riverside General,2016-03-12,2022-10-08,5.14,7.05,GE HealthCare,2023-03-19
MRI-101,MRI,Riverside General,2016-03-12,2022-10-09,3.35,7.05,GE HealthCare,2023-03-19
MRI-101,MRI,Riverside General,2016-03-12,2022-10-10,9.91,7.05,GE HealthCare,2023-03-19
MRI-101,MRI,Riverside General,2016-03-12,2022-10-11,8.86,7.05,GE HealthCare,2023-03-19
MRI-101,MRI,Riverside General,2016-03-12,2022-10-12,9.3,7.05,GE HealthCare,2023-03-19
MRI-101,MRI,Riverside General,2016-03-12,2022-10-13,7.15,7.05,GE HealthCare,2023-03-19
MRI-101,MRI,Riverside General,2016-03-12,2022-10-14,8.75,7.05,GE HealthCare,2023-03-19
MRI-101,MRI,Riverside General,2016-03-12,2022-10-15,4.6,7.05,GE HealthCare,2023-03-19
MRI-101,MRI,Riverside General,2016-03-12,2022-10-16,2.1,7.05,GE HealthCare,2023-03-19
MRI-101,MRI,Riverside General,2016-03-12,2022-10-17,8.09,7.05,GE HealthCare,2023-03-19
MRI-101,MRI,Riverside General,2016-03-12,2022-10-18,8.52,7.05,GE HealthCare,2023-03-19
MRI-101,MRI,Riverside General,2016-03-12,2022-10-19,9.52,7.05,GE HealthCare,2023-03-19
MRI-101,MRI,Riverside General,2016-03-12,2022-10-20,7.73,7.05,GE HealthCare,2023-03-19
MRI-101,MRI,Riverside General,2016-03-12,2022-10-21,8.81,7.05,GE HealthCare,2023-03-19
MRI-101,MRI,Riverside General,2016-03-12,2022-10-22,4.89,7.05,GE HealthCare,2023-03-19
MRI-101,MRI,Riverside General,2016-03-12,2022-10-23,2.81,7.05,GE HealthCare,2023-03-19
MRI-101,MRI,Riverside General,2016-03-12,2022-10-24,9.59,7.05,GE HealthCare,2023-03-19
MRI-101,MRI,Riverside General,2016-03-12,2022-10-25,9.22,7.05,GE HealthCare,2023-03-19
MRI-101,MRI,Riverside General,2016-03-12,2022-10-26,9.86,7.05,GE HealthCare,2023-03-19
MRI-101,MRI,Riverside General,2016-03-12,2022-10-27,8.66,7.05,GE HealthCare,2023-03-19
MRI-101,MRI,Riverside General,2016-03-12,2022-10-28,8.23,7.05,GE HealthCare,2023-03-19
MRI-101,MRI,Riverside General,2016-03-12,2022-10-29,5.09,7.05,GE HealthCare,2023-03-19
MRI-101,MRI,Riverside General,2016-03-12,2022-10-30,3.27,7.05,GE HealthCare,2023-03-19
MRI-101,MRI,Riverside General,2016-03-12,2022-10-31,8.93,7.05,GE HealthCare,2023-03-19
MRI-101,MRI,Riverside General,2016-03-12,2022-11-01,7.92,7.05,GE HealthCare,2023-03-19
MRI-101,MRI,Riverside General,2016-03-12,2022-11-02,8.86,7.05,GE HealthCare,2023-03-19
MRI-101,MRI,Riverside General,2016-03-12,2022-11-03,8.97,7.05,GE HealthCare,2023-03-19
MRI-101,MRI,Riverside General,2016-03-12,2022-11-04,10.8,7.05,GE HealthCare,2023-03-19
MRI-101,MRI,Riverside General,2016-03-12,2022-11-05,6.77,7.05,GE HealthCare,2023-03-19
MRI-101,MRI,Riverside General,2016-03-12,2022-11-06,2.39,7.05,GE HealthCare,2023-03-19
MRI-101,MRI,Riverside General,2016-03-12,2022-11-07,8.56,7.05,GE HealthCare,2023-03-19
MRI-101,MRI,Riverside General,2016-03-12,2022-11-08,7.62,7.05,GE HealthCare,2023-03-19
MRI-101,MRI,Riverside General,2016-03-12,2022-11-09,8.32,7.05,GE HealthCare,2023-03-19
MRI-101,MRI,Riverside General,2016-03-12,2022-11-10,9.04,7.05,GE HealthCare,2023-03-19
MRI-101,MRI,Riverside General,2016-03-12,2022-11-11,9.75,7.05,GE HealthCare,2023-03-19
MRI-101,MRI,Riverside General,2016-03-12,2022-11-12,4.69,7.05,GE HealthCare,2023-03-19
MRI-101,MRI,Riverside General,2016-03-12,2022-11-13,2.55,7.05,GE HealthCare,2023-03-19
MRI-101,MRI,Riverside General,2016-03-12,2022-11-14,7.07,7.05,GE HealthCare,2023-03-19
MRI-101,MRI,Riverside General,2016-03-12,2022-11-15,8.66,7.05,GE HealthCare,2023-03-19
MRI-101,MRI,Riverside General,2016-03-12,2022-11-16,7.94,7.05,GE HealthCare,2023-03-19
MRI-101,MRI,Riverside General,2016-03-12,2022-11-17,8.36,7.05,GE HealthCare,2023-03-19
MRI-101,MRI,Riverside General,2016-03-12,2022-11-18,8.09,7.05,GE HealthCare,2023-03-19
MRI-101,MRI,Riverside General,2016-03-12,2022-11-19,5.2,7.05,GE HealthCare,2023-03-19
MRI-101,MRI,Riverside General,2016-03-12,2022-11-20,1.67,7.05,GE HealthCare,2023-03-19
MRI-101,MRI,Riverside General,2016-03-12,2022-11-21,7.61,7.05,GE HealthCare,2023-03-19
MRI-101,MRI,Riverside General,2016-03-12,2022-11-22,10.49,7.05,GE HealthCare,2023-03-19
MRI-101,MRI,Riverside General,2016-03-12,2022-11-23,7.76,7.05,GE HealthCare,2023-03-19
MRI-101,MRI,Riverside General,2016-03-12,2022-11-24,7.91,7.05,GE HealthCare,2023-03-19
MRI-101,MRI,Riverside General,2016-03-12,2022-11-25,10.26,7.05,GE HealthCare,2023-03-19
MRI-101,MRI,Riverside General,2016-03-12,2022-11-26,7.6,7.05,GE HealthCare,2023-03-19
MRI-101,MRI,Riverside General,2016-03-12,2022-11-27,2.14,7.05,GE HealthCare,2023-03-19
MRI-101,MRI,Riverside General,2016-03-12,2022-11-28,8.49,7.05,GE HealthCare,2023-03-19
MRI-101,MRI,Riverside General,2016-03-12,2022-11-29,9.06,7.05,GE HealthCare,2023-03-19
MRI-101,MRI,Riverside General,2016-03-12,2022-11-30,10.17,7.05,GE HealthCare,2023-03-19
MRI-101,MRI,Riverside General,2016-03-12,2022-12-01,8.0,7.05,GE HealthCare,2023-03-19
MRI-101,MRI,Riverside General,2016-03-12,2022-12-02,8.59,7.05,GE HealthCare,2023-03-19
MRI-101,MRI,Riverside General,2016-03-12,2022-12-03,5.89,7.05,GE HealthCare,2023-03-19
MRI-101,MRI,Riverside General,2016-03-12,2022-12-04,3.42,7.05,GE HealthCare,2023-03-19
MRI-101,MRI,Riverside General,2016-03-12,2022-12-05,8.49,7.05,GE HealthCare,2023-03-19
MRI-101,MRI,Riverside General,2016-03-12,2022-12-06,8.68,7.05,GE HealthCare,2023-03-19
MRI-101,MRI,Riverside General,2016-03-12,2022-12-07,7.69,7.05,GE HealthCare,2023-03-19
MRI-101,MRI,Riverside General,2016-03-12,2022-12-08,8.6,7.05,GE HealthCare,2023-03-19
MRI-101,MRI,Riverside General,2016-03-12,2022-12-09,8.58,7.05,GE HealthCare,2023-03-19
MRI-101,MRI,Riverside General,2016-03-12,2022-12-10,5.46,7.05,GE HealthCare,2023-03-19
MRI-101,MRI,Riverside General,2016-03-12,2022-12-11,2.63,7.05,GE HealthCare,2023-03-19
MRI-101,MRI,Riverside General,2016-03-12,2022-12-12,9.17,7.05,GE HealthCare,2023-03-19
MRI-101,MRI,Riverside General,2016-03-12,2022-12-13,9.6,7.05,GE HealthCare,2023-03-19
MRI-101,MRI,Riverside General,2016-03-12,2022-12-14,8.91,7.05,GE HealthCare,2023-03-19
MRI-101,MRI,Riverside General,2016-03-12,2022-12-15,9.07,7.05,GE HealthCare,2023-03-19
MRI-101,MRI,Riverside General,2016-03-12,2022-12-16,8.83,7.05,GE HealthCare,2023-03-19
MRI-101,MRI,Riverside General,2016-03-12,2022-12-17,5.27,7.05,GE HealthCare,2023-03-19
MRI-101,MRI,Riverside General,2016-03-12,2022-12-18,2.5,7.05,GE HealthCare,2023-03-19
MRI-101,MRI,Riverside General,2016-03-12,2022-12-19,9.04,7.05,GE HealthCare,2023-03-19
MRI-101,MRI,Riverside General,2016-03-12,2022-12-20,8.71,7.05,GE HealthCare,2023-03-19
MRI-101,MRI,Riverside General,2016-03-12,2022-12-21,10.46,7.05,GE HealthCare,2023-03-19
MRI-101,MRI,Riverside General,2016-03-12,2022-12-22,10.05,7.05,GE HealthCare,2023-03-19
MRI-101,MRI,Riverside General,2016-03-12,2022-12-23,9.1,7.05,GE HealthCare,2023-03-19
MRI-101,MRI,Riverside General,2016-03-12,2022-12-24,4.66,7.05,GE HealthCare,2023-03-19
MRI-101,MRI,Riverside General,2016-03-12,2022-12-25,2.19,7.05,GE HealthCare,2023-03-19
MRI-101,MRI,Riverside General,2016-03-12,2022-12-26,9.74,7.05,GE HealthCare,2023-03-19
MRI-101,MRI,Riverside General,2016-03-12,2022-12-27,9.0,7.05,GE HealthCare,2023-03-19
MRI-101,MRI,Riverside General,2016-03-12,2022-12-28,9.17,7.05,GE HealthCare,2023-03-19
MRI-101,MRI,Riverside General,2016-03-12,2022-12-29,7.39,7.05,GE HealthCare,2023-03-19
MRI-101,MRI,Riverside General,2016-03-12,2022-12-30,9.53,7.05,GE HealthCare,2023-03-19
MRI-101,MRI,Riverside General,2016-03-12,2022-12-31,5.64,7.05,GE HealthCare,2023-03-19
MRI-101,MRI,Riverside General,2016-03-12,2023-01-01,2.19,7.05,GE HealthCare,2023-03-19
MRI-101,MRI,Riverside General,2016-03-12,2023-01-02,8.41,7.05,GE HealthCare,2023-03-19
MRI-101,MRI,Riverside General,2016-03-12,2023-01-03,9.0,7.05,GE HealthCare,2023-03-19
MRI-101,MRI,Riverside General,2016-03-12,2023-01-04,8.83,7.05,GE HealthCare,2023-03-19
MRI-101,MRI,Riverside General,2016-03-12,2023-01-05,8.55,7.05,GE HealthCare,2023-03-19
MRI-101,MRI,Riverside General,2016-03-12,2023-01-06,8.71,7.05,GE HealthCare,2023-03-19
MRI-101,MRI,Riverside General,2016-03-12,2023-01-07,5.07,7.05,GE HealthCare,2023-03-19
MRI-101,MRI,Riverside General,2016-03-12,2023-01-08,3.2,7.05,GE HealthCare,2023-03-19
MRI-101,MRI,Riverside General,2016-03-12,2023-01-09,9.97,7.05,GE HealthCare,2023-03-19
MRI-101,MRI,Riverside General,2016-03-12,2023-01-10,6.74,7.05,GE HealthCare,2023-03-19
MRI-101,MRI,Riverside General,2016-03-12,2023-01-11,8.6,7.05,GE HealthCare,2023-03-19
MRI-101,MRI,Riverside General,2016-03-12,2023-01-12,8.93,7.05,GE HealthCare,2023-03-19
MRI-101,MRI,Riverside General,2016-03-12,2023-01-13,9.03,7.05,GE HealthCare,2023-03-19
MRI-101,MRI,Riverside General,2016-03-12,2023-01-14,4.98,7.05,GE HealthCare,2023-03-19
MRI-101,MRI,Riverside General,2016-03-12,2023-01-15,1.67,7.05,GE HealthCare,2023-03-19
MRI-101,MRI,Riverside General,2016-03-12,2023-01-16,9.05,7.05,GE HealthCare,2023-03-19
MRI-101,MRI,Riverside General,2016-03-12,2023-01-17,10.17,7.05,GE HealthCare,2023-03-19
MRI-101,MRI,Riverside General,2016-03-12,2023-01-18,7.56,7.05,GE HealthCare,2023-03-19
MRI-101,MRI,Riverside General,2016-03-12,2023-01-19,9.48,7.05,GE HealthCare,2023-03-19
MRI-101,MRI,Riverside General,2016-03-12,2023-01-20,8.53,7.05,GE HealthCare,2023-03-19
MRI-101,MRI,Riverside General,2016-03-12,2023-01-21,5.22,7.05,GE HealthCare,2023-03-19
MRI-101,MRI,Riverside General,2016-03-12,2023-01-22,2.23,7.05,GE HealthCare,2023-03-19
MRI-101,MRI,Riverside General,2016-03-12,2023-01-23,8.52,7.05,GE HealthCare,2023-03-19
MRI-101,MRI,Riverside General,2016-03-12,2023-01-24,9.83,7.05,GE HealthCare,2023-03-19
MRI-101,MRI,Riverside General,2016-03-12,2023-01-25,9.25,7.05,GE HealthCare,2023-03-19
MRI-101,MRI,Riverside General,2016-03-12,2023-01-26,10.17,7.05,GE HealthCare,2023-03-19
MRI-101,MRI,Riverside General,2016-03-12,2023-01-27,9.73,7.05,GE HealthCare,2023-03-19
MRI-101,MRI,Riverside General,2016-03-12,2023-01-28,5.62,7.05,GE HealthCare,2023-03-19
MRI-101,MRI,Riverside General,2016-03-12,2023-01-29,4.47,7.05,GE HealthCare,2023-03-19
MRI-101,MRI,Riverside General,2016-03-12,2023-01-30,9.14,7.05,GE HealthCare,2023-03-19
MRI-101,MRI,Riverside General,2016-03-12,2023-01-31,9.45,7.05,GE HealthCare,2023-03-19
MRI-101,MRI,Riverside General,2016-03-12,2023-02-01,8.55,7.05,GE HealthCare,2023-03-19
MRI-101,MRI,Riverside General,2016-03-12,2023-02-02,8.84,7.05,GE HealthCare,2023-03-19
MRI-101,MRI,Riverside General,2016-03-12,2023-02-03,8.23,7.05,GE HealthCare,2023-03-19
MRI-101,MRI,Riverside General,2016-03-12,2023-02-04,6.06,7.05,GE HealthCare,2023-03-19
MRI-101,MRI,Riverside General,2016-03-12,2023-02-05,2.13,7.05,GE HealthCare,2023-03-19
MRI-101,MRI,Riverside General,2016-03-12,2023-02-06,9.41,7.05,GE HealthCare,2023-03-19
MRI-101,MRI,Riverside General,2016-03-12,2023-02-07,8.64,7.05,GE HealthCare,2023-03-19
MRI-101,MRI,Riverside General,2016-03-12,2023-02-08,9.73,7.05,GE HealthCare,2023-03-19
MRI-101,MRI,Riverside General,2016-03-12,2023-02-09,9.39,7.05,GE HealthCare,2023-03-19
MRI-101,MRI,Riverside General,2016-03-12,2023-02-10,10.25,7.05,GE HealthCare,2023-03-19
MRI-101,MRI,Riverside General,2016-03-12,2023-02-11,5.86,7.05,GE HealthCare,2023-03-19
MRI-101,MRI,Riverside General,2016-03-12,2023-02-12,1.82,7.05,GE HealthCare,2023-03-19
MRI-101,MRI,Riverside General,2016-03-12,2023-02-13,8.73,7.05,GE HealthCare,2023-03-19
MRI-101,MRI,Riverside General,2016-03-12,2023-02-14,7.85,7.05,GE HealthCare,2023-03-19
MRI-101,MRI,Riverside General,2016-03-12,2023-02-15,8.37,7.05,GE HealthCare,2023-03-19
MRI-101,MRI,Riverside General,2016-03-12,2023-02-16,10.0,7.05,GE HealthCare,2023-03-19
MRI-101,MRI,Riverside General,2016-03-12,2023-02-17,9.3,7.05,GE HealthCare,2023-03-19
MRI-101,MRI,Riverside General,2016-03-12,2023-02-18,4.71,7.05,GE HealthCare,2023-03-19
MRI-101,MRI,Riverside General,2016-03-12,2023-02-19,2.27,7.05,GE HealthCare,2023-03-19
MRI-101,MRI,Riverside General,2016-03-12,2023-02-20,8.81,7.05,GE HealthCare,2023-03-19
MRI-101,MRI,Riverside General,2016-03-12,2023-02-21,7.82,7.05,GE HealthCare,2023-03-19
MRI-101,MRI,Riverside General,2016-03-12,2023-02-22,8.25,7.05,GE HealthCare,2023-03-19
MRI-101,MRI,Riverside General,2016-03-12,2023-02-23,9.04,7.05,GE HealthCare,2023-03-19
MRI-101,MRI,Riverside General,2016-03-12,2023-02-24,9.71,7.05,GE HealthCare,2023-03-19
MRI-101,MRI,Riverside General,2016-03-12,2023-02-25,5.76,7.05,GE HealthCare,2023-03-19
MRI-101,MRI,Riverside General,2016-03-12,2023-02-26,1.24,7.05,GE HealthCare,2023-03-19
MRI-101,MRI,Riverside General,2016-03-12,2023-02-27,9.03,7.05,GE HealthCare,2023-03-19
MRI-101,MRI,Riverside General,2016-03-12,2023-02-28,8.85,7.05,GE HealthCare,2023-03-19
MRI-101,MRI,Riverside General,2016-03-12,2023-03-01,9.12,7.05,GE HealthCare,2023-03-19
MRI-101,MRI,Riverside General,2016-03-12,2023-03-02,10.08,7.05,GE HealthCare,2023-03-19
MRI-101,MRI,Riverside General,2016-03-12,2023-03-03,7.14,7.05,GE HealthCare,2023-03-19
MRI-101,MRI,Riverside General,2016-03-12,2023-03-04,4.8,7.05,GE HealthCare,2023-03-19
MRI-101,MRI,Riverside General,2016-03-12,2023-03-05,3.55,7.05,GE HealthCare,2023-03-19
MRI-101,MRI,Riverside General,2016-03-12,2023-03-06,7.52,7.05,GE HealthCare,2023-03-19
MRI-101,MRI,Riverside General,2016-03-12,2023-03-07,9.97,7.05,GE HealthCare,2023-03-19
MRI-101,MRI,Riverside General,2016-03-12,2023-03-08,9.08,7.05,GE HealthCare,2023-03-19
MRI-101,MRI,Riverside General,2016-03-12,2023-03-09,9.47,7.05,GE HealthCare,2023-03-19
MRI-101,MRI,Riverside General,2016-03-12,2023-03-10,8.33,7.05,GE HealthCare,2023-03-19
MRI-101,MRI,Riverside General,2016-03-12,2023-03-11,5.92,7.05,GE HealthCare,2023-03-19
MRI-101,MRI,Riverside General,2016-03-12,2023-03-12,3.93,7.05,GE HealthCare,2023-03-19
MRI-101,MRI,Riverside General,2016-03-12,2023-03-13,8.97,7.05,GE HealthCare,2023-03-19
MRI-101,MRI,Riverside General,2016-03-12,2023-03-14,8.98,7.05,GE HealthCare,2023-03-19
MRI-101,MRI,Riverside General,2016-03-12,2023-03-15,9.0,7.05,GE HealthCare,2023-03-19
MRI-101,MRI,Riverside General,2016-03-12,2023-03-16,8.1,7.05,GE HealthCare,2023-03-19
MRI-101,MRI,Riverside General,2016-03-12,2023-03-17,8.67,7.05,GE HealthCare,2023-03-19
MRI-101,MRI,Riverside General,2016-03-12,2023-03-18,5.15,7.05,GE HealthCare,2023-03-19
MRI-101,MRI,Riverside General,2016-03-12,2023-03-19,3.38,7.05,GE HealthCare,2023-03-19
MRI-101,MRI,Riverside General,2016-03-12,2023-03-20,9.59,7.05,GE HealthCare,2023-03-19
MRI-101,MRI,Riverside General,2016-03-12,2023-03-21,7.94,7.05,GE HealthCare,2023-03-19
MRI-101,MRI,Riverside General,2016-03-12,2023-03-22,8.69,7.05,GE HealthCare,2023-03-19
MRI-101,MRI,Riverside General,2016-03-12,2023-03-23,9.97,7.05,GE HealthCare,2023-03-19
MRI-101,MRI,Riverside General,2016-03-12,2023-03-24,8.19,7.05,GE HealthCare,2023-03-19
MRI-101,MRI,Riverside General,2016-03-12,2023-03-25,4.62,7.05,GE HealthCare,2023-03-19
MRI-101,MRI,Riverside General,2016-03-12,2023-03-26,3.24,7.05,GE HealthCare,2023-03-19
MRI-101,MRI,Riverside General,2016-03-12,2023-03-27,9.46,7.05,GE HealthCare,2023-03-19
MRI-101,MRI,Riverside General,2016-03-12,2023-03-28,8.8,7.05,GE HealthCare,2023-03-19
MRI-101,MRI,Riverside General,2016-03-12,2023-03-29,9.85,7.05,GE HealthCare,2023-03-19
MRI-101,MRI,Riverside General,2016-03-12,2023-03-30,9.47,7.05,GE HealthCare,2023-03-19
MRI-101,MRI,Riverside General,2016-03-12,2023-03-31,9.46,7.05,GE HealthCare,2023-03-19
MRI-102,MRI,Lakeview Medical Center,2019-07-01,2022-04-01,9.33,3.75,Siemens Healthineers,2023-01-02
MRI-102,MRI,Lakeview Medical Center,2019-07-01,2022-04-02,7.19,3.75,Siemens Healthineers,2023-01-02
MRI-102,MRI,Lakeview Medical Center,2019-07-01,2022-04-03,2.95,3.75,Siemens Healthineers,2023-01-02
MRI-102,MRI,Lakeview Medical Center,2019-07-01,2022-04-04,7.28,3.75,Siemens Healthineers,2023-01-02
MRI-102,MRI,Lakeview Medical Center,2019-07-01,2022-04-05,10.17,3.75,Siemens Healthineers,2023-01-02
MRI-102,MRI,Lakeview Medical Center,2019-07-01,2022-04-06,8.52,3.75,Siemens Healthineers,2023-01-02
MRI-102,MRI,Lakeview Medical Center,2019-07-01,2022-04-07,8.97,3.75,Siemens Healthineers,2023-01-02
MRI-102,MRI,Lakeview Medical Center,2019-07-01,2022-04-08,9.94,3.75,Siemens Healthineers,2023-01-02
MRI-102,MRI,Lakeview Medical Center,2019-07-01,2022-04-09,4.05,3.75,Siemens Healthineers,2023-01-02
MRI-102,MRI,Lakeview Medical Center,2019-07-01,2022-04-10,2.11,3.75,Siemens Healthineers,2023-01-02
MRI-102,MRI,Lakeview Medical Center,2019-07-01,2022-04-11,7.61,3.75,Siemens Healthineers,2023-01-02
MRI-102,MRI,Lakeview Medical Center,2019-07-01,2022-04-12,8.25,3.75,Siemens Healthineers,2023-01-02
MRI-102,MRI,Lakeview Medical Center,2019-07-01,2022-04-13,9.24,3.75,Siemens Healthineers,2023-01-02
MRI-102,MRI,Lakeview Medical Center,2019-07-01,2022-04-14,9.31,3.75,Siemens Healthineers,2023-01-02
MRI-102,MRI,Lakeview Medical Center,2019-07-01,2022-04-15,9.11,3.75,Siemens Healthineers,2023-01-02
MRI-102,MRI,Lakeview Medical Center,2019-07-01,2022-04-16,4.2,3.75,Siemens Healthineers,2023-01-02
MRI-102,MRI,Lakeview Medical Center,2019-07-01,2022-04-17,1.26,3.75,Siemens Healthineers,2023-01-02
MRI-102,MRI,Lakeview Medical Center,2019-07-01,2022-04-18,8.93,3.75,Siemens Healthineers,2023-01-02
MRI-102,MRI,Lakeview Medical Center,2019-07-01,2022-04-19,8.51,3.75,Siemens Healthineers,2023-01-02
MRI-102,MRI,Lakeview Medical Center,2019-07-01,2022-04-20,9.26,3.75,Siemens Healthineers,2023-01-02
MRI-102,MRI,Lakeview Medical Center,2019-07-01,2022-04-21,9.45,3.75,Siemens Healthineers,2023-01-02
MRI-102,MRI,Lakeview Medical Center,2019-07-01,2022-04-22,9.0,3.75,Siemens Healthineers,2023-01-02
MRI-102,MRI,Lakeview Medical Center,2019-07-01,2022-04-23,5.94,3.75,Siemens Healthineers,2023-01-02
MRI-102,MRI,Lakeview Medical Center,2019-07-01,2022-04-24,3.29,3.75,Siemens Healthineers,2023-01-02
MRI-102,MRI,Lakeview Medical Center,2019-07-01,2022-04-25,9.31,3.75,Siemens Healthineers,2023-01-02
MRI-102,MRI,Lakeview Medical Center,2019-07-01,2022-04-26,8.32,3.75,Siemens Healthineers,2023-01-02
MRI-102,MRI,Lakeview Medical Center,2019-07-01,2022-04-27,8.74,3.75,Siemens Healthineers,2023-01-02
MRI-102,MRI,Lakeview Medical Center,2019-07-01,2022-04-28,9.04,3.75,Siemens Healthineers,2023-01-02
MRI-102,MRI,Lakeview Medical Center,2019-07-01,2022-04-29,9.54,3.75,Siemens Healthineers,2023-01-02
MRI-102,MRI,Lakeview Medical Center,2019-07-01,2022-04-30,5.02,3.75,Siemens Healthineers,2023-01-02
MRI-102,MRI,Lakeview Medical Center,2019-07-01,2022-05-01,3.53,3.75,Siemens Healthineers,2023-01-02
MRI-102,MRI,Lakeview Medical Center,2019-07-01,2022-05-02,8.67,3.75,Siemens Healthineers,2023-01-02
MRI-102,MRI,Lakeview Medical Center,2019-07-01,2022-05-03,8.79,3.75,Siemens Healthineers,2023-01-02
MRI-102,MRI,Lakeview Medical Center,2019-07-01,2022-05-04,9.55,3.75,Siemens Healthineers,2023-01-02
MRI-102,MRI,Lakeview Medical Center,2019-07-01,2022-05-05,7.29,3.75,Siemens Healthineers,2023-01-02
MRI-102,MRI,Lakeview Medical Center,2019-07-01,2022-05-06,7.85,3.75,Siemens Healthineers,2023-01-02
MRI-102,MRI,Lakeview Medical Center,2019-07-01,2022-05-07,4.15,3.75,Siemens Healthineers,2023-01-02
MRI-102,MRI,Lakeview Medical Center,2019-07-01,2022-05-08,1.24,3.75,Siemens Healthineers,2023-01-02
MRI-102,MRI,Lakeview Medical Center,2019-07-01,2022-05-09,8.34,3.75,Siemens Healthineers,2023-01-02
MRI-102,MRI,Lakeview Medical Center,2019-07-01,2022-05-10,9.49,3.75,Siemens Healthineers,2023-01-02
MRI-102,MRI,Lakeview Medical Center,2019-07-01,2022-05-11,8.66,3.75,Siemens Healthineers,2023-01-02
MRI-102,MRI,Lakeview Medical Center,2019-07-01,2022-05-12,9.05,3.75,Siemens Healthineers,2023-01-02
MRI-102,MRI,Lakeview Medical Center,2019-07-01,2022-05-13,9.76,3.75,Siemens Healthineers,2023-01-02
MRI-102,MRI,Lakeview Medical Center,2019-07-01,2022-05-14,6.39,3.75,Siemens Healthineers,2023-01-02
MRI-102,MRI,Lakeview Medical Center,2019-07-01,2022-05-15,3.06,3.75,Siemens Healthineers,2023-01-02
MRI-102,MRI,Lakeview Medical Center,2019-07-01,2022-05-16,9.97,3.75,Siemens Healthineers,2023-01-02
MRI-102,MRI,Lakeview Medical Center,2019-07-01,2022-05-17,8.96,3.75,Siemens Healthineers,2023-01-02
MRI-102,MRI,Lakeview Medical Center,2019-07-01,2022-05-18,8.22,3.75,Siemens Healthineers,2023-01-02
MRI-102,MRI,Lakeview Medical Center,2019-07-01,2022-05-19,8.41,3.75,Siemens Healthineers,2023-01-02
MRI-102,MRI,Lakeview Medical Center,2019-07-01,2022-05-20,7.7,3.75,Siemens Healthineers,2023-01-02
MRI-102,MRI,Lakeview Medical Center,2019-07-01,2022-05-21,4.62,3.75,Siemens Healthineers,2023-01-02
MRI-102,MRI,Lakeview Medical Center,2019-07-01,2022-05-22,2.82,3.75,Siemens Healthineers,2023-01-02
MRI-102,MRI,Lakeview Medical Center,2019-07-01,2022-05-23,9.53,3.75,Siemens Healthineers,2023-01-02
MRI-102,MRI,Lakeview Medical Center,2019-07-01,2022-05-24,10.26,3.75,Siemens Healthineers,2023-01-02
MRI-102,MRI,Lakeview Medical Center,2019-07-01,2022-05-25,7.78,3.75,Siemens Healthineers,2023-01-02
MRI-102,MRI,Lakeview Medical Center,2019-07-01,2022-05-26,9.2,3.75,Siemens Healthineers,2023-01-02
MRI-102,MRI,Lakeview Medical Center,2019-07-01,2022-05-27,8.06,3.75,Siemens Healthineers,2023-01-02
MRI-102,MRI,Lakeview Medical Center,2019-07-01,2022-05-28,5.71,3.75,Siemens Healthineers,2023-01-02
MRI-102,MRI,Lakeview Medical Center,2019-07-01,2022-05-29,3.01,3.75,Siemens Healthineers,2023-01-02
MRI-102,MRI,Lakeview Medical Center,2019-07-01,2022-05-30,7.42,3.75,Siemens Healthineers,2023-01-02
MRI-102,MRI,Lakeview Medical Center,2019-07-01,2022-05-31,9.63,3.75,Siemens Healthineers,2023-01-02
MRI-102,MRI,Lakeview Medical Center,2019-07-01,2022-06-01,8.4,3.75,Siemens Healthineers,2023-01-02
MRI-102,MRI,Lakeview Medical Center,2019-07-01,2022-06-02,8.46,3.75,Siemens Healthineers,2023-01-02
MRI-102,MRI,Lakeview Medical Center,2019-07-01,2022-06-03,8.03,3.75,Siemens Healthineers,2023-01-02
MRI-102,MRI,Lakeview Medical Center,2019-07-01,2022-06-04,4.81,3.75,Siemens Healthineers,2023-01-02
MRI-102,MRI,Lakeview Medical Center,2019-07-01,2022-06-05,3.45,3.75,Siemens Healthineers,2023-01-02
MRI-102,MRI,Lakeview Medical Center,2019-07-01,2022-06-06,8.74,3.75,Siemens Healthineers,2023-01-02
MRI-102,MRI,Lakeview Medical Center,2019-07-01,2022-06-07,9.15,3.75,Siemens Healthineers,2023-01-02
MRI-102,MRI,Lakeview Medical Center,2019-07-01,2022-06-08,9.18,3.75,Siemens Healthineers,2023-01-02
MRI-102,MRI,Lakeview Medical Center,2019-07-01,2022-06-09,9.94,3.75,Siemens Healthineers,2023-01-02
MRI-102,MRI,Lakeview Medical Center,2019-07-01,2022-06-10,8.61,3.75,Siemens Healthineers,2023-01-02
MRI-102,MRI,Lakeview Medical Center,2019-07-01,2022-06-11,4.15,3.75,Siemens Healthineers,2023-01-02
MRI-102,MRI,Lakeview Medical Center,2019-07-01,2022-06-12,3.96,3.75,Siemens Healthineers,2023-01-02
MRI-102,MRI,Lakeview Medical Center,2019-07-01,2022-06-13,8.62,3.75,Siemens Healthineers,2023-01-02
MRI-102,MRI,Lakeview Medical Center,2019-07-01,2022-06-14,9.78,3.75,Siemens Healthineers,2023-01-02
MRI-102,MRI,Lakeview Medical Center,2019-07-01,2022-06-15,9.19,3.75,Siemens Healthineers,2023-01-02
MRI-102,MRI,Lakeview Medical Center,2019-07-01,2022-06-16,8.78,3.75,Siemens Healthineers,2023-01-02
MRI-102,MRI,Lakeview Medical Center,2019-07-01,2022-06-17,9.17,3.75,Siemens Healthineers,2023-01-02
MRI-102,MRI,Lakeview Medical Center,2019-07-01,2022-06-18,6.89,3.75,Siemens Healthineers,2023-01-02
MRI-102,MRI,Lakeview Medical Center,2019-07-01,2022-06-19,4.77,3.75,Siemens Healthineers,2023-01-02
MRI-102,MRI,Lakeview Medical Center,2019-07-01,2022-06-20,8.94,3.75,Siemens Healthineers,2023-01-02
MRI-102,MRI,Lakeview Medical Center,2019-07-01,2022-06-21,9.02,3.75,Siemens Healthineers,2023-01-02
MRI-102,MRI,Lakeview Medical Center,2019-07-01,2022-06-22,9.75,3.75,Siemens Healthineers,2023-01-02
MRI-102,MRI,Lakeview Medical Center,2019-07-01,2022-06-23,8.21,3.75,Siemens Healthineers,2023-01-02
MRI-102,MRI,Lakeview Medical Center,2019-07-01,2022-06-24,9.15,3.75,Siemens Healthineers,2023-01-02
MRI-102,MRI,Lakeview Medical Center,2019-07-01,2022-06-25,5.31,3.75,Siemens Healthineers,2023-01-02
MRI-102,MRI,Lakeview Medical Center,2019-07-01,2022-06-26,3.36,3.75,Siemens Healthineers,2023-01-02
MRI-102,MRI,Lakeview Medical Center,2019-07-01,2022-06-27,8.22,3.75,Siemens Healthineers,2023-01-02
MRI-102,MRI,Lakeview Medical Center,2019-07-01,2022-06-28,7.62,3.75,Siemens Healthineers,2023-01-02
MRI-102,MRI,Lakeview Medical Center,2019-07-01,2022-06-29,7.23,3.75,Siemens Healthineers,2023-01-02
MRI-102,MRI,Lakeview Medical Center,2019-07-01,2022-06-30,7.99,3.75,Siemens Healthineers,2023-01-02
MRI-102,MRI,Lakeview Medical Center,2019-07-01,2022-07-01,8.52,3.75,Siemens Healthineers,2023-01-02
MRI-102,MRI,Lakeview Medical Center,2019-07-01,2022-07-02,5.1,3.75,Siemens Healthineers,2023-01-02
MRI-102,MRI,Lakeview Medical Center,2019-07-01,2022-07-03,4.66,3.75,Siemens Healthineers,2023-01-02
MRI-102,MRI,Lakeview Medical Center,2019-07-01,2022-07-04,9.77,3.75,Siemens Healthineers,2023-01-02
MRI-102,MRI,Lakeview Medical Center,2019-07-01,2022-07-05,8.12,3.75,Siemens Healthineers,2023-01-02
MRI-102,MRI,Lakeview Medical Center,2019-07-01,2022-07-06,9.17,3.75,Siemens Healthineers,2023-01-02
MRI-102,MRI,Lakeview Medical Center,2019-07-01,2022-07-07,8.56,3.75,Siemens Healthineers,2023-01-02
MRI-102,MRI,Lakeview Medical Center,2019-07-01,2022-07-08,8.66,3.75,Siemens Healthineers,2023-01-02
MRI-102,MRI,Lakeview Medical Center,2019-07-01,2022-07-09,5.48,3.75,Siemens Healthineers,2023-01-02
MRI-102,MRI,Lakeview Medical Center,2019-07-01,2022-07-10,3.61,3.75,Siemens Healthineers,2023-01-02
MRI-102,MRI,Lakeview Medical Center,2019-07-01,2022-07-11,8.375,3.75,Siemens Healthineers,2023-01-02
MRI-102,MRI,Lakeview Medical Center,2019-07-01,2022-07-12,9.74,3.75,Siemens Healthineers,2023-01-02
MRI-102,MRI,Lakeview Medical Center,2019-07-01,2022-07-13,7.97,3.75,Siemens Healthineers,2023-01-02
MRI-102,MRI,Lakeview Medical Center,2019-07-01,2022-07-14,8.89,3.75,Siemens Healthineers,2023-01-02
MRI-102,MRI,Lakeview Medical Center,2019-07-01,2022-07-15,10.97,3.75,Siemens Healthineers,2023-01-02
MRI-102,MRI,Lakeview Medical Center,2019-07-01,2022-07-16,5.51,3.75,Siemens Healthineers,2023-01-02
MRI-102,MRI,Lakeview Medical Center,2019-07-01,2022-07-17,4.26,3.75,Siemens Healthineers,2023-01-02
MRI-102,MRI,Lakeview Medical Center,2019-07-01,2022-07-18,8.96,3.75,Siemens Healthineers,2023-01-02
MRI-102,MRI,Lakeview Medical Center,2019-07-01,2022-07-19,9.35,3.75,Siemens Healthineers,2023-01-02
MRI-102,MRI,Lakeview Medical Center,2019-07-01,2022-07-20,8.84,3.75,Siemens Healthineers,2023-01-02
MRI-102,MRI,Lakeview Medical Center,2019-07-01,2022-07-21,8.75,3.75,Siemens Healthineers,2023-01-02
MRI-102,MRI,Lakeview Medical Center,2019-07-01,2022-07-22,8.26,3.75,Siemens Healthineers,2023-01-02
MRI-102,MRI,Lakeview Medical Center,2019-07-01,2022-07-23,5.68,3.75,Siemens Healthineers,2023-01-02
MRI-102,MRI,Lakeview Medical Center,2019-07-01,2022-07-24,2.43,3.75,Siemens Healthineers,2023-01-02
MRI-102,MRI,Lakeview Medical Center,2019-07-01,2022-07-25,9.42,3.75,Siemens Healthineers,2023-01-02
MRI-102,MRI,Lakeview Medical Center,2019-07-01,2022-07-26,9.76,3.75,Siemens Healthineers,2023-01-02
MRI-102,MRI,Lakeview Medical Center,2019-07-01,2022-07-27,9.18,3.75,Siemens Healthineers,2023-01-02
MRI-102,MRI,Lakeview Medical Center,2019-07-01,2022-07-28,8.66,3.75,Siemens Healthineers,2023-01-02
MRI-102,MRI,Lakeview Medical Center,2019-07-01,2022-07-29,9.25,3.75,Siemens Healthineers,2023-01-02
MRI-102,MRI,Lakeview Medical Center,2019-07-01,2022-07-30,5.09,3.75,Siemens Healthineers,2023-01-02
MRI-102,MRI,Lakeview Medical Center,2019-07-01,2022-07-31,3.86,3.75,Siemens Healthineers,2023-01-02
MRI-102,MRI,Lakeview Medical Center,2019-07-01,2022-08-01,7.42,3.75,Siemens Healthineers,2023-01-02
MRI-102,MRI,Lakeview Medical Center,2019-07-01,2022-08-02,8.62,3.75,Siemens Healthineers,2023-01-02
MRI-102,MRI,Lakeview Medical Center,2019-07-01,2022-08-03,7.29,3.75,Siemens Healthineers,2023-01-02
MRI-102,MRI,Lakeview Medical Center,2019-07-01,2022-08-04,7.69,3.75,Siemens Healthineers,2023-01-02
MRI-102,MRI,Lakeview Medical Center,2019-07-01,2022-08-05,9.98,3.75,Siemens Healthineers,2023-01-02
MRI-102,MRI,Lakeview Medical Center,2019-07-01,2022-08-06,6.05,3.75,Siemens Healthineers,2023-01-02
MRI-102,MRI,Lakeview Medical Center,2019-07-01,2022-08-07,2.54,3.75,Siemens Healthineers,2023-01-02
MRI-102,MRI,Lakeview Medical Center,2019-07-01,2022-08-08,7.69,3.75,Siemens Healthineers,2023-01-02
MRI-102,MRI,Lakeview Medical Center,2019-07-01,2022-08-09,6.52,3.75,Siemens Healthineers,2023-01-02
MRI-102,MRI,Lakeview Medical Center,2019-07-01,2022-08-10,8.45,3.75,Siemens Healthineers,2023-01-02
MRI-102,MRI,Lakeview Medical Center,2019-07-01,2022-08-11,10.82,3.75,Siemens Healthineers,2023-01-02
MRI-102,MRI,Lakeview Medical Center,2019-07-01,2022-08-12,9.24,3.75,Siemens Healthineers,2023-01-02
MRI-102,MRI,Lakeview Medical Center,2019-07-01,2022-08-13,4.88,3.75,Siemens Healthineers,2023-01-02
MRI-102,MRI,Lakeview Medical Center,2019-07-01,2022-08-14,3.48,3.75,Siemens Healthineers,2023-01-02
MRI-102,MRI,Lakeview Medical Center,2019-07-01,2022-08-15,7.64,3.75,Siemens Healthineers,2023-01-02
MRI-102,MRI,Lakeview Medical Center,2019-07-01,2022-08-16,8.65,3.75,Siemens Healthineers,2023-01-02
MRI-102,MRI,Lakeview Medical Center,2019-07-01,2022-08-17,8.97,3.75,Siemens Healthineers,2023-01-02
MRI-102,MRI,Lakeview Medical Center,2019-07-01,2022-08-18,8.82,3.75,Siemens Healthineers,2023-01-02
MRI-102,MRI,Lakeview Medical Center,2019-07-01,2022-08-19,9.52,3.75,Siemens Healthineers,2023-01-02
MRI-102,MRI,Lakeview Medical Center,2019-07-01,2022-08-20,5.61,3.75,Siemens Healthineers,2023-01-02
MRI-102,MRI,Lakeview Medical Center,2019-07-01,2022-08-21,3.65,3.75,Siemens Healthineers,2023-01-02
MRI-102,MRI,Lakeview Medical Center,2019-07-01,2022-08-22,8.34,3.75,Siemens Healthineers,2023-01-02
MRI-102,MRI,Lakeview Medical Center,2019-07-01,2022-08-23,9.61,3.75,Siemens Healthineers,2023-01-02
MRI-102,MRI,Lakeview Medical Center,2019-07-01,2022-08-24,10.19,3.75,Siemens Healthineers,2023-01-02
MRI-102,MRI,Lakeview Medical Center,2019-07-01,2022-08-25,8.11,3.75,Siemens Healthineers,2023-01-02
MRI-102,MRI,Lakeview Medical Center,2019-07-01,2022-08-26,8.18,3.75,Siemens Healthineers,2023-01-02
MRI-102,MRI,Lakeview Medical Center,2019-07-01,2022-08-27,6.4,3.75,Siemens Healthineers,2023-01-02
MRI-102,MRI,Lakeview Medical Center,2019-07-01,2022-08-28,2.96,3.75,Siemens Healthineers,2023-01-02
MRI-102,MRI,Lakeview Medical Center,2019-07-01,2022-08-29,10.01,3.75,Siemens Healthineers,2023-01-02
MRI-102,MRI,Lakeview Medical Center,2019-07-01,2022-08-30,8.53,3.75,Siemens Healthineers,2023-01-02
MRI-102,MRI,Lakeview Medical Center,2019-07-01,2022-08-31,10.05,3.75,Siemens Healthineers,2023-01-02
MRI-102,MRI,Lakeview Medical Center,2019-07-01,2022-09-01,8.99,3.75,Siemens Healthineers,2023-01-02
MRI-102,MRI,Lakeview Medical Center,2019-07-01,2022-09-02,9.09,3.75,Siemens Healthineers,2023-01-02
MRI-102,MRI,Lakeview Medical Center,2019-07-01,2022-09-03,6.58,3.75,Siemens Healthineers,2023-01-02
MRI-102,MRI,Lakeview Medical Center,2019-07-01,2022-09-04,2.82,3.75,Siemens Healthineers,2023-01-02
MRI-102,MRI,Lakeview Medical Center,2019-07-01,2022-09-05,8.13,3.75,Siemens Healthineers,2023-01-02
MRI-102,MRI,Lakeview Medical Center,2019-07-01,2022-09-06,8.53,3.75,Siemens Healthineers,2023-01-02
MRI-102,MRI,Lakeview Medical Center,2019-07-01,2022-09-07,9.25,3.75,Siemens Healthineers,2023-01-02
MRI-102,MRI,Lakeview Medical Center,2019-07-01,2022-09-08,7.63,3.75,Siemens Healthineers,2023-01-02
MRI-102,MRI,Lakeview Medical Center,2019-07-01,2022-09-09,9.4,3.75,Siemens Healthineers,2023-01-02
MRI-102,MRI,Lakeview Medical Center,2019-07-01,2022-09-10,4.9,3.75,Siemens Healthineers,2023-01-02
MRI-102,MRI,Lakeview Medical Center,2019-07-01,2022-09-11,4.03,3.75,Siemens Healthineers,2023-01-02
MRI-102,MRI,Lakeview Medical Center,2019-07-01,2022-09-12,6.97,3.75,Siemens Healthineers,2023-01-02
MRI-102,MRI,Lakeview Medical Center,2019-07-01,2022-09-13,8.26,3.75,Siemens Healthineers,2023-01-02
MRI-102,MRI,Lakeview Medical Center,2019-07-01,2022-09-14,7.54,3.75,Siemens Healthineers,2023-01-02
MRI-102,MRI,Lakeview Medical Center,2019-07-01,2022-09-15,8.23,3.75,Siemens Healthineers,2023-01-02
MRI-102,MRI,Lakeview Medical Center,2019-07-01,2022-09-16,9.09,3.75,Siemens Healthineers,2023-01-02
MRI-102,MRI,Lakeview Medical Center,2019-07-01,2022-09-17,5.19,3.75,Siemens Healthineers,2023-01-02
MRI-102,MRI,Lakeview Medical Center,2019-07-01,2022-09-18,2.91,3.75,Siemens Healthineers,2023-01-02
MRI-102,MRI,Lakeview Medical Center,2019-07-01,2022-09-19,8.76,3.75,Siemens Healthineers,2023-01-02
MRI-102,MRI,Lakeview Medical Center,2019-07-01,2022-09-20,9.05,3.75,Siemens Healthineers,2023-01-02
MRI-102,MRI,Lakeview Medical Center,2019-07-01,2022-09-21,8.08,3.75,Siemens Healthineers,2023-01-02
MRI-102,MRI,Lakeview Medical Center,2019-07-01,2022-09-22,9.45,3.75,Siemens Healthineers,2023-01-02
MRI-102,MRI,Lakeview Medical Center,2019-07-01,2022-09-23,9.42,3.75,Siemens Healthineers,2023-01-02
MRI-102,MRI,Lakeview Medical Center,2019-07-01,2022-09-24,5.64,3.75,Siemens Healthineers,2023-01-02
MRI-102,MRI,Lakeview Medical Center,2019-07-01,2022-09-25,3.56,3.75,Siemens Healthineers,2023-01-02
MRI-102,MRI,Lakeview Medical Center,2019-07-01,2022-09-26,9.12,3.75,Siemens Healthineers,2023-01-02
MRI-102,MRI,Lakeview Medical Center,2019-07-01,2022-09-27,10.52,3.75,Siemens Healthineers,2023-01-02
MRI-102,MRI,Lakeview Medical Center,2019-07-01,2022-09-28,8.82,3.75,Siemens Healthineers,2023-01-02
MRI-102,MRI,Lakeview Medical Center,2019-07-01,2022-09-29,8.64,3.75,Siemens Healthineers,2023-01-02
MRI-102,MRI,Lakeview Medical Center,2019-07-01,2022-09-30,8.28,3.75,Siemens Healthineers,2023-01-02
MRI-102,MRI,Lakeview Medical Center,2019-07-01,2022-10-01,4.51,3.75,Siemens Healthineers,2023-01-02
MRI-102,MRI,Lakeview Medical Center,2019-07-01,2022-10-02,2.12,3.75,Siemens Healthineers,2023-01-02
MRI-102,MRI,Lakeview Medical Center,2019-07-01,2022-10-03,8.18,3.75,Siemens Healthineers,2023-01-02
MRI-102,MRI,Lakeview Medical Center,2019-07-01,2022-10-04,8.83,3.75,Siemens Healthineers,2023-01-02
MRI-102,MRI,Lakeview Medical Center,2019-07-01,2022-10-05,9.15,3.75,Siemens Healthineers,2023-01-02
MRI-102,MRI,Lakeview Medical Center,2019-07-01,2022-10-06,8.93,3.75,Siemens Healthineers,2023-01-02
MRI-102,MRI,Lakeview Medical Center,2019-07-01,2022-10-07,8.28,3.75,Siemens Healthineers,2023-01-02
MRI-102,MRI,Lakeview Medical Center,2019-07-01,2022-10-08,6.05,3.75,Siemens Healthineers,2023-01-02
MRI-102,MRI,Lakeview Medical Center,2019-07-01,2022-10-09,3.7,3.75,Siemens Healthineers,2023-01-02
MRI-102,MRI,Lakeview Medical Center,2019-07-01,2022-10-10,8.76,3.75,Siemens Healthineers,2023-01-02
MRI-102,MRI,Lakeview Medical Center,2019-07-01,2022-10-11,8.37,3.75,Siemens Healthineers,2023-01-02
MRI-102,MRI,Lakeview Medical Center,2019-07-01,2022-10-12,9.33,3.75,Siemens Healthineers,2023-01-02
MRI-102,MRI,Lakeview Medical Center,2019-07-01,2022-10-13,9.04,3.75,Siemens Healthineers,2023-01-02
MRI-102,MRI,Lakeview Medical Center,2019-07-01,2022-10-14,7.73,3.75,Siemens Healthineers,2023-01-02
MRI-102,MRI,Lakeview Medical Center,2019-07-01,2022-10-15,5.28,3.75,Siemens Healthineers,2023-01-02
MRI-102,MRI,Lakeview Medical Center,2019-07-01,2022-10-16,3.32,3.75,Siemens Healthineers,2023-01-02
MRI-102,MRI,Lakeview Medical Center,2019-07-01,2022-10-17,8.17,3.75,Siemens Healthineers,2023-01-02
MRI-102,MRI,Lakeview Medical Center,2019-07-01,2022-10-18,9.04,3.75,Siemens Healthineers,2023-01-02
MRI-102,MRI,Lakeview Medical Center,2019-07-01,2022-10-19,7.72,3.75,Siemens Healthineers,2023-01-02
MRI-102,MRI,Lakeview Medical Center,2019-07-01,2022-10-20,9.96,3.75,Siemens Healthineers,2023-01-02
MRI-102,MRI,Lakeview Medical Center,2019-07-01,2022-10-21,9.89,3.75,Siemens Healthineers,2023-01-02
MRI-102,MRI,Lakeview Medical Center,2019-07-01,2022-10-22,5.13,3.75,Siemens Healthineers,2023-01-02
MRI-102,MRI,Lakeview Medical Center,2019-07-01,2022-10-23,3.4,3.75,Siemens Healthineers,2023-01-02
MRI-102,MRI,Lakeview Medical Center,2019-07-01,2022-10-24,6.96,3.75,Siemens Healthineers,2023-01-02
MRI-102,MRI,Lakeview Medical Center,2019-07-01,2022-10-25,7.96,3.75,Siemens Healthineers,2023-01-02
MRI-102,MRI,Lakeview Medical Center,2019-07-01,2022-10-26,8.65,3.75,Siemens Healthineers,2023-01-02
MRI-102,MRI,Lakeview Medical Center,2019-07-01,2022-10-27,8.03,3.75,Siemens Healthineers,2023-01-02
MRI-102,MRI,Lakeview Medical Center,2019-07-01,2022-10-28,9.46,3.75,Siemens Healthineers,2023-01-02
MRI-102,MRI,Lakeview Medical Center,2019-07-01,2022-10-29,6.93,3.75,Siemens Healthineers,2023-01-02
MRI-102,MRI,Lakeview Medical Center,2019-07-01,2022-10-30,2.17,3.75,Siemens Healthineers,2023-01-02
MRI-102,MRI,Lakeview Medical Center,2019-07-01,2022-10-31,8.22,3.75,Siemens Healthineers,2023-01-02
MRI-102,MRI,Lakeview Medical Center,2019-07-01,2022-11-01,9.08,3.75,Siemens Healthineers,2023-01-02
MRI-102,MRI,Lakeview Medical Center,2019-07-01,2022-11-02,10.18,3.75,Siemens Healthineers,2023-01-02
MRI-102,MRI,Lakeview Medical Center,2019-07-01,2022-11-03,7.91,3.75,Siemens Healthineers,2023-01-02
MRI-102,MRI,Lakeview Medical Center,2019-07-01,2022-11-04,9.09,3.75,Siemens Healthineers,2023-01-02
MRI-102,MRI,Lakeview Medical Center,2019-07-01,2022-11-05,6.79,3.75,Siemens Healthineers,2023-01-02
MRI-102,MRI,Lakeview Medical Center,2019-07-01,2022-11-06,1.79,3.75,Siemens Healthineers,2023-01-02
MRI-102,MRI,Lakeview Medical Center,2019-07-01,2022-11-07,7.86,3.75,Siemens Healthineers,2023-01-02
MRI-102,MRI,Lakeview Medical Center,2019-07-01,2022-11-08,8.55,3.75,Siemens Healthineers,2023-01-02
MRI-102,MRI,Lakeview Medical Center,2019-07-01,2022-11-09,8.47,3.75,Siemens Healthineers,2023-01-02
MRI-102,MRI,Lakeview Medical Center,2019-07-01,2022-11-10,9.54,3.75,Siemens Healthineers,2023-01-02
MRI-102,MRI,Lakeview Medical Center,2019-07-01,2022-11-11,9.08,3.75,Siemens Healthineers,2023-01-02
MRI-102,MRI,Lakeview Medical Center,2019-07-01,2022-11-12,3.91,3.75,Siemens Healthineers,2023-01-02
MRI-102,MRI,Lakeview Medical Center,2019-07-01,2022-11-13,3.52,3.75,Siemens Healthineers,2023-01-02
MRI-102,MRI,Lakeview Medical Center,2019-07-01,2022-11-14,8.43,3.75,Siemens Healthineers,2023-01-02
MRI-102,MRI,Lakeview Medical Center,2019-07-01,2022-11-15,9.91,3.75,Siemens Healthineers,2023-01-02
MRI-102,MRI,Lakeview Medical Center,2019-07-01,2022-11-16,8.39,3.75,Siemens Healthineers,2023-01-02
MRI-102,MRI,Lakeview Medical Center,2019-07-01,2022-11-17,8.38,3.75,Siemens Healthineers,2023-01-02
MRI-102,MRI,Lakeview Medical Center,2019-07-01,2022-11-18,9.32,3.75,Siemens Healthineers,2023-01-02
MRI-102,MRI,Lakeview Medical Center,2019-07-01,2022-11-19,5.94,3.75,Siemens Healthineers,2023-01-02
MRI-102,MRI,Lakeview Medical Center,2019-07-01,2022-11-20,3.47,3.75,Siemens Healthineers,2023-01-02
MRI-102,MRI,Lakeview Medical Center,2019-07-01,2022-11-21,7.54,3.75,Siemens Healthineers,2023-01-02
MRI-102,MRI,Lakeview Medical Center,2019-07-01,2022-11-22,9.32,3.75,Siemens Healthineers,2023-01-02
MRI-102,MRI,Lakeview Medical Center,2019-07-01,2022-11-23,8.375,3.75,Siemens Healthineers,2023-01-02
MRI-102,MRI,Lakeview Medical Center,2019-07-01,2022-11-24,9.08,3.75,Siemens Healthineers,2023-01-02
MRI-102,MRI,Lakeview Medical Center,2019-07-01,2022-11-25,7.75,3.75,Siemens Healthineers,2023-01-02
MRI-102,MRI,Lakeview Medical Center,2019-07-01,2022-11-26,5.69,3.75,Siemens Healthineers,2023-01-02
MRI-102,MRI,Lakeview Medical Center,2019-07-01,2022-11-27,2.47,3.75,Siemens Healthineers,2023-01-02
MRI-102,MRI,Lakeview Medical Center,2019-07-01,2022-11-28,7.86,3.75,Siemens Healthineers,2023-01-02
MRI-102,MRI,Lakeview Medical Center,2019-07-01,2022-11-29,9.46,3.75,Siemens Healthineers,2023-01-02
MRI-102,MRI,Lakeview Medical Center,2019-07-01,2022-11-30,9.08,3.75,Siemens Healthineers,2023-01-02
MRI-102,MRI,Lakeview Medical Center,2019-07-01,2022-12-01,8.4,3.75,Siemens Healthineers,2023-01-02
MRI-102,MRI,Lakeview Medical Center,2019-07-01,2022-12-02,10.05,3.75,Siemens Healthineers,2023-01-02
MRI-102,MRI,Lakeview Medical Center,2019-07-01,2022-12-03,4.98,3.75,Siemens Healthineers,2023-01-02
MRI-102,MRI,Lakeview Medical Center,2019-07-01,2022-12-04,3.14,3.75,Siemens Healthineers,2023-01-02
MRI-102,MRI,Lakeview Medical Center,2019-07-01,2022-12-05,9.1,3.75,Siemens Healthineers,2023-01-02
MRI-102,MRI,Lakeview Medical Center,2019-07-01,2022-12-06,8.39,3.75,Siemens Healthineers,2023-01-02
MRI-102,MRI,Lakeview Medical Center,2019-07-01,2022-12-07,9.26,3.75,Siemens Healthineers,2023-01-02
MRI-102,MRI,Lakeview Medical Center,2019-07-01,2022-12-08,8.46,3.75,Siemens Healthineers,2023-01-02
MRI-102,MRI,Lakeview Medical Center,2019-07-01,2022-12-09,8.56,3.75,Siemens Healthineers,2023-01-02
MRI-102,MRI,Lakeview Medical Center,2019-07-01,2022-12-10,6.42,3.75,Siemens Healthineers,2023-01-02
MRI-102,MRI,Lakeview Medical Center,2019-07-01,2022-12-11,2.28,3.75,Siemens Healthineers,2023-01-02
MRI-102,MRI,Lakeview Medical Center,2019-07-01,2022-12-12,6.96,3.75,Siemens Healthineers,2023-01-02
MRI-102,MRI,Lakeview Medical Center,2019-07-01,2022-12-13,10.18,3.75,Siemens Healthineers,2023-01-02
MRI-102,MRI,Lakeview Medical Center,2019-07-01,2022-12-14,10.93,3.75,Siemens Healthineers,2023-01-02
MRI-102,MRI,Lakeview Medical Center,2019-07-01,2022-12-15,8.56,3.75,Siemens Healthineers,2023-01-02
MRI-102,MRI,Lakeview Medical Center,2019-07-01,2022-12-16,7.34,3.75,Siemens Healthineers,2023-01-02
MRI-102,MRI,Lakeview Medical Center,2019-07-01,2022-12-17,5.08,3.75,Siemens Healthineers,2023-01-02
MRI-102,MRI,Lakeview Medical Center,2019-07-01,2022-12-18,2.88,3.75,Siemens Healthineers,2023-01-02
MRI-102,MRI,Lakeview Medical Center,2019-07-01,2022-12-19,8.74,3.75,Siemens Healthineers,2023-01-02
MRI-102,MRI,Lakeview Medical Center,2019-07-01,2022-12-20,8.0,3.75,Siemens Healthineers,2023-01-02
MRI-102,MRI,Lakeview Medical Center,2019-07-01,2022-12-21,9.35,3.75,Siemens Healthineers,2023-01-02
MRI-102,MRI,Lakeview Medical Center,2019-07-01,2022-12-22,9.31,3.75,Siemens Healthineers,2023-01-02
MRI-102,MRI,Lakeview Medical Center,2019-07-01,2022-12-23,7.69,3.75,Siemens Healthineers,2023-01-02
MRI-102,MRI,Lakeview Medical Center,2019-07-01,2022-12-24,5.89,3.75,Siemens Healthineers,2023-01-02
MRI-102,MRI,Lakeview Medical Center,2019-07-01,2022-12-25,4.75,3.75,Siemens Healthineers,2023-01-02
MRI-102,MRI,Lakeview Medical Center,2019-07-01,2022-12-26,9.03,3.75,Siemens Healthineers,2023-01-02
MRI-102,MRI,Lakeview Medical Center,2019-07-01,2022-12-27,8.62,3.75,Siemens Healthineers,2023-01-02
MRI-102,MRI,Lakeview Medical Center,2019-07-01,2022-12-28,8.77,3.75,Siemens Healthineers,2023-01-02
MRI-102,MRI,Lakeview Medical Center,2019-07-01,2022-12-29,9.38,3.75,Siemens Healthineers,2023-01-02
MRI-102,MRI,Lakeview Medical Center,2019-07-01,2022-12-30,7.5,3.75,Siemens Healthineers,2023-01-02
MRI-102,MRI,Lakeview Medical Center,2019-07-01,2022-12-31,5.46,3.75,Siemens Healthineers,2023-01-02
MRI-102,MRI,Lakeview Medical Center,2019-07-01,2023-01-01,2.8,3.75,Siemens Healthineers,2023-01-02
MRI-102,MRI,Lakeview Medical Center,2019-07-01,2023-01-02,10.37,3.75,Siemens Healthineers,2023-01-02
MRI-102,MRI,Lakeview Medical Center,2019-07-01,2023-01-03,8.75,3.75,Siemens Healthineers,2023-01-02
MRI-102,MRI,Lakeview Medical Center,2019-07-01,2023-01-04,10.22,3.75,Siemens Healthineers,2023-01-02
MRI-102,MRI,Lakeview Medical Center,2019-07-01,2023-01-05,8.0,3.75,Siemens Healthineers,2023-01-02
MRI-102,MRI,Lakeview Medical Center,2019-07-01,2023-01-06,9.36,3.75,Siemens Healthineers,2023-01-02
MRI-102,MRI,Lakeview Medical Center,2019-07-01,2023-01-07,5.59,3.75,Siemens Healthineers,2023-01-02
MRI-102,MRI,Lakeview Medical Center,2019-07-01,2023-01-08,2.42,3.75,Siemens Healthineers,2023-01-02
MRI-102,MRI,Lakeview Medical Center,2019-07-01,2023-01-09,9.03,3.75,Siemens Healthineers,2023-01-02
MRI-102,MRI,Lakeview Medical Center,2019-07-01,2023-01-10,9.86,3.75,Siemens Healthineers,2023-01-02
MRI-102,MRI,Lakeview Medical Center,2019-07-01,2023-01-11,8.63,3.75,Siemens Healthineers,2023-01-02
MRI-102,MRI,Lakeview Medical Center,2019-07-01,2023-01-12,7.53,3.75,Siemens Healthineers,2023-01-02
MRI-102,MRI,Lakeview Medical Center,2019-07-01,2023-01-13,8.87,3.75,Siemens Healthineers,2023-01-02
MRI-102,MRI,Lakeview Medical Center,2019-07-01,2023-01-14,4.61,3.75,Siemens Healthineers,2023-01-02
MRI-102,MRI,Lakeview Medical Center,2019-07-01,2023-01-15,2.84,3.75,Siemens Healthineers,2023-01-02
MRI-102,MRI,Lakeview Medical Center,2019-07-01,2023-01-16,8.82,3.75,Siemens Healthineers,2023-01-02
MRI-102,MRI,Lakeview Medical Center,2019-07-01,2023-01-17,7.52,3.75,Siemens Healthineers,2023-01-02
MRI-102,MRI,Lakeview Medical Center,2019-07-01,2023-01-18,7.59,3.75,Siemens Healthineers,2023-01-02
MRI-102,MRI,Lakeview Medical Center,2019-07-01,2023-01-19,9.27,3.75,Siemens Healthineers,2023-01-02
MRI-102,MRI,Lakeview Medical Center,2019-07-01,2023-01-20,8.47,3.75,Siemens Healthineers,2023-01-02
MRI-102,MRI,Lakeview Medical Center,2019-07-01,2023-01-21,3.28,3.75,Siemens Healthineers,2023-01-02
MRI-102,MRI,Lakeview Medical Center,2019-07-01,2023-01-22,3.74,3.75,Siemens Healthineers,2023-01-02
MRI-102,MRI,Lakeview Medical Center,2019-07-01,2023-01-23,9.11,3.75,Siemens Healthineers,2023-01-02
MRI-102,MRI,Lakeview Medical Center,2019-07-01,2023-01-24,8.32,3.75,Siemens Healthineers,2023-01-02
MRI-102,MRI,Lakeview Medical Center,2019-07-01,2023-01-25,7.83,3.75,Siemens Healthineers,2023-01-02
MRI-102,MRI,Lakeview Medical Center,2019-07-01,2023-01-26,9.56,3.75,Siemens Healthineers,2023-01-02
MRI-102,MRI,Lakeview Medical Center,2019-07-01,2023-01-27,9.17,3.75,Siemens Healthineers,2023-01-02
MRI-102,MRI,Lakeview Medical Center,2019-07-01,2023-01-28,8.375,3.75,Siemens Healthineers,2023-01-02
MRI-102,MRI,Lakeview Medical Center,2019-07-01,2023-01-29,3.45,3.75,Siemens Healthineers,2023-01-02
MRI-102,MRI,Lakeview Medical Center,2019-07-01,2023-01-30,9.2,3.75,Siemens Healthineers,2023-01-02
MRI-102,MRI,Lakeview Medical Center,2019-07-01,2023-01-31,8.75,3.75,Siemens Healthineers,2023-01-02
MRI-102,MRI,Lakeview Medical Center,2019-07-01,2023-02-01,9.54,3.75,Siemens Healthineers,2023-01-02
MRI-102,MRI,Lakeview Medical Center,2019-07-01,2023-02-02,9.39,3.75,Siemens Healthineers,2023-01-02
MRI-102,MRI,Lakeview Medical Center,2019-07-01,2023-02-03,9.89,3.75,Siemens Healthineers,2023-01-02
MRI-102,MRI,Lakeview Medical Center,2019-07-01,2023-02-04,4.92,3.75,Siemens Healthineers,2023-01-02
MRI-102,MRI,Lakeview Medical Center,2019-07-01,2023-02-05,2.76,3.75,Siemens Healthineers,2023-01-02
MRI-102,MRI,Lakeview Medical Center,2019-07-01,2023-02-06,8.5,3.75,Siemens Healthineers,2023-01-02
MRI-102,MRI,Lakeview Medical Center,2019-07-01,2023-02-07,9.52,3.75,Siemens Healthineers,2023-01-02
MRI-102,MRI,Lakeview Medical Center,2019-07-01,2023-02-08,10.09,3.75,Siemens Healthineers,2023-01-02
MRI-102,MRI,Lakeview Medical Center,2019-07-01,2023-02-09,8.52,3.75,Siemens Healthineers,2023-01-02
MRI-102,MRI,Lakeview Medical Center,2019-07-01,2023-02-10,8.55,3.75,Siemens Healthineers,2023-01-02
MRI-102,MRI,Lakeview Medical Center,2019-07-01,2023-02-11,5.58,3.75,Siemens Healthineers,2023-01-02
MRI-102,MRI,Lakeview Medical Center,2019-07-01,2023-02-12,2.91,3.75,Siemens Healthineers,2023-01-02
MRI-102,MRI,Lakeview Medical Center,2019-07-01,2023-02-13,9.65,3.75,Siemens Healthineers,2023-01-02
MRI-102,MRI,Lakeview Medical Center,2019-07-01,2023-02-14,7.09,3.75,Siemens Healthineers,2023-01-02
MRI-102,MRI,Lakeview Medical Center,2019-07-01,2023-02-15,8.23,3.75,Siemens Healthineers,2023-01-02
MRI-102,MRI,Lakeview Medical Center,2019-07-01,2023-02-16,8.26,3.75,Siemens Healthineers,2023-01-02
MRI-102,MRI,Lakeview Medical Center,2019-07-01,2023-02-17,7.03,3.75,Siemens Healthineers,2023-01-02
MRI-102,MRI,Lakeview Medical Center,2019-07-01,2023-02-18,4.56,3.75,Siemens Healthineers,2023-01-02
MRI-102,MRI,Lakeview Medical Center,2019-07-01,2023-02-19,2.38,3.75,Siemens Healthineers,2023-01-02
MRI-102,MRI,Lakeview Medical Center,2019-07-01,2023-02-20,8.73,3.75,Siemens Healthineers,2023-01-02
MRI-102,MRI,Lakeview Medical Center,2019-07-01,2023-02-21,9.78,3.75,Siemens Healthineers,2023-01-02
MRI-102,MRI,Lakeview Medical Center,2019-07-01,2023-02-22,8.69,3.75,Siemens Healthineers,2023-01-02
MRI-102,MRI,Lakeview Medical Center,2019-07-01,2023-02-23,8.06,3.75,Siemens Healthineers,2023-01-02
MRI-102,MRI,Lakeview Medical Center,2019-07-01,2023-02-24,8.84,3.75,Siemens Healthineers,2023-01-02
MRI-102,MRI,Lakeview Medical Center,2019-07-01,2023-02-25,6.17,3.75,Siemens Healthineers,2023-01-02
MRI-102,MRI,Lakeview Medical Center,2019-07-01,2023-02-26,2.33,3.75,Siemens Healthineers,2023-01-02
MRI-102,MRI,Lakeview Medical Center,2019-07-01,2023-02-27,8.16,3.75,Siemens Healthineers,2023-01-02
MRI-102,MRI,Lakeview Medical Center,2019-07-01,2023-02-28,9.33,3.75,Siemens Healthineers,2023-01-02
MRI-102,MRI,Lakeview Medical Center,2019-07-01,2023-03-01,8.71,3.75,Siemens Healthineers,2023-01-02
MRI-102,MRI,Lakeview Medical Center,2019-07-01,2023-03-02,9.41,3.75,Siemens Healthineers,2023-01-02
MRI-102,MRI,Lakeview Medical Center,2019-07-01,2023-03-03,8.88,3.75,Siemens Healthineers,2023-01-02
MRI-102,MRI,Lakeview Medical Center,2019-07-01,2023-03-04,5.89,3.75,Siemens Healthineers,2023-01-02
MRI-102,MRI,Lakeview Medical Center,2019-07-01,2023-03-05,2.28,3.75,Siemens Healthineers,2023-01-02
MRI-102,MRI,Lakeview Medical Center,2019-07-01,2023-03-06,8.88,3.75,Siemens Healthineers,2023-01-02
MRI-102,MRI,Lakeview Medical Center,2019-07-01,2023-03-07,8.72,3.75,Siemens Healthineers,2023-01-02
MRI-102,MRI,Lakeview Medical Center,2019-07-01,2023-03-08,7.91,3.75,Siemens Healthineers,2023-01-02
MRI-102,MRI,Lakeview Medical Center,2019-07-01,2023-03-09,7.64,3.75,Siemens Healthineers,2023-01-02
MRI-102,MRI,Lakeview Medical Center,2019-07-01,2023-03-10,9.44,3.75,Siemens Healthineers,2023-01-02
MRI-102,MRI,Lakeview Medical Center,2019-07-01,2023-03-11,5.05,3.75,Siemens Healthineers,2023-01-02
MRI-102,MRI,Lakeview Medical Center,2019-07-01,2023-03-12,2.29,3.75,Siemens Healthineers,2023-01-02
MRI-102,MRI,Lakeview Medical Center,2019-07-01,2023-03-13,8.81,3.75,Siemens Healthineers,2023-01-02
MRI-102,MRI,Lakeview Medical Center,2019-07-01,2023-03-14,9.79,3.75,Siemens Healthineers,2023-01-02
MRI-102,MRI,Lakeview Medical Center,2019-07-01,2023-03-15,7.06,3.75,Siemens Healthineers,2023-01-02
MRI-102,MRI,Lakeview Medical Center,2019-07-01,2023-03-16,7.69,3.75,Siemens Healthineers,2023-01-02
MRI-102,MRI,Lakeview Medical Center,2019-07-01,2023-03-17,8.15,3.75,Siemens Healthineers,2023-01-02
MRI-102,MRI,Lakeview Medical Center,2019-07-01,2023-03-18,6.5,3.75,Siemens Healthineers,2023-01-02
MRI-102,MRI,Lakeview Medical Center,2019-07-01,2023-03-19,3.34,3.75,Siemens Healthineers,2023-01-02
MRI-102,MRI,Lakeview Medical Center,2019-07-01,2023-03-20,9.5,3.75,Siemens Healthineers,2023-01-02
MRI-102,MRI,Lakeview Medical Center,2019-07-01,2023-03-21,7.98,3.75,Siemens Healthineers,2023-01-02
MRI-102,MRI,Lakeview Medical Center,2019-07-01,2023-03-22,7.99,3.75,Siemens Healthineers,2023-01-02
MRI-102,MRI,Lakeview Medical Center,2019-07-01,2023-03-23,9.25,3.75,Siemens Healthineers,2023-01-02
MRI-102,MRI,Lakeview Medical Center,2019-07-01,2023-03-24,8.93,3.75,Siemens Healthineers,2023-01-02
MRI-102,MRI,Lakeview Medical Center,2019-07-01,2023-03-25,5.77,3.75,Siemens Healthineers,2023-01-02
MRI-102,MRI,Lakeview Medical Center,2019-07-01,2023-03-26,2.96,3.75,Siemens Healthineers,2023-01-02
MRI-102,MRI,Lakeview Medical Center,2019-07-01,2023-03-27,9.11,3.75,Siemens Healthineers,2023-01-02
MRI-102,MRI,Lakeview Medical Center,2019-07-01,2023-03-28,9.01,3.75,Siemens Healthineers,2023-01-02
MRI-102,MRI,Lakeview Medical Center,2019-07-01,2023-03-29,9.51,3.75,Siemens Healthineers,2023-01-02
MRI-102,MRI,Lakeview Medical Center,2019-07-01,2023-03-30,9.53,3.75,Siemens Healthineers,2023-01-02
MRI-102,MRI,Lakeview Medical Center,2019-07-01,2023-03-31,7.59,3.75,Siemens Healthineers,2023-01-02
MRI-103,MRI,St. Anne's Hospital,2021-11-20,2022-04-01,7.16,1.36,GE HealthCare,2023-01-22
MRI-103,MRI,St. Anne's Hospital,2021-11-20,2022-04-02,6.18,1.36,GE HealthCare,2023-01-22
MRI-103,MRI,St. Anne's Hospital,2021-11-20,2022-04-03,4.09,1.36,GE HealthCare,2023-01-22
MRI-103,MRI,St. Anne's Hospital,2021-11-20,2022-04-04,8.14,1.36,GE HealthCare,2023-01-22
MRI-103,MRI,St. Anne's Hospital,2021-11-20,2022-04-05,7.47,1.36,GE HealthCare,2023-01-22
MRI-103,MRI,St. Anne's Hospital,2021-11-20,2022-04-06,9.04,1.36,GE HealthCare,2023-01-22
MRI-103,MRI,St. Anne's Hospital,2021-11-20,2022-04-07,9.7,1.36,GE HealthCare,2023-01-22
MRI-103,MRI,St. Anne's Hospital,2021-11-20,2022-04-08,10.4,1.36,GE HealthCare,2023-01-22
MRI-103,MRI,St. Anne's Hospital,2021-11-20,2022-04-09,5.79,1.36,GE HealthCare,2023-01-22
MRI-103,MRI,St. Anne's Hospital,2021-11-20,2022-04-10,2.84,1.36,GE HealthCare,2023-01-22
MRI-103,MRI,St. Anne's Hospital,2021-11-20,2022-04-11,8.24,1.36,GE HealthCare,2023-01-22
MRI-103,MRI,St. Anne's Hospital,2021-11-20,2022-04-12,8.97,1.36,GE HealthCare,2023-01-22
MRI-103,MRI,St. Anne's Hospital,2021-11-20,2022-04-13,8.72,1.36,GE HealthCare,2023-01-22
MRI-103,MRI,St. Anne's Hospital,2021-11-20,2022-04-14,8.15,1.36,GE HealthCare,2023-01-22
MRI-103,MRI,St. Anne's Hospital,2021-11-20,2022-04-15,10.6,1.36,GE HealthCare,2023-01-22
MRI-103,MRI,St. Anne's Hospital,2021-11-20,2022-04-16,6.8,1.36,GE HealthCare,2023-01-22
MRI-103,MRI,St. Anne's Hospital,2021-11-20,2022-04-17,4.04,1.36,GE HealthCare,2023-01-22
MRI-103,MRI,St. Anne's Hospital,2021-11-20,2022-04-18,8.22,1.36,GE HealthCare,2023-01-22
MRI-103,MRI,St. Anne's Hospital,2021-11-20,2022-04-19,9.64,1.36,GE HealthCare,2023-01-22
MRI-103,MRI,St. Anne's Hospital,2021-11-20,2022-04-20,9.47,1.36,GE HealthCare,2023-01-22
MRI-103,MRI,St. Anne's Hospital,2021-11-20,2022-04-21,9.31,1.36,GE HealthCare,2023-01-22
MRI-103,MRI,St. Anne's Hospital,2021-11-20,2022-04-22,9.96,1.36,GE HealthCare,2023-01-22
MRI-103,MRI,St. Anne's Hospital,2021-11-20,2022-04-23,5.88,1.36,GE HealthCare,2023-01-22
MRI-103,MRI,St. Anne's Hospital,2021-11-20,2022-04-24,3.73,1.36,GE HealthCare,2023-01-22
MRI-103,MRI,St. Anne's Hospital,2021-11-20,2022-04-25,9.47,1.36,GE HealthCare,2023-01-22
MRI-103,MRI,St. Anne's Hospital,2021-11-20,2022-04-26,9.23,1.36,GE HealthCare,2023-01-22
MRI-103,MRI,St. Anne's Hospital,2021-11-20,2022-04-27,7.53,1.36,GE HealthCare,2023-01-22
MRI-103,MRI,St. Anne's Hospital,2021-11-20,2022-04-28,9.03,1.36,GE HealthCare,2023-01-22
MRI-103,MRI,St. Anne's Hospital,2021-11-20,2022-04-29,8.51,1.36,GE HealthCare,2023-01-22
MRI-103,MRI,St. Anne's Hospital,2021-11-20,2022-04-30,4.35,1.36,GE HealthCare,2023-01-22
MRI-103,MRI,St. Anne's Hospital,2021-11-20,2022-05-01,4.48,1.36,GE HealthCare,2023-01-22
MRI-103,MRI,St. Anne's Hospital,2021-11-20,2022-05-02,10.34,1.36,GE HealthCare,2023-01-22
MRI-103,MRI,St. Anne's Hospital,2021-11-20,2022-05-03,10.05,1.36,GE HealthCare,2023-01-22
MRI-103,MRI,St. Anne's Hospital,2021-11-20,2022-05-04,9.16,1.36,GE HealthCare,2023-01-22
MRI-103,MRI,St. Anne's Hospital,2021-11-20,2022-05-05,10.04,1.36,GE HealthCare,2023-01-22
MRI-103,MRI,St. Anne's Hospital,2021-11-20,2022-05-06,8.97,1.36,GE HealthCare,2023-01-22
MRI-103,MRI,St. Anne's Hospital,2021-11-20,2022-05-07,5.54,1.36,GE HealthCare,2023-01-22
MRI-103,MRI,St. Anne's Hospital,2021-11-20,2022-05-08,2.26,1.36,GE HealthCare,2023-01-22
MRI-103,MRI,St. Anne's Hospital,2021-11-20,2022-05-09,9.28,1.36,GE HealthCare,2023-01-22
MRI-103,MRI,St. Anne's Hospital,2021-11-20,2022-05-10,9.01,1.36,GE HealthCare,2023-01-22
MRI-103,MRI,St. Anne's Hospital,2021-11-20,2022-05-11,7.92,1.36,GE HealthCare,2023-01-22
MRI-103,MRI,St. Anne's Hospital,2021-11-20,2022-05-12,8.92,1.36,GE HealthCare,2023-01-22
MRI-103,MRI,St. Anne's Hospital,2021-11-20,2022-05-13,8.9,1.36,GE HealthCare,2023-01-22
MRI-103,MRI,St. Anne's Hospital,2021-11-20,2022-05-14,6.81,1.36,GE HealthCare,2023-01-22
MRI-103,MRI,St. Anne's Hospital,2021-11-20,2022-05-15,3.85,1.36,GE HealthCare,2023-01-22
MRI-103,MRI,St. Anne's Hospital,2021-11-20,2022-05-16,8.97,1.36,GE HealthCare,2023-01-22
MRI-103,MRI,St. Anne's Hospital,2021-11-20,2022-05-17,9.16,1.36,GE HealthCare,2023-01-22
MRI-103,MRI,St. Anne's Hospital,2021-11-20,2022-05-18,8.99,1.36,GE HealthCare,2023-01-22
MRI-103,MRI,St. Anne's Hospital,2021-11-20,2022-05-19,8.8,1.36,GE HealthCare,2023-01-22
MRI-103,MRI,St. Anne's Hospital,2021-11-20,2022-05-20,8.09,1.36,GE HealthCare,2023-01-22
MRI-103,MRI,St. Anne's Hospital,2021-11-20,2022-05-21,5.25,1.36,GE HealthCare,2023-01-22
MRI-103,MRI,St. Anne's Hospital,2021-11-20,2022-05-22,2.54,1.36,GE HealthCare,2023-01-22
MRI-103,MRI,St. Anne's Hospital,2021-11-20,2022-05-23,7.96,1.36,GE HealthCare,2023-01-22
MRI-103,MRI,St. Anne's Hospital,2021-11-20,2022-05-24,9.37,1.36,GE HealthCare,2023-01-22
MRI-103,MRI,St. Anne's Hospital,2021-11-20,2022-05-25,9.27,1.36,GE HealthCare,2023-01-22
MRI-103,MRI,St. Anne's Hospital,2021-11-20,2022-05-26,7.53,1.36,GE HealthCare,2023-01-22
MRI-103,MRI,St. Anne's Hospital,2021-11-20,2022-05-27,8.86,1.36,GE HealthCare,2023-01-22
MRI-103,MRI,St. Anne's Hospital,2021-11-20,2022-05-28,6.17,1.36,GE HealthCare,2023-01-22
MRI-103,MRI,St. Anne's Hospital,2021-11-20,2022-05-29,3.98,1.36,GE HealthCare,2023-01-22
MRI-103,MRI,St. Anne's Hospital,2021-11-20,2022-05-30,9.78,1.36,GE HealthCare,2023-01-22
MRI-103,MRI,St. Anne's Hospital,2021-11-20,2022-05-31,8.99,1.36,GE HealthCare,2023-01-22
MRI-103,MRI,St. Anne's Hospital,2021-11-20,2022-06-01,8.28,1.36,GE HealthCare,2023-01-22
MRI-103,MRI,St. Anne's Hospital,2021-11-20,2022-06-02,8.09,1.36,GE HealthCare,2023-01-22
MRI-103,MRI,St. Anne's Hospital,2021-11-20,2022-06-03,9.23,1.36,GE HealthCare,2023-01-22
MRI-103,MRI,St. Anne's Hospital,2021-11-20,2022-06-04,5.68,1.36,GE HealthCare,2023-01-22
MRI-103,MRI,St. Anne's Hospital,2021-11-20,2022-06-05,4.17,1.36,GE HealthCare,2023-01-22
MRI-103,MRI,St. Anne's Hospital,2021-11-20,2022-06-06,9.84,1.36,GE HealthCare,2023-01-22
MRI-103,MRI,St. Anne's Hospital,2021-11-20,2022-06-07,8.85,1.36,GE HealthCare,2023-01-22
MRI-103,MRI,St. Anne's Hospital,2021-11-20,2022-06-08,7.96,1.36,GE HealthCare,2023-01-22
MRI-103,MRI,St. Anne's Hospital,2021-11-20,2022-06-09,8.7,1.36,GE HealthCare,2023-01-22
MRI-103,MRI,St. Anne's Hospital,2021-11-20,2022-06-10,9.13,1.36,GE HealthCare,2023-01-22
MRI-103,MRI,St. Anne's Hospital,2021-11-20,2022-06-11,5.21,1.36,GE HealthCare,2023-01-22
MRI-103,MRI,St. Anne's Hospital,2021-11-20,2022-06-12,2.67,1.36,GE HealthCare,2023-01-22
MRI-103,MRI,St. Anne's Hospital,2021-11-20,2022-06-13,9.16,1.36,GE HealthCare,2023-01-22
MRI-103,MRI,St. Anne's Hospital,2021-11-20,2022-06-14,8.56,1.36,GE HealthCare,2023-01-22
MRI-103,MRI,St. Anne's Hospital,2021-11-20,2022-06-15,8.46,1.36,GE HealthCare,2023-01-22
MRI-103,MRI,St. Anne's Hospital,2021-11-20,2022-06-16,9.21,1.36,GE HealthCare,2023-01-22
MRI-103,MRI,St. Anne's Hospital,2021-11-20,2022-06-17,8.64,1.36,GE HealthCare,2023-01-22
MRI-103,MRI,St. Anne's Hospital,2021-11-20,2022-06-18,5.57,1.36,GE HealthCare,2023-01-22
MRI-103,MRI,St. Anne's Hospital,2021-11-20,2022-06-19,3.35,1.36,GE HealthCare,2023-01-22
MRI-103,MRI,St. Anne's Hospital,2021-11-20,2022-06-20,8.05,1.36,GE HealthCare,2023-01-22
MRI-103,MRI,St. Anne's Hospital,2021-11-20,2022-06-21,8.57,1.36,GE HealthCare,2023-01-22
MRI-103,MRI,St. Anne's Hospital,2021-11-20,2022-06-22,10.11,1.36,GE HealthCare,2023-01-22
MRI-103,MRI,St. Anne's Hospital,2021-11-20,2022-06-23,8.03,1.36,GE HealthCare,2023-01-22
MRI-103,MRI,St. Anne's Hospital,2021-11-20,2022-06-24,7.27,1.36,GE HealthCare,2023-01-22
MRI-103,MRI,St. Anne's Hospital,2021-11-20,2022-06-25,3.89,1.36,GE HealthCare,2023-01-22
MRI-103,MRI,St. Anne's Hospital,2021-11-20,2022-06-26,3.16,1.36,GE HealthCare,2023-01-22
MRI-103,MRI,St. Anne's Hospital,2021-11-20,2022-06-27,8.98,1.36,GE HealthCare,2023-01-22
MRI-103,MRI,St. Anne's Hospital,2021-11-20,2022-06-28,8.87,1.36,GE HealthCare,2023-01-22
MRI-103,MRI,St. Anne's Hospital,2021-11-20,2022-06-29,9.93,1.36,GE HealthCare,2023-01-22
MRI-103,MRI,St. Anne's Hospital,2021-11-20,2022-06-30,6.82,1.36,GE HealthCare,2023-01-22
MRI-103,MRI,St. Anne's Hospital,2021-11-20,2022-07-01,9.28,1.36,GE HealthCare,2023-01-22
MRI-103,MRI,St. Anne's Hospital,2021-11-20,2022-07-02,6.62,1.36,GE HealthCare,2023-01-22
MRI-103,MRI,St. Anne's Hospital,2021-11-20,2022-07-03,2.23,1.36,GE HealthCare,2023-01-22
MRI-103,MRI,St. Anne's Hospital,2021-11-20,2022-07-04,8.66,1.36,GE HealthCare,2023-01-22
MRI-103,MRI,St. Anne's Hospital,2021-11-20,2022-07-05,8.36,1.36,GE HealthCare,2023-01-22
MRI-103,MRI,St. Anne's Hospital,2021-11-20,2022-07-06,8.24,1.36,GE HealthCare,2023-01-22
MRI-103,MRI,St. Anne's Hospital,2021-11-20,2022-07-07,8.7,1.36,GE HealthCare,2023-01-22
MRI-103,MRI,St. Anne's Hospital,2021-11-20,2022-07-08,10.1,1.36,GE HealthCare,2023-01-22
MRI-103,MRI,St. Anne's Hospital,2021-11-20,2022-07-09,6.85,1.36,GE HealthCare,2023-01-22
MRI-103,MRI,St. Anne's Hospital,2021-11-20,2022-07-10,2.87,1.36,GE HealthCare,2023-01-22
MRI-103,MRI,St. Anne's Hospital,2021-11-20,2022-07-11,10.48,1.36,GE HealthCare,2023-01-22
MRI-103,MRI,St. Anne's Hospital,2021-11-20,2022-07-12,8.99,1.36,GE HealthCare,2023-01-22
MRI-103,MRI,St. Anne's Hospital,2021-11-20,2022-07-13,10.36,1.36,GE HealthCare,2023-01-22
MRI-103,MRI,St. Anne's Hospital,2021-11-20,2022-07-14,8.88,1.36,GE HealthCare,2023-01-22
MRI-103,MRI,St. Anne's Hospital,2021-11-20,2022-07-15,9.06,1.36,GE HealthCare,2023-01-22
MRI-103,MRI,St. Anne's Hospital,2021-11-20,2022-07-16,5.67,1.36,GE HealthCare,2023-01-22
MRI-103,MRI,St. Anne's Hospital,2021-11-20,2022-07-17,5.68,1.36,GE HealthCare,2023-01-22
MRI-103,MRI,St. Anne's Hospital,2021-11-20,2022-07-18,9.64,1.36,GE HealthCare,2023-01-22
MRI-103,MRI,St. Anne's Hospital,2021-11-20,2022-07-19,8.39,1.36,GE HealthCare,2023-01-22
MRI-103,MRI,St. Anne's Hospital,2021-11-20,2022-07-20,9.73,1.36,GE HealthCare,2023-01-22
MRI-103,MRI,St. Anne's Hospital,2021-11-20,2022-07-21,8.67,1.36,GE HealthCare,2023-01-22
MRI-103,MRI,St. Anne's Hospital,2021-11-20,2022-07-22,8.57,1.36,GE HealthCare,2023-01-22
MRI-103,MRI,St. Anne's Hospital,2021-11-20,2022-07-23,6.1,1.36,GE HealthCare,2023-01-22
MRI-103,MRI,St. Anne's Hospital,2021-11-20,2022-07-24,3.16,1.36,GE HealthCare,2023-01-22
MRI-103,MRI,St. Anne's Hospital,2021-11-20,2022-07-25,9.18,1.36,GE HealthCare,2023-01-22
MRI-103,MRI,St. Anne's Hospital,2021-11-20,2022-07-26,8.97,1.36,GE HealthCare,2023-01-22
MRI-103,MRI,St. Anne's Hospital,2021-11-20,2022-07-27,9.23,1.36,GE HealthCare,2023-01-22
MRI-103,MRI,St. Anne's Hospital,2021-11-20,2022-07-28,9.3,1.36,GE HealthCare,2023-01-22
MRI-103,MRI,St. Anne's Hospital,2021-11-20,2022-07-29,7.41,1.36,GE HealthCare,2023-01-22
MRI-103,MRI,St. Anne's Hospital,2021-11-20,2022-07-30,5.91,1.36,GE HealthCare,2023-01-22
MRI-103,MRI,St. Anne's Hospital,2021-11-20,2022-07-31,2.35,1.36,GE HealthCare,2023-01-22
MRI-103,MRI,St. Anne's Hospital,2021-11-20,2022-08-01,7.81,1.36,GE HealthCare,2023-01-22
MRI-103,MRI,St. Anne's Hospital,2021-11-20,2022-08-02,8.91,1.36,GE HealthCare,2023-01-22
MRI-103,MRI,St. Anne's Hospital,2021-11-20,2022-08-03,9.03,1.36,GE HealthCare,2023-01-22
MRI-103,MRI,St. Anne's Hospital,2021-11-20,2022-08-04,8.4,1.36,GE HealthCare,2023-01-22
MRI-103,MRI,St. Anne's Hospital,2021-11-20,2022-08-05,9.62,1.36,GE HealthCare,2023-01-22
MRI-103,MRI,St. Anne's Hospital,2021-11-20,2022-08-06,4.3,1.36,GE HealthCare,2023-01-22
MRI-103,MRI,St. Anne's Hospital,2021-11-20,2022-08-07,2.81,1.36,GE HealthCare,2023-01-22
MRI-103,MRI,St. Anne's Hospital,2021-11-20,2022-08-08,8.49,1.36,GE HealthCare,2023-01-22
MRI-103,MRI,St. Anne's Hospital,2021-11-20,2022-08-09,8.92,1.36,GE HealthCare,2023-01-22
MRI-103,MRI,St. Anne's Hospital,2021-11-20,2022-08-10,9.18,1.36,GE HealthCare,2023-01-22
MRI-103,MRI,St. Anne's Hospital,2021-11-20,2022-08-11,8.15,1.36,GE HealthCare,2023-01-22
MRI-103,MRI,St. Anne's Hospital,2021-11-20,2022-08-12,9.54,1.36,GE HealthCare,2023-01-22
MRI-103,MRI,St. Anne's Hospital,2021-11-20,2022-08-13,5.43,1.36,GE HealthCare,2023-01-22
MRI-103,MRI,St. Anne's Hospital,2021-11-20,2022-08-14,1.62,1.36,GE HealthCare,2023-01-22
MRI-103,MRI,St. Anne's Hospital,2021-11-20,2022-08-15,7.39,1.36,GE HealthCare,2023-01-22
MRI-103,MRI,St. Anne's Hospital,2021-11-20,2022-08-16,8.95,1.36,GE HealthCare,2023-01-22
MRI-103,MRI,St. Anne's Hospital,2021-11-20,2022-08-17,8.78,1.36,GE HealthCare,2023-01-22
MRI-103,MRI,St. Anne's Hospital,2021-11-20,2022-08-18,8.88,1.36,GE HealthCare,2023-01-22
MRI-103,MRI,St. Anne's Hospital,2021-11-20,2022-08-19,8.94,1.36,GE HealthCare,2023-01-22
MRI-103,MRI,St. Anne's Hospital,2021-11-20,2022-08-20,5.56,1.36,GE HealthCare,2023-01-22
MRI-103,MRI,St. Anne's Hospital,2021-11-20,2022-08-21,3.89,1.36,GE HealthCare,2023-01-22
MRI-103,MRI,St. Anne's Hospital,2021-11-20,2022-08-22,8.07,1.36,GE HealthCare,2023-01-22
MRI-103,MRI,St. Anne's Hospital,2021-11-20,2022-08-23,8.02,1.36,GE HealthCare,2023-01-22
MRI-103,MRI,St. Anne's Hospital,2021-11-20,2022-08-24,8.08,1.36,GE HealthCare,2023-01-22
MRI-103,MRI,St. Anne's Hospital,2021-11-20,2022-08-25,9.19,1.36,GE HealthCare,2023-01-22
MRI-103,MRI,St. Anne's Hospital,2021-11-20,2022-08-26,9.96,1.36,GE HealthCare,2023-01-22
MRI-103,MRI,St. Anne's Hospital,2021-11-20,2022-08-27,5.03,1.36,GE HealthCare,2023-01-22
MRI-103,MRI,St. Anne's Hospital,2021-11-20,2022-08-28,1.13,1.36,GE HealthCare,2023-01-22
MRI-103,MRI,St. Anne's Hospital,2021-11-20,2022-08-29,7.6,1.36,GE HealthCare,2023-01-22
MRI-103,MRI,St. Anne's Hospital,2021-11-20,2022-08-30,8.29,1.36,GE HealthCare,2023-01-22
MRI-103,MRI,St. Anne's Hospital,2021-11-20,2022-08-31,8.51,1.36,GE HealthCare,2023-01-22
MRI-103,MRI,St. Anne's Hospital,2021-11-20,2022-09-01,8.63,1.36,GE HealthCare,2023-01-22
MRI-103,MRI,St. Anne's Hospital,2021-11-20,2022-09-02,8.99,1.36,GE HealthCare,2023-01-22
MRI-103,MRI,St. Anne's Hospital,2021-11-20,2022-09-03,5.13,1.36,GE HealthCare,2023-01-22
MRI-103,MRI,St. Anne's Hospital,2021-11-20,2022-09-04,3.98,1.36,GE HealthCare,2023-01-22
MRI-103,MRI,St. Anne's Hospital,2021-11-20,2022-09-05,8.42,1.36,GE HealthCare,2023-01-22
MRI-103,MRI,St. Anne's Hospital,2021-11-20,2022-09-06,8.27,1.36,GE HealthCare,2023-01-22
MRI-103,MRI,St. Anne's Hospital,2021-11-20,2022-09-07,9.34,1.36,GE HealthCare,2023-01-22
MRI-103,MRI,St. Anne's Hospital,2021-11-20,2022-09-08,7.73,1.36,GE HealthCare,2023-01-22
MRI-103,MRI,St. Anne's Hospital,2021-11-20,2022-09-09,9.27,1.36,GE HealthCare,2023-01-22
MRI-103,MRI,St. Anne's Hospital,2021-11-20,2022-09-10,5.46,1.36,GE HealthCare,2023-01-22
MRI-103,MRI,St. Anne's Hospital,2021-11-20,2022-09-11,3.02,1.36,GE HealthCare,2023-01-22
MRI-103,MRI,St. Anne's Hospital,2021-11-20,2022-09-12,10.23,1.36,GE HealthCare,2023-01-22
MRI-103,MRI,St. Anne's Hospital,2021-11-20,2022-09-13,8.46,1.36,GE HealthCare,2023-01-22
MRI-103,MRI,St. Anne's Hospital,2021-11-20,2022-09-14,10.61,1.36,GE HealthCare,2023-01-22
MRI-103,MRI,St. Anne's Hospital,2021-11-20,2022-09-15,8.78,1.36,GE HealthCare,2023-01-22
MRI-103,MRI,St. Anne's Hospital,2021-11-20,2022-09-16,7.94,1.36,GE HealthCare,2023-01-22
MRI-103,MRI,St. Anne's Hospital,2021-11-20,2022-09-17,5.43,1.36,GE HealthCare,2023-01-22
MRI-103,MRI,St. Anne's Hospital,2021-11-20,2022-09-18,2.27,1.36,GE HealthCare,2023-01-22
MRI-103,MRI,St. Anne's Hospital,2021-11-20,2022-09-19,8.36,1.36,GE HealthCare,2023-01-22
MRI-103,MRI,St. Anne's Hospital,2021-11-20,2022-09-20,9.28,1.36,GE HealthCare,2023-01-22
MRI-103,MRI,St. Anne's Hospital,2021-11-20,2022-09-21,9.4,1.36,GE HealthCare,2023-01-22
MRI-103,MRI,St. Anne's Hospital,2021-11-20,2022-09-22,8.46,1.36,GE HealthCare,2023-01-22
MRI-103,MRI,St. Anne's Hospital,2021-11-20,2022-09-23,9.75,1.36,GE HealthCare,2023-01-22
MRI-103,MRI,St. Anne's Hospital,2021-11-20,2022-09-24,6.3,1.36,GE HealthCare,2023-01-22
MRI-103,MRI,St. Anne's Hospital,2021-11-20,2022-09-25,4.28,1.36,GE HealthCare,2023-01-22
MRI-103,MRI,St. Anne's Hospital,2021-11-20,2022-09-26,9.38,1.36,GE HealthCare,2023-01-22
MRI-103,MRI,St. Anne's Hospital,2021-11-20,2022-09-27,10.05,1.36,GE HealthCare,2023-01-22
MRI-103,MRI,St. Anne's Hospital,2021-11-20,2022-09-28,7.45,1.36,GE HealthCare,2023-01-22
MRI-103,MRI,St. Anne's Hospital,2021-11-20,2022-09-29,8.7,1.36,GE HealthCare,2023-01-22
MRI-103,MRI,St. Anne's Hospital,2021-11-20,2022-09-30,8.27,1.36,GE HealthCare,2023-01-22
MRI-103,MRI,St. Anne's Hospital,2021-11-20,2022-10-01,5.47,1.36,GE HealthCare,2023-01-22
MRI-103,MRI,St. Anne's Hospital,2021-11-20,2022-10-02,2.68,1.36,GE HealthCare,2023-01-22
MRI-103,MRI,St. Anne's Hospital,2021-11-20,2022-10-03,8.83,1.36,GE HealthCare,2023-01-22
MRI-103,MRI,St. Anne's Hospital,2021-11-20,2022-10-04,10.46,1.36,GE HealthCare,2023-01-22
MRI-103,MRI,St. Anne's Hospital,2021-11-20,2022-10-05,8.82,1.36,GE HealthCare,2023-01-22
MRI-103,MRI,St. Anne's Hospital,2021-11-20,2022-10-06,9.29,1.36,GE HealthCare,2023-01-22
MRI-103,MRI,St. Anne's Hospital,2021-11-20,2022-10-07,8.77,1.36,GE HealthCare,2023-01-22
MRI-103,MRI,St. Anne's Hospital,2021-11-20,2022-10-08,5.44,1.36,GE HealthCare,2023-01-22
MRI-103,MRI,St. Anne's Hospital,2021-11-20,2022-10-09,3.14,1.36,GE HealthCare,2023-01-22
MRI-103,MRI,St. Anne's Hospital,2021-11-20,2022-10-10,9.32,1.36,GE HealthCare,2023-01-22
MRI-103,MRI,St. Anne's Hospital,2021-11-20,2022-10-11,9.89,1.36,GE HealthCare,2023-01-22
MRI-103,MRI,St. Anne's Hospital,2021-11-20,2022-10-12,10.28,1.36,GE HealthCare,2023-01-22
MRI-103,MRI,St. Anne's Hospital,2021-11-20,2022-10-13,9.21,1.36,GE HealthCare,2023-01-22
MRI-103,MRI,St. Anne's Hospital,2021-11-20,2022-10-14,9.43,1.36,GE HealthCare,2023-01-22
MRI-103,MRI,St. Anne's Hospital,2021-11-20,2022-10-15,4.45,1.36,GE HealthCare,2023-01-22
MRI-103,MRI,St. Anne's Hospital,2021-11-20,2022-10-16,3.07,1.36,GE HealthCare,2023-01-22
MRI-103,MRI,St. Anne's Hospital,2021-11-20,2022-10-17,9.71,1.36,GE HealthCare,2023-01-22
MRI-103,MRI,St. Anne's Hospital,2021-11-20,2022-10-18,9.65,1.36,GE HealthCare,2023-01-22
MRI-103,MRI,St. Anne's Hospital,2021-11-20,2022-10-19,9.13,1.36,GE HealthCare,2023-01-22
MRI-103,MRI,St. Anne's Hospital,2021-11-20,2022-10-20,9.67,1.36,GE HealthCare,2023-01-22
MRI-103,MRI,St. Anne's Hospital,2021-11-20,2022-10-21,9.35,1.36,GE HealthCare,2023-01-22
MRI-103,MRI,St. Anne's Hospital,2021-11-20,2022-10-22,6.34,1.36,GE HealthCare,2023-01-22
MRI-103,MRI,St. Anne's Hospital,2021-11-20,2022-10-23,3.37,1.36,GE HealthCare,2023-01-22
MRI-103,MRI,St. Anne's Hospital,2021-11-20,2022-10-24,8.67,1.36,GE HealthCare,2023-01-22
MRI-103,MRI,St. Anne's Hospital,2021-11-20,2022-10-25,9.23,1.36,GE HealthCare,2023-01-22
MRI-103,MRI,St. Anne's Hospital,2021-11-20,2022-10-26,6.61,1.36,GE HealthCare,2023-01-22
MRI-103,MRI,St. Anne's Hospital,2021-11-20,2022-10-27,9.27,1.36,GE HealthCare,2023-01-22
MRI-103,MRI,St. Anne's Hospital,2021-11-20,2022-10-28,6.04,1.36,GE HealthCare,2023-01-22
MRI-103,MRI,St. Anne's Hospital,2021-11-20,2022-10-29,4.0,1.36,GE HealthCare,2023-01-22
MRI-103,MRI,St. Anne's Hospital,2021-11-20,2022-10-30,8.57,1.36,GE HealthCare,2023-01-22
MRI-103,MRI,St. Anne's Hospital,2021-11-20,2022-10-31,9.34,1.36,GE HealthCare,2023-01-22
MRI-103,MRI,St. Anne's Hospital,2021-11-20,2022-11-01,8.03,1.36,GE HealthCare,2023-01-22
MRI-103,MRI,St. Anne's Hospital,2021-11-20,2022-11-02,8.39,1.36,GE HealthCare,2023-01-22
MRI-103,MRI,St. Anne's Hospital,2021-11-20,2022-11-03,10.06,1.36,GE HealthCare,2023-01-22
MRI-103,MRI,St. Anne's Hospital,2021-11-20,2022-11-04,8.57,1.36,GE HealthCare,2023-01-22
MRI-103,MRI,St. Anne's Hospital,2021-11-20,2022-11-05,7.17,1.36,GE HealthCare,2023-01-22
MRI-103,MRI,St. Anne's Hospital,2021-11-20,2022-11-06,3.13,1.36,GE HealthCare,2023-01-22
MRI-103,MRI,St. Anne's Hospital,2021-11-20,2022-11-07,9.29,1.36,GE HealthCare,2023-01-22
MRI-103,MRI,St. Anne's Hospital,2021-11-20,2022-11-08,10.25,1.36,GE HealthCare,2023-01-22
MRI-103,MRI,St. Anne's Hospital,2021-11-20,2022-11-09,9.06,1.36,GE HealthCare,2023-01-22
MRI-103,MRI,St. Anne's Hospital,2021-11-20,2022-11-10,8.16,1.36,GE HealthCare,2023-01-22
MRI-103,MRI,St. Anne's Hospital,2021-11-20,2022-11-11,8.87,1.36,GE HealthCare,2023-01-22
MRI-103,MRI,St. Anne's Hospital,2021-11-20,2022-11-12,5.35,1.36,GE HealthCare,2023-01-22
MRI-103,MRI,St. Anne's Hospital,2021-11-20,2022-11-13,2.04,1.36,GE HealthCare,2023-01-22
MRI-103,MRI,St. Anne's Hospital,2021-11-20,2022-11-14,8.75,1.36,GE HealthCare,2023-01-22
MRI-103,MRI,St. Anne's Hospital,2021-11-20,2022-11-15,8.37,1.36,GE HealthCare,2023-01-22
MRI-103,MRI,St. Anne's Hospital,2021-11-20,2022-11-16,9.7,1.36,GE HealthCare,2023-01-22
MRI-103,MRI,St. Anne's Hospital,2021-11-20,2022-11-17,8.99,1.36,GE HealthCare,2023-01-22
MRI-103,MRI,St. Anne's Hospital,2021-11-20,2022-11-18,8.73,1.36,GE HealthCare,2023-01-22
MRI-103,MRI,St. Anne's Hospital,2021-11-20,2022-11-19,5.29,1.36,GE HealthCare,2023-01-22
MRI-103,MRI,St. Anne's Hospital,2021-11-20,2022-11-20,3.31,1.36,GE HealthCare,2023-01-22
MRI-103,MRI,St. Anne's Hospital,2021-11-20,2022-11-21,9.45,1.36,GE HealthCare,2023-01-22
MRI-103,MRI,St. Anne's Hospital,2021-11-20,2022-11-22,8.16,1.36,GE HealthCare,2023-01-22
MRI-103,MRI,St. Anne's Hospital,2021-11-20,2022-11-23,8.13,1.36,GE HealthCare,2023-01-22
MRI-103,MRI,St. Anne's Hospital,2021-11-20,2022-11-24,9.84,1.36,GE HealthCare,2023-01-22
MRI-103,MRI,St. Anne's Hospital,2021-11-20,2022-11-25,8.63,1.36,GE HealthCare,2023-01-22
MRI-103,MRI,St. Anne's Hospital,2021-11-20,2022-11-26,4.24,1.36,GE HealthCare,2023-01-22
MRI-103,MRI,St. Anne's Hospital,2021-11-20,2022-11-27,3.49,1.36,GE HealthCare,2023-01-22
MRI-103,MRI,St. Anne's Hospital,2021-11-20,2022-11-28,9.33,1.36,GE HealthCare,2023-01-22
MRI-103,MRI,St. Anne's Hospital,2021-11-20,2022-11-29,7.73,1.36,GE HealthCare,2023-01-22
MRI-103,MRI,St. Anne's Hospital,2021-11-20,2022-11-30,9.14,1.36,GE HealthCare,2023-01-22
MRI-103,MRI,St. Anne's Hospital,2021-11-20,2022-12-01,9.55,1.36,GE HealthCare,2023-01-22
MRI-103,MRI,St. Anne's Hospital,2021-11-20,2022-12-02,9.26,1.36,GE HealthCare,2023-01-22
MRI-103,MRI,St. Anne's Hospital,2021-11-20,2022-12-03,5.88,1.36,GE HealthCare,2023-01-22
MRI-103,MRI,St. Anne's Hospital,2021-11-20,2022-12-04,2.01,1.36,GE HealthCare,2023-01-22
MRI-103,MRI,St. Anne's Hospital,2021-11-20,2022-12-05,9.22,1.36,GE HealthCare,2023-01-22
MRI-103,MRI,St. Anne's Hospital,2021-11-20,2022-12-06,8.72,1.36,GE HealthCare,2023-01-22
MRI-103,MRI,St. Anne's Hospital,2021-11-20,2022-12-07,8.57,1.36,GE HealthCare,2023-01-22
MRI-103,MRI,St. Anne's Hospital,2021-11-20,2022-12-08,9.66,1.36,GE HealthCare,2023-01-22
MRI-103,MRI,St. Anne's Hospital,2021-11-20,2022-12-09,10.14,1.36,GE HealthCare,2023-01-22
MRI-103,MRI,St. Anne's Hospital,2021-11-20,2022-12-10,6.81,1.36,GE HealthCare,2023-01-22
MRI-103,MRI,St. Anne's Hospital,2021-11-20,2022-12-11,4.19,1.36,GE HealthCare,2023-01-22
MRI-103,MRI,St. Anne's Hospital,2021-11-20,2022-12-12,8.87,1.36,GE HealthCare,2023-01-22
MRI-103,MRI,St. Anne's Hospital,2021-11-20,2022-12-13,9.24,1.36,GE HealthCare,2023-01-22
MRI-103,MRI,St. Anne's Hospital,2021-11-20,2022-12-14,9.57,1.36,GE HealthCare,2023-01-22
MRI-103,MRI,St. Anne's Hospital,2021-11-20,2022-12-15,9.06,1.36,GE HealthCare,2023-01-22
MRI-103,MRI,St. Anne's Hospital,2021-11-20,2022-12-16,9.06,1.36,GE HealthCare,2023-01-22
MRI-103,MRI,St. Anne's Hospital,2021-11-20,2022-12-17,6.03,1.36,GE HealthCare,2023-01-22
MRI-103,MRI,St. Anne's Hospital,2021-11-20,2022-12-18,3.09,1.36,GE HealthCare,2023-01-22
MRI-103,MRI,St. Anne's Hospital,2021-11-20,2022-12-19,8.38,1.36,GE HealthCare,2023-01-22
MRI-103,MRI,St. Anne's Hospital,2021-11-20,2022-12-20,8.63,1.36,GE HealthCare,2023-01-22
MRI-103,MRI,St. Anne's Hospital,2021-11-20,2022-12-21,9.47,1.36,GE HealthCare,2023-01-22
MRI-103,MRI,St. Anne's Hospital,2021-11-20,2022-12-22,8.96,1.36,GE HealthCare,2023-01-22
MRI-103,MRI,St. Anne's Hospital,2021-11-20,2022-12-23,9.23,1.36,GE HealthCare,2023-01-22
MRI-103,MRI,St. Anne's Hospital,2021-11-20,2022-12-24,5.91,1.36,GE HealthCare,2023-01-22
MRI-103,MRI,St. Anne's Hospital,2021-11-20,2022-12-25,2.84,1.36,GE HealthCare,2023-01-22
MRI-103,MRI,St. Anne's Hospital,2021-11-20,2022-12-26,9.56,1.36,GE HealthCare,2023-01-22
MRI-103,MRI,St. Anne's Hospital,2021-11-20,2022-12-27,9.26,1.36,GE HealthCare,2023-01-22
MRI-103,MRI,St. Anne's Hospital,2021-11-20,2022-12-28,7.97,1.36,GE HealthCare,2023-01-22
MRI-103,MRI,St. Anne's Hospital,2021-11-20,2022-12-29,10.11,1.36,GE HealthCare,2023-01-22
MRI-103,MRI,St. Anne's Hospital,2021-11-20,2022-12-30,8.56,1.36,GE HealthCare,2023-01-22
MRI-103,MRI,St. Anne's Hospital,2021-11-20,2022-12-31,4.05,1.36,GE HealthCare,2023-01-22
MRI-103,MRI,St. Anne's Hospital,2021-11-20,2023-01-01,2.3,1.36,GE HealthCare,2023-01-22
MRI-103,MRI,St. Anne's Hospital,2021-11-20,2023-01-02,8.14,1.36,GE HealthCare,2023-01-22
MRI-103,MRI,St. Anne's Hospital,2021-11-20,2023-01-03,9.0,1.36,GE HealthCare,2023-01-22
MRI-103,MRI,St. Anne's Hospital,2021-11-20,2023-01-04,8.74,1.36,GE HealthCare,2023-01-22
MRI-103,MRI,St. Anne's Hospital,2021-11-20,2023-01-05,8.69,1.36,GE HealthCare,2023-01-22
MRI-103,MRI,St. Anne's Hospital,2021-11-20,2023-01-06,9.45,1.36,GE HealthCare,2023-01-22
MRI-103,MRI,St. Anne's Hospital,2021-11-20,2023-01-07,5.65,1.36,GE HealthCare,2023-01-22
MRI-103,MRI,St. Anne's Hospital,2021-11-20,2023-01-08,3.39,1.36,GE HealthCare,2023-01-22
MRI-103,MRI,St. Anne's Hospital,2021-11-20,2023-01-09,9.29,1.36,GE HealthCare,2023-01-22
MRI-103,MRI,St. Anne's Hospital,2021-11-20,2023-01-10,9.45,1.36,GE HealthCare,2023-01-22
MRI-103,MRI,St. Anne's Hospital,2021-11-20,2023-01-11,7.27,1.36,GE HealthCare,2023-01-22
MRI-103,MRI,St. Anne's Hospital,2021-11-20,2023-01-12,8.67,1.36,GE HealthCare,2023-01-22
MRI-103,MRI,St. Anne's Hospital,2021-11-20,2023-01-13,7.22,1.36,GE HealthCare,2023-01-22
MRI-103,MRI,St. Anne's Hospital,2021-11-20,2023-01-14,5.4,1.36,GE HealthCare,2023-01-22
MRI-103,MRI,St. Anne's Hospital,2021-11-20,2023-01-15,3.13,1.36,GE HealthCare,2023-01-22
MRI-103,MRI,St. Anne's Hospital,2021-11-20,2023-01-16,9.8,1.36,GE HealthCare,2023-01-22
MRI-103,MRI,St. Anne's Hospital,2021-11-20,2023-01-17,9.91,1.36,GE HealthCare,2023-01-22
MRI-103,MRI,St. Anne's Hospital,2021-11-20,2023-01-18,9.12,1.36,GE HealthCare,2023-01-22
MRI-103,MRI,St. Anne's Hospital,2021-11-20,2023-01-19,8.56,1.36,GE HealthCare,2023-01-22
MRI-103,MRI,St. Anne's Hospital,2021-11-20,2023-01-20,9.35,1.36,GE HealthCare,2023-01-22
MRI-103,MRI,St. Anne's Hospital,2021-11-20,2023-01-21,4.95,1.36,GE HealthCare,2023-01-22
MRI-103,MRI,St. Anne's Hospital,2021-11-20,2023-01-22,3.13,1.36,GE HealthCare,2023-01-22
MRI-103,MRI,St. Anne's Hospital,2021-11-20,2023-01-23,9.75,1.36,GE HealthCare,2023-01-22
MRI-103,MRI,St. Anne's Hospital,2021-11-20,2023-01-24,8.51,1.36,GE HealthCare,2023-01-22
MRI-103,MRI,St. Anne's Hospital,2021-11-20,2023-01-25,9.6,1.36,GE HealthCare,2023-01-22
MRI-103,MRI,St. Anne's Hospital,2021-11-20,2023-01-26,9.5,1.36,GE HealthCare,2023-01-22
MRI-103,MRI,St. Anne's Hospital,2021-11-20,2023-01-27,8.2,1.36,GE HealthCare,2023-01-22
MRI-103,MRI,St. Anne's Hospital,2021-11-20,2023-01-28,6.15,1.36,GE HealthCare,2023-01-22
MRI-103,MRI,St. Anne's Hospital,2021-11-20,2023-01-29,3.69,1.36,GE HealthCare,2023-01-22
MRI-103,MRI,St. Anne's Hospital,2021-11-20,2023-01-30,9.04,1.36,GE HealthCare,2023-01-22
MRI-103,MRI,St. Anne's Hospital,2021-11-20,2023-01-31,8.35,1.36,GE HealthCare,2023-01-22
MRI-103,MRI,St. Anne's Hospital,2021-11-20,2023-02-01,8.27,1.36,GE HealthCare,2023-01-22
MRI-103,MRI,St. Anne's Hospital,2021-11-20,2023-02-02,8.53,1.36,GE HealthCare,2023-01-22
MRI-103,MRI,St. Anne's Hospital,2021-11-20,2023-02-03,9.39,1.36,GE HealthCare,2023-01-22
MRI-103,MRI,St. Anne's Hospital,2021-11-20,2023-02-04,4.61,1.36,GE HealthCare,2023-01-22
MRI-103,MRI,St. Anne's Hospital,2021-11-20,2023-02-05,3.49,1.36,GE HealthCare,2023-01-22
MRI-103,MRI,St. Anne's Hospital,2021-11-20,2023-02-06,7.97,1.36,GE HealthCare,2023-01-22
MRI-103,MRI,St. Anne's Hospital,2021-11-20,2023-02-07,8.8,1.36,GE HealthCare,2023-01-22
MRI-103,MRI,St. Anne's Hospital,2021-11-20,2023-02-08,9.05,1.36,GE HealthCare,2023-01-22
MRI-103,MRI,St. Anne's Hospital,2021-11-20,2023-02-09,10.92,1.36,GE HealthCare,2023-01-22
MRI-103,MRI,St. Anne's Hospital,2021-11-20,2023-02-10,7.86,1.36,GE HealthCare,2023-01-22
MRI-103,MRI,St. Anne's Hospital,2021-11-20,2023-02-11,6.55,1.36,GE HealthCare,2023-01-22
MRI-103,MRI,St. Anne's Hospital,2021-11-20,2023-02-12,3.26,1.36,GE HealthCare,2023-01-22
MRI-103,MRI,St. Anne's Hospital,2021-11-20,2023-02-13,9.29,1.36,GE HealthCare,2023-01-22
MRI-103,MRI,St. Anne's Hospital,2021-11-20,2023-02-14,9.05,1.36,GE HealthCare,2023-01-22
MRI-103,MRI,St. Anne's Hospital,2021-11-20,2023-02-15,9.31,1.36,GE HealthCare,2023-01-22
MRI-103,MRI,St. Anne's Hospital,2021-11-20,2023-02-16,8.84,1.36,GE HealthCare,2023-01-22
MRI-103,MRI,St. Anne's Hospital,2021-11-20,2023-02-17,10.12,1.36,GE HealthCare,2023-01-22
MRI-103,MRI,St. Anne's Hospital,2021-11-20,2023-02-18,5.01,1.36,GE HealthCare,2023-01-22
MRI-103,MRI,St. Anne's Hospital,2021-11-20,2023-02-19,4.04,1.36,GE HealthCare,2023-01-22
MRI-103,MRI,St. Anne's Hospital,2021-11-20,2023-02-20,8.44,1.36,GE HealthCare,2023-01-22
MRI-103,MRI,St. Anne's Hospital,2021-11-20,2023-02-21,8.91,1.36,GE HealthCare,2023-01-22
MRI-103,MRI,St. Anne's Hospital,2021-11-20,2023-02-22,8.1,1.36,GE HealthCare,2023-01-22
MRI-103,MRI,St. Anne's Hospital,2021-11-20,2023-02-23,9.32,1.36,GE HealthCare,2023-01-22
MRI-103,MRI,St. Anne's Hospital,2021-11-20,2023-02-24,10.12,1.36,GE HealthCare,2023-01-22
MRI-103,MRI,St. Anne's Hospital,2021-11-20,2023-02-25,5.31,1.36,GE HealthCare,2023-01-22
MRI-103,MRI,St. Anne's Hospital,2021-11-20,2023-02-26,2.98,1.36,GE HealthCare,2023-01-22
MRI-103,MRI,St. Anne's Hospital,2021-11-20,2023-02-27,8.57,1.36,GE HealthCare,2023-01-22
MRI-103,MRI,St. Anne's Hospital,2021-11-20,2023-02-28,8.78,1.36,GE HealthCare,2023-01-22
MRI-103,MRI,St. Anne's Hospital,2021-11-20,2023-03-01,7.68,1.36,GE HealthCare,2023-01-22
MRI-103,MRI,St. Anne's Hospital,2021-11-20,2023-03-02,8.23,1.36,GE HealthCare,2023-01-22
MRI-103,MRI,St. Anne's Hospital,2021-11-20,2023-03-03,9.14,1.36,GE HealthCare,2023-01-22
MRI-103,MRI,St. Anne's Hospital,2021-11-20,2023-03-04,6.43,1.36,GE HealthCare,2023-01-22
MRI-103,MRI,St. Anne's Hospital,2021-11-20,2023-03-05,5.38,1.36,GE HealthCare,2023-01-22
MRI-103,MRI,St. Anne's Hospital,2021-11-20,2023-03-06,8.49,1.36,GE HealthCare,2023-01-22
MRI-103,MRI,St. Anne's Hospital,2021-11-20,2023-03-07,10.11,1.36,GE HealthCare,2023-01-22
MRI-103,MRI,St. Anne's Hospital,2021-11-20,2023-03-08,9.15,1.36,GE HealthCare,2023-01-22
MRI-103,MRI,St. Anne's Hospital,2021-11-20,2023-03-09,8.84,1.36,GE HealthCare,2023-01-22
MRI-103,MRI,St. Anne's Hospital,2021-11-20,2023-03-10,9.31,1.36,GE HealthCare,2023-01-22
MRI-103,MRI,St. Anne's Hospital,2021-11-20,2023-03-11,5.43,1.36,GE HealthCare,2023-01-22
MRI-103,MRI,St. Anne's Hospital,2021-11-20,2023-03-12,3.22,1.36,GE HealthCare,2023-01-22
MRI-103,MRI,St. Anne's Hospital,2021-11-20,2023-03-13,8.63,1.36,GE HealthCare,2023-01-22
MRI-103,MRI,St. Anne's Hospital,2021-11-20,2023-03-14,7.84,1.36,GE HealthCare,2023-01-22
MRI-103,MRI,St. Anne's Hospital,2021-11-20,2023-03-15,7.72,1.36,GE HealthCare,2023-01-22
MRI-103,MRI,St. Anne's Hospital,2021-11-20,2023-03-16,8.57,1.36,GE HealthCare,2023-01-22
MRI-103,MRI,St. Anne's Hospital,2021-11-20,2023-03-17,8.74,1.36,GE HealthCare,2023-01-22
MRI-103,MRI,St. Anne's Hospital,2021-11-20,2023-03-18,4.9,1.36,GE HealthCare,2023-01-22
MRI-103,MRI,St. Anne's Hospital,2021-11-20,2023-03-19,3.14,1.36,GE HealthCare,2023-01-22
MRI-103,MRI,St. Anne's Hospital,2021-11-20,2023-03-20,9.6,1.36,GE HealthCare,2023-01-22
MRI-103,MRI,St. Anne's Hospital,2021-11-20,2023-03-21,9.1,1.36,GE HealthCare,2023-01-22
MRI-103,MRI,St. Anne's Hospital,2021-11-20,2023-03-22,8.43,1.36,GE HealthCare,2023-01-22
MRI-103,MRI,St. Anne's Hospital,2021-11-20,2023-03-23,9.94,1.36,GE HealthCare,2023-01-22
MRI-103,MRI,St. Anne's Hospital,2021-11-20,2023-03-24,10.22,1.36,GE HealthCare,2023-01-22
MRI-103,MRI,St. Anne's Hospital,2021-11-20,2023-03-25,5.77,1.36,GE HealthCare,2023-01-22
MRI-103,MRI,St. Anne's Hospital,2021-11-20,2023-03-26,3.91,1.36,GE HealthCare,2023-01-22
MRI-103,MRI,St. Anne's Hospital,2021-11-20,2023-03-27,9.95,1.36,GE HealthCare,2023-01-22
MRI-103,MRI,St. Anne's Hospital,2021-11-20,2023-03-28,9.86,1.36,GE HealthCare,2023-01-22
MRI-103,MRI,St. Anne's Hospital,2021-11-20,2023-03-29,9.45,1.36,GE HealthCare,2023-01-22
MRI-103,MRI,St. Anne's Hospital,2021-11-20,2023-03-30,9.44,1.36,GE HealthCare,2023-01-22
MRI-103,MRI,St. Anne's Hospital,2021-11-20,2023-03-31,9.37,1.36,GE HealthCare,2023-01-22
CT-201,CT,Riverside General,2015-09-05,2022-04-01,9.79,7.57,Philips,2023-03-19
CT-201,CT,Riverside General,2015-09-05,2022-04-02,7.09,7.57,Philips,2023-03-19
CT-201,CT,Riverside General,2015-09-05,2022-04-03,2.55,7.57,Philips,2023-03-19
CT-201,CT,Riverside General,2015-09-05,2022-04-04,10.06,7.57,Philips,2023-03-19
CT-201,CT,Riverside General,2015-09-05,2022-04-05,11.95,7.57,Philips,2023-03-19
CT-201,CT,Riverside General,2015-09-05,2022-04-06,11.53,7.57,Philips,2023-03-19
CT-201,CT,Riverside General,2015-09-05,2022-04-07,12.11,7.57,Philips,2023-03-19
CT-201,CT,Riverside General,2015-09-05,2022-04-08,10.53,7.57,Philips,2023-03-19
CT-201,CT,Riverside General,2015-09-05,2022-04-09,5.43,7.57,Philips,2023-03-19
CT-201,CT,Riverside General,2015-09-05,2022-04-10,3.55,7.57,Philips,2023-03-19
CT-201,CT,Riverside General,2015-09-05,2022-04-11,10.86,7.57,Philips,2023-03-19
CT-201,CT,Riverside General,2015-09-05,2022-04-12,10.84,7.57,Philips,2023-03-19
CT-201,CT,Riverside General,2015-09-05,2022-04-13,11.79,7.57,Philips,2023-03-19
CT-201,CT,Riverside General,2015-09-05,2022-04-14,10.45,7.57,Philips,2023-03-19
CT-201,CT,Riverside General,2015-09-05,2022-04-15,11.09,7.57,Philips,2023-03-19
CT-201,CT,Riverside General,2015-09-05,2022-04-16,5.57,7.57,Philips,2023-03-19
CT-201,CT,Riverside General,2015-09-05,2022-04-17,4.18,7.57,Philips,2023-03-19
CT-201,CT,Riverside General,2015-09-05,2022-04-18,10.78,7.57,Philips,2023-03-19
CT-201,CT,Riverside General,2015-09-05,2022-04-19,10.1,7.57,Philips,2023-03-19
CT-201,CT,Riverside General,2015-09-05,2022-04-20,10.56,7.57,Philips,2023-03-19
CT-201,CT,Riverside General,2015-09-05,2022-04-21,10.61,7.57,Philips,2023-03-19
CT-201,CT,Riverside General,2015-09-05,2022-04-22,10.53,7.57,Philips,2023-03-19
CT-201,CT,Riverside General,2015-09-05,2022-04-23,8.06,7.57,Philips,2023-03-19
CT-201,CT,Riverside General,2015-09-05,2022-04-24,3.68,7.57,Philips,2023-03-19
CT-201,CT,Riverside General,2015-09-05,2022-04-25,10.55,7.57,Philips,2023-03-19
CT-201,CT,Riverside General,2015-09-05,2022-04-26,8.89,7.57,Philips,2023-03-19
CT-201,CT,Riverside General,2015-09-05,2022-04-27,9.97,7.57,Philips,2023-03-19
CT-201,CT,Riverside General,2015-09-05,2022-04-28,10.54,7.57,Philips,2023-03-19
CT-201,CT,Riverside General,2015-09-05,2022-04-29,10.16,7.57,Philips,2023-03-19
CT-201,CT,Riverside General,2015-09-05,2022-04-30,7.71,7.57,Philips,2023-03-19
CT-201,CT,Riverside General,2015-09-05,2022-05-01,3.62,7.57,Philips,2023-03-19
CT-201,CT,Riverside General,2015-09-05,2022-05-02,11.93,7.57,Philips,2023-03-19
CT-201,CT,Riverside General,2015-09-05,2022-05-03,10.83,7.57,Philips,2023-03-19
CT-201,CT,Riverside General,2015-09-05,2022-05-04,10.81,7.57,Philips,2023-03-19
CT-201,CT,Riverside General,2015-09-05,2022-05-05,10.27,7.57,Philips,2023-03-19
CT-201,CT,Riverside General,2015-09-05,2022-05-06,10.78,7.57,Philips,2023-03-19
CT-201,CT,Riverside General,2015-09-05,2022-05-07,8.01,7.57,Philips,2023-03-19
CT-201,CT,Riverside General,2015-09-05,2022-05-08,1.68,7.57,Philips,2023-03-19
CT-201,CT,Riverside General,2015-09-05,2022-05-09,8.97,7.57,Philips,2023-03-19
CT-201,CT,Riverside General,2015-09-05,2022-05-10,10.28,7.57,Philips,2023-03-19
CT-201,CT,Riverside General,2015-09-05,2022-05-11,10.79,7.57,Philips,2023-03-19
CT-201,CT,Riverside General,2015-09-05,2022-05-12,11.39,7.57,Philips,2023-03-19
CT-201,CT,Riverside General,2015-09-05,2022-05-13,11.2,7.57,Philips,2023-03-19
CT-201,CT,Riverside General,2015-09-05,2022-05-14,6.12,7.57,Philips,2023-03-19
CT-201,CT,Riverside General,2015-09-05,2022-05-15,4.69,7.57,Philips,2023-03-19
CT-201,CT,Riverside General,2015-09-05,2022-05-16,11.7,7.57,Philips,2023-03-19
CT-201,CT,Riverside General,2015-09-05,2022-05-17,10.94,7.57,Philips,2023-03-19
CT-201,CT,Riverside General,2015-09-05,2022-05-18,11.64,7.57,Philips,2023-03-19
CT-201,CT,Riverside General,2015-09-05,2022-05-19,11.02,7.57,Philips,2023-03-19
CT-201,CT,Riverside General,2015-09-05,2022-05-20,10.27,7.57,Philips,2023-03-19
CT-201,CT,Riverside General,2015-09-05,2022-05-21,7.09,7.57,Philips,2023-03-19
CT-201,CT,Riverside General,2015-09-05,2022-05-22,3.87,7.57,Philips,2023-03-19
CT-201,CT,Riverside General,2015-09-05,2022-05-23,10.77,7.57,Philips,2023-03-19
CT-201,CT,Riverside General,2015-09-05,2022-05-24,12.1,7.57,Philips,2023-03-19
CT-201,CT,Riverside General,2015-09-05,2022-05-25,8.57,7.57,Philips,2023-03-19
CT-201,CT,Riverside General,2015-09-05,2022-05-26,9.5,7.57,Philips,2023-03-19
CT-201,CT,Riverside General,2015-09-05,2022-05-27,9.7,7.57,Philips,2023-03-19
CT-201,CT,Riverside General,2015-09-05,2022-05-28,6.14,7.57,Philips,2023-03-19
CT-201,CT,Riverside General,2015-09-05,2022-05-29,3.54,7.57,Philips,2023-03-19
CT-201,CT,Riverside General,2015-09-05,2022-05-30,9.42,7.57,Philips,2023-03-19
CT-201,CT,Riverside General,2015-09-05,2022-05-31,9.89,7.57,Philips,2023-03-19
CT-201,CT,Riverside General,2015-09-05,2022-06-01,10.0,7.57,Philips,2023-03-19
CT-201,CT,Riverside General,2015-09-05,2022-06-02,12.98,7.57,Philips,2023-03-19
CT-201,CT,Riverside General,2015-09-05,2022-06-03,12.39,7.57,Philips,2023-03-19
CT-201,CT,Riverside General,2015-09-05,2022-06-04,6.09,7.57,Philips,2023-03-19
CT-201,CT,Riverside General,2015-09-05,2022-06-05,3.44,7.57,Philips,2023-03-19
CT-201,CT,Riverside General,2015-09-05,2022-06-06,9.74,7.57,Philips,2023-03-19
CT-201,CT,Riverside General,2015-09-05,2022-06-07,9.06,7.57,Philips,2023-03-19
CT-201,CT,Riverside General,2015-09-05,2022-06-08,10.67,7.57,Philips,2023-03-19
CT-201,CT,Riverside General,2015-09-05,2022-06-09,9.87,7.57,Philips,2023-03-19
CT-201,CT,Riverside General,2015-09-05,2022-06-10,10.7,7.57,Philips,2023-03-19
CT-201,CT,Riverside General,2015-09-05,2022-06-11,5.02,7.57,Philips,2023-03-19
CT-201,CT,Riverside General,2015-09-05,2022-06-12,3.08,7.57,Philips,2023-03-19
CT-201,CT,Riverside General,2015-09-05,2022-06-13,10.91,7.57,Philips,2023-03-19
CT-201,CT,Riverside General,2015-09-05,2022-06-14,11.1,7.57,Philips,2023-03-19
CT-201,CT,Riverside General,2015-09-05,2022-06-15,11.15,7.57,Philips,2023-03-19
CT-201,CT,Riverside General,2015-09-05,2022-06-16,9.58,7.57,Philips,2023-03-19
CT-201,CT,Riverside General,2015-09-05,2022-06-17,11.54,7.57,Philips,2023-03-19
CT-201,CT,Riverside General,2015-09-05,2022-06-18,5.74,7.57,Philips,2023-03-19
CT-201,CT,Riverside General,2015-09-05,2022-06-19,4.34,7.57,Philips,2023-03-19
CT-201,CT,Riverside General,2015-09-05,2022-06-20,10.76,7.57,Philips,2023-03-19
CT-201,CT,Riverside General,2015-09-05,2022-06-21,9.53,7.57,Philips,2023-03-19
CT-201,CT,Riverside General,2015-09-05,2022-06-22,10.49,7.57,Philips,2023-03-19
CT-201,CT,Riverside General,2015-09-05,2022-06-23,11.1,7.57,Philips,2023-03-19
CT-201,CT,Riverside General,2015-09-05,2022-06-24,11.32,7.57,Philips,2023-03-19
CT-201,CT,Riverside General,2015-09-05,2022-06-25,6.34,7.57,Philips,2023-03-19
CT-201,CT,Riverside General,2015-09-05,2022-06-26,5.15,7.57,Philips,2023-03-19
CT-201,CT,Riverside General,2015-09-05,2022-06-27,11.68,7.57,Philips,2023-03-19
CT-201,CT,Riverside General,2015-09-05,2022-06-28,10.54,7.57,Philips,2023-03-19
CT-201,CT,Riverside General,2015-09-05,2022-06-29,11.45,7.57,Philips,2023-03-19
CT-201,CT,Riverside General,2015-09-05,2022-06-30,12.51,7.57,Philips,2023-03-19
CT-201,CT,Riverside General,2015-09-05,2022-07-01,12.54,7.57,Philips,2023-03-19
CT-201,CT,Riverside General,2015-09-05,2022-07-02,5.36,7.57,Philips,2023-03-19
CT-201,CT,Riverside General,2015-09-05,2022-07-03,2.94,7.57,Philips,2023-03-19
CT-201,CT,Riverside General,2015-09-05,2022-07-04,12.11,7.57,Philips,2023-03-19
CT-201,CT,Riverside General,2015-09-05,2022-07-05,9.82,7.57,Philips,2023-03-19
CT-201,CT,Riverside General,2015-09-05,2022-07-06,9.58,7.57,Philips,2023-03-19
CT-201,CT,Riverside General,2015-09-05,2022-07-07,10.34,7.57,Philips,2023-03-19
CT-201,CT,Riverside General,2015-09-05,2022-07-08,11.15,7.57,Philips,2023-03-19
CT-201,CT,Riverside General,2015-09-05,2022-07-09,6.37,7.57,Philips,2023-03-19
CT-201,CT,Riverside General,2015-09-05,2022-07-10,3.19,7.57,Philips,2023-03-19
CT-201,CT,Riverside General,2015-09-05,2022-07-11,10.17,7.57,Philips,2023-03-19
CT-201,CT,Riverside General,2015-09-05,2022-07-12,10.13,7.57,Philips,2023-03-19
CT-201,CT,Riverside General,2015-09-05,2022-07-13,9.98,7.57,Philips,2023-03-19
CT-201,CT,Riverside General,2015-09-05,2022-07-14,12.83,7.57,Philips,2023-03-19
CT-201,CT,Riverside General,2015-09-05,2022-07-15,11.04,7.57,Philips,2023-03-19
CT-201,CT,Riverside General,2015-09-05,2022-07-16,7.26,7.57,Philips,2023-03-19
CT-201,CT,Riverside General,2015-09-05,2022-07-17,3.33,7.57,Philips,2023-03-19
CT-201,CT,Riverside General,2015-09-05,2022-07-18,10.61,7.57,Philips,2023-03-19
CT-201,CT,Riverside General,2015-09-05,2022-07-19,10.13,7.57,Philips,2023-03-19
CT-201,CT,Riverside General,2015-09-05,2022-07-20,8.39,7.57,Philips,2023-03-19
CT-201,CT,Riverside General,2015-09-05,2022-07-21,9.53,7.57,Philips,2023-03-19
CT-201,CT,Riverside General,2015-09-05,2022-07-22,9.14,7.57,Philips,2023-03-19
CT-201,CT,Riverside General,2015-09-05,2022-07-23,4.44,7.57,Philips,2023-03-19
CT-201,CT,Riverside General,2015-09-05,2022-07-24,2.69,7.57,Philips,2023-03-19
CT-201,CT,Riverside General,2015-09-05,2022-07-25,11.97,7.57,Philips,2023-03-19
CT-201,CT,Riverside General,2015-09-05,2022-07-26,10.73,7.57,Philips,2023-03-19
CT-201,CT,Riverside General,2015-09-05,2022-07-27,11.93,7.57,Philips,2023-03-19
CT-201,CT,Riverside General,2015-09-05,2022-07-28,11.14,7.57,Philips,2023-03-19
CT-201,CT,Riverside General,2015-09-05,2022-07-29,11.48,7.57,Philips,2023-03-19
CT-201,CT,Riverside General,2015-09-05,2022-07-30,5.65,7.57,Philips,2023-03-19
CT-201,CT,Riverside General,2015-09-05,2022-07-31,4.24,7.57,Philips,2023-03-19
CT-201,CT,Riverside General,2015-09-05,2022-08-01,11.43,7.57,Philips,2023-03-19
CT-201,CT,Riverside General,2015-09-05,2022-08-02,10.25,7.57,Philips,2023-03-19
CT-201,CT,Riverside General,2015-09-05,2022-08-03,11.28,7.57,Philips,2023-03-19
CT-201,CT,Riverside General,2015-09-05,2022-08-04,11.28,7.57,Philips,2023-03-19
CT-201,CT,Riverside General,2015-09-05,2022-08-05,10.28,7.57,Philips,2023-03-19
CT-201,CT,Riverside General,2015-09-05,2022-08-06,5.45,7.57,Philips,2023-03-19
CT-201,CT,Riverside General,2015-09-05,2022-08-07,2.7,7.57,Philips,2023-03-19
CT-201,CT,Riverside General,2015-09-05,2022-08-08,10.85,7.57,Philips,2023-03-19
CT-201,CT,Riverside General,2015-09-05,2022-08-09,11.07,7.57,Philips,2023-03-19
CT-201,CT,Riverside General,2015-09-05,2022-08-10,10.06,7.57,Philips,2023-03-19
CT-201,CT,Riverside General,2015-09-05,2022-08-11,10.8,7.57,Philips,2023-03-19
CT-201,CT,Riverside General,2015-09-05,2022-08-12,11.29,7.57,Philips,2023-03-19
CT-201,CT,Riverside General,2015-09-05,2022-08-13,7.02,7.57,Philips,2023-03-19
CT-201,CT,Riverside General,2015-09-05,2022-08-14,5.17,7.57,Philips,2023-03-19
CT-201,CT,Riverside General,2015-09-05,2022-08-15,11.92,7.57,Philips,2023-03-19
CT-201,CT,Riverside General,2015-09-05,2022-08-16,9.87,7.57,Philips,2023-03-19
CT-201,CT,Riverside General,2015-09-05,2022-08-17,12.29,7.57,Philips,2023-03-19
CT-201,CT,Riverside General,2015-09-05,2022-08-18,10.3,7.57,Philips,2023-03-19
CT-201,CT,Riverside General,2015-09-05,2022-08-19,11.71,7.57,Philips,2023-03-19
CT-201,CT,Riverside General,2015-09-05,2022-08-20,6.52,7.57,Philips,2023-03-19
CT-201,CT,Riverside General,2015-09-05,2022-08-21,3.4,7.57,Philips,2023-03-19
CT-201,CT,Riverside General,2015-09-05,2022-08-22,9.15,7.57,Philips,2023-03-19
CT-201,CT,Riverside General,2015-09-05,2022-08-23,10.62,7.57,Philips,2023-03-19
CT-201,CT,Riverside General,2015-09-05,2022-08-24,9.37,7.57,Philips,2023-03-19
CT-201,CT,Riverside General,2015-09-05,2022-08-25,11.64,7.57,Philips,2023-03-19
CT-201,CT,Riverside General,2015-09-05,2022-08-26,12.14,7.57,Philips,2023-03-19
CT-201,CT,Riverside General,2015-09-05,2022-08-27,5.75,7.57,Philips,2023-03-19
CT-201,CT,Riverside General,2015-09-05,2022-08-28,4.04,7.57,Philips,2023-03-19
CT-201,CT,Riverside General,2015-09-05,2022-08-29,10.12,7.57,Philips,2023-03-19
CT-201,CT,Riverside General,2015-09-05,2022-08-30,10.21,7.57,Philips,2023-03-19
CT-201,CT,Riverside General,2015-09-05,2022-08-31,11.47,7.57,Philips,2023-03-19
CT-201,CT,Riverside General,2015-09-05,2022-09-01,10.74,7.57,Philips,2023-03-19
CT-201,CT,Riverside General,2015-09-05,2022-09-02,12.34,7.57,Philips,2023-03-19
CT-201,CT,Riverside General,2015-09-05,2022-09-03,6.03,7.57,Philips,2023-03-19
CT-201,CT,Riverside General,2015-09-05,2022-09-04,4.67,7.57,Philips,2023-03-19
CT-201,CT,Riverside General,2015-09-05,2022-09-05,10.86,7.57,Philips,2023-03-19
CT-201,CT,Riverside General,2015-09-05,2022-09-06,11.49,7.57,Philips,2023-03-19
CT-201,CT,Riverside General,2015-09-05,2022-09-07,10.37,7.57,Philips,2023-03-19
CT-201,CT,Riverside General,2015-09-05,2022-09-08,10.73,7.57,Philips,2023-03-19
CT-201,CT,Riverside General,2015-09-05,2022-09-09,10.67,7.57,Philips,2023-03-19
CT-201,CT,Riverside General,2015-09-05,2022-09-10,5.71,7.57,Philips,2023-03-19
CT-201,CT,Riverside General,2015-09-05,2022-09-11,4.37,7.57,Philips,2023-03-19
CT-201,CT,Riverside General,2015-09-05,2022-09-12,11.36,7.57,Philips,2023-03-19
CT-201,CT,Riverside General,2015-09-05,2022-09-13,11.31,7.57,Philips,2023-03-19
CT-201,CT,Riverside General,2015-09-05,2022-09-14,12.16,7.57,Philips,2023-03-19
CT-201,CT,Riverside General,2015-09-05,2022-09-15,12.08,7.57,Philips,2023-03-19
CT-201,CT,Riverside General,2015-09-05,2022-09-16,10.44,7.57,Philips,2023-03-19
CT-201,CT,Riverside General,2015-09-05,2022-09-17,6.8,7.57,Philips,2023-03-19
CT-201,CT,Riverside General,2015-09-05,2022-09-18,3.21,7.57,Philips,2023-03-19
CT-201,CT,Riverside General,2015-09-05,2022-09-19,10.79,7.57,Philips,2023-03-19
CT-201,CT,Riverside General,2015-09-05,2022-09-20,10.23,7.57,Philips,2023-03-19
CT-201,CT,Riverside General,2015-09-05,2022-09-21,12.23,7.57,Philips,2023-03-19
CT-201,CT,Riverside General,2015-09-05,2022-09-22,11.1,7.57,Philips,2023-03-19
CT-201,CT,Riverside General,2015-09-05,2022-09-23,10.58,7.57,Philips,2023-03-19
CT-201,CT,Riverside General,2015-09-05,2022-09-24,7.54,7.57,Philips,2023-03-19
CT-201,CT,Riverside General,2015-09-05,2022-09-25,1.82,7.57,Philips,2023-03-19
CT-201,CT,Riverside General,2015-09-05,2022-09-26,8.96,7.57,Philips,2023-03-19
CT-201,CT,Riverside General,2015-09-05,2022-09-27,11.49,7.57,Philips,2023-03-19
CT-201,CT,Riverside General,2015-09-05,2022-09-28,10.83,7.57,Philips,2023-03-19
CT-201,CT,Riverside General,2015-09-05,2022-09-29,11.0,7.57,Philips,2023-03-19
CT-201,CT,Riverside General,2015-09-05,2022-09-30,9.58,7.57,Philips,2023-03-19
CT-201,CT,Riverside General,2015-09-05,2022-10-01,6.44,7.57,Philips,2023-03-19
CT-201,CT,Riverside General,2015-09-05,2022-10-02,5.57,7.57,Philips,2023-03-19
CT-201,CT,Riverside General,2015-09-05,2022-10-03,11.51,7.57,Philips,2023-03-19
CT-201,CT,Riverside General,2015-09-05,2022-10-04,10.93,7.57,Philips,2023-03-19
CT-201,CT,Riverside General,2015-09-05,2022-10-05,10.38,7.57,Philips,2023-03-19
CT-201,CT,Riverside General,2015-09-05,2022-10-06,10.42,7.57,Philips,2023-03-19
CT-201,CT,Riverside General,2015-09-05,2022-10-07,8.86,7.57,Philips,2023-03-19
CT-201,CT,Riverside General,2015-09-05,2022-10-08,6.7,7.57,Philips,2023-03-19
CT-201,CT,Riverside General,2015-09-05,2022-10-09,4.53,7.57,Philips,2023-03-19
CT-201,CT,Riverside General,2015-09-05,2022-10-10,9.35,7.57,Philips,2023-03-19
CT-201,CT,Riverside General,2015-09-05,2022-10-11,10.18,7.57,Philips,2023-03-19
CT-201,CT,Riverside General,2015-09-05,2022-10-12,9.73,7.57,Philips,2023-03-19
CT-201,CT,Riverside General,2015-09-05,2022-10-13,9.9,7.57,Philips,2023-03-19
CT-201,CT,Riverside General,2015-09-05,2022-10-14,10.82,7.57,Philips,2023-03-19
CT-201,CT,Riverside General,2015-09-05,2022-10-15,4.59,7.57,Philips,2023-03-19
CT-201,CT,Riverside General,2015-09-05,2022-10-16,4.32,7.57,Philips,2023-03-19
CT-201,CT,Riverside General,2015-09-05,2022-10-17,11.45,7.57,Philips,2023-03-19
CT-201,CT,Riverside General,2015-09-05,2022-10-18,10.55,7.57,Philips,2023-03-19
CT-201,CT,Riverside General,2015-09-05,2022-10-19,8.54,7.57,Philips,2023-03-19
CT-201,CT,Riverside General,2015-09-05,2022-10-20,9.88,7.57,Philips,2023-03-19
CT-201,CT,Riverside General,2015-09-05,2022-10-21,11.88,7.57,Philips,2023-03-19
CT-201,CT,Riverside General,2015-09-05,2022-10-22,3.96,7.57,Philips,2023-03-19
CT-201,CT,Riverside General,2015-09-05,2022-10-23,3.46,7.57,Philips,2023-03-19
CT-201,CT,Riverside General,2015-09-05,2022-10-24,9.71,7.57,Philips,2023-03-19
CT-201,CT,Riverside General,2015-09-05,2022-10-25,11.5,7.57,Philips,2023-03-19
CT-201,CT,Riverside General,2015-09-05,2022-10-26,10.17,7.57,Philips,2023-03-19
CT-201,CT,Riverside General,2015-09-05,2022-10-27,11.14,7.57,Philips,2023-03-19
CT-201,CT,Riverside General,2015-09-05,2022-10-28,11.28,7.57,Philips,2023-03-19
CT-201,CT,Riverside General,2015-09-05,2022-10-29,8.12,7.57,Philips,2023-03-19
CT-201,CT,Riverside General,2015-09-05,2022-10-30,3.59,7.57,Philips,2023-03-19
CT-201,CT,Riverside General,2015-09-05,2022-10-31,11.11,7.57,Philips,2023-03-19
CT-201,CT,Riverside General,2015-09-05,2022-11-01,9.44,7.57,Philips,2023-03-19
CT-201,CT,Riverside General,2015-09-05,2022-11-02,11.84,7.57,Philips,2023-03-19
CT-201,CT,Riverside General,2015-09-05,2022-11-03,10.09,7.57,Philips,2023-03-19
CT-201,CT,Riverside General,2015-09-05,2022-11-04,10.27,7.57,Philips,2023-03-19
CT-201,CT,Riverside General,2015-09-05,2022-11-05,6.44,7.57,Philips,2023-03-19
CT-201,CT,Riverside General,2015-09-05,2022-11-06,2.36,7.57,Philips,2023-03-19
CT-201,CT,Riverside General,2015-09-05,2022-11-07,10.98,7.57,Philips,2023-03-19
CT-201,CT,Riverside General,2015-09-05,2022-11-08,11.64,7.57,Philips,2023-03-19
CT-201,CT,Riverside General,2015-09-05,2022-11-09,11.04,7.57,Philips,2023-03-19
CT-201,CT,Riverside General,2015-09-05,2022-11-10,9.34,7.57,Philips,2023-03-19
CT-201,CT,Riverside General,2015-09-05,2022-11-11,10.66,7.57,Philips,2023-03-19
CT-201,CT,Riverside General,2015-09-05,2022-11-12,7.13,7.57,Philips,2023-03-19
CT-201,CT,Riverside General,2015-09-05,2022-11-13,2.08,7.57,Philips,2023-03-19
CT-201,CT,Riverside General,2015-09-05,2022-11-14,9.81,7.57,Philips,2023-03-19
CT-201,CT,Riverside General,2015-09-05,2022-11-15,11.56,7.57,Philips,2023-03-19
CT-201,CT,Riverside General,2015-09-05,2022-11-16,11.02,7.57,Philips,2023-03-19
CT-201,CT,Riverside General,2015-09-05,2022-11-17,11.14,7.57,Philips,2023-03-19
CT-201,CT,Riverside General,2015-09-05,2022-11-18,12.45,7.57,Philips,2023-03-19
CT-201,CT,Riverside General,2015-09-05,2022-11-19,6.89,7.57,Philips,2023-03-19
CT-201,CT,Riverside General,2015-09-05,2022-11-20,4.36,7.57,Philips,2023-03-19
CT-201,CT,Riverside General,2015-09-05,2022-11-21,13.21,7.57,Philips,2023-03-19
CT-201,CT,Riverside General,2015-09-05,2022-11-22,10.58,7.57,Philips,2023-03-19
CT-201,CT,Riverside General,2015-09-05,2022-11-23,10.05,7.57,Philips,2023-03-19
CT-201,CT,Riverside General,2015-09-05,2022-11-24,11.16,7.57,Philips,2023-03-19
CT-201,CT,Riverside General,2015-09-05,2022-11-25,11.17,7.57,Philips,2023-03-19
CT-201,CT,Riverside General,2015-09-05,2022-11-26,5.99,7.57,Philips,2023-03-19
CT-201,CT,Riverside General,2015-09-05,2022-11-27,2.84,7.57,Philips,2023-03-19
CT-201,CT,Riverside General,2015-09-05,2022-11-28,12.85,7.57,Philips,2023-03-19
CT-201,CT,Riverside General,2015-09-05,2022-11-29,11.07,7.57,Philips,2023-03-19
CT-201,CT,Riverside General,2015-09-05,2022-11-30,10.11,7.57,Philips,2023-03-19
CT-201,CT,Riverside General,2015-09-05,2022-12-01,11.6,7.57,Philips,2023-03-19
CT-201,CT,Riverside General,2015-09-05,2022-12-02,10.67,7.57,Philips,2023-03-19
CT-201,CT,Riverside General,2015-09-05,2022-12-03,6.24,7.57,Philips,2023-03-19
CT-201,CT,Riverside General,2015-09-05,2022-12-04,4.28,7.57,Philips,2023-03-19
CT-201,CT,Riverside General,2015-09-05,2022-12-05,9.61,7.57,Philips,2023-03-19
CT-201,CT,Riverside General,2015-09-05,2022-12-06,11.09,7.57,Philips,2023-03-19
CT-201,CT,Riverside General,2015-09-05,2022-12-07,12.49,7.57,Philips,2023-03-19
CT-201,CT,Riverside General,2015-09-05,2022-12-08,11.19,7.57,Philips,2023-03-19
CT-201,CT,Riverside General,2015-09-05,2022-12-09,10.43,7.57,Philips,2023-03-19
CT-201,CT,Riverside General,2015-09-05,2022-12-10,6.01,7.57,Philips,2023-03-19
CT-201,CT,Riverside General,2015-09-05,2022-12-11,3.4,7.57,Philips,2023-03-19
CT-201,CT,Riverside General,2015-09-05,2022-12-12,10.54,7.57,Philips,2023-03-19
CT-201,CT,Riverside General,2015-09-05,2022-12-13,10.43,7.57,Philips,2023-03-19
CT-201,CT,Riverside General,2015-09-05,2022-12-14,11.6,7.57,Philips,2023-03-19
CT-201,CT,Riverside General,2015-09-05,2022-12-15,9.21,7.57,Philips,2023-03-19
CT-201,CT,Riverside General,2015-09-05,2022-12-16,11.55,7.57,Philips,2023-03-19
CT-201,CT,Riverside General,2015-09-05,2022-12-17,6.12,7.57,Philips,2023-03-19
CT-201,CT,Riverside General,2015-09-05,2022-12-18,4.11,7.57,Philips,2023-03-19
CT-201,CT,Riverside General,2015-09-05,2022-12-19,9.76,7.57,Philips,2023-03-19
CT-201,CT,Riverside General,2015-09-05,2022-12-20,11.97,7.57,Philips,2023-03-19
CT-201,CT,Riverside General,2015-09-05,2022-12-21,11.89,7.57,Philips,2023-03-19
CT-201,CT,Riverside General,2015-09-05,2022-12-22,11.64,7.57,Philips,2023-03-19
CT-201,CT,Riverside General,2015-09-05,2022-12-23,9.41,7.57,Philips,2023-03-19
CT-201,CT,Riverside General,2015-09-05,2022-12-24,7.21,7.57,Philips,2023-03-19
CT-201,CT,Riverside General,2015-09-05,2022-12-25,4.13,7.57,Philips,2023-03-19
CT-201,CT,Riverside General,2015-09-05,2022-12-26,9.33,7.57,Philips,2023-03-19
CT-201,CT,Riverside General,2015-09-05,2022-12-27,10.75,7.57,Philips,2023-03-19
CT-201,CT,Riverside General,2015-09-05,2022-12-28,11.1,7.57,Philips,2023-03-19
CT-201,CT,Riverside General,2015-09-05,2022-12-29,11.27,7.57,Philips,2023-03-19
CT-201,CT,Riverside General,2015-09-05,2022-12-30,10.93,7.57,Philips,2023-03-19
CT-201,CT,Riverside General,2015-09-05,2022-12-31,6.73,7.57,Philips,2023-03-19
CT-201,CT,Riverside General,2015-09-05,2023-01-01,5.1,7.57,Philips,2023-03-19
CT-201,CT,Riverside General,2015-09-05,2023-01-02,11.88,7.57,Philips,2023-03-19
CT-201,CT,Riverside General,2015-09-05,2023-01-03,8.19,7.57,Philips,2023-03-19
CT-201,CT,Riverside General,2015-09-05,2023-01-04,10.49,7.57,Philips,2023-03-19
CT-201,CT,Riverside General,2015-09-05,2023-01-05,10.62,7.57,Philips,2023-03-19
CT-201,CT,Riverside General,2015-09-05,2023-01-06,9.2,7.57,Philips,2023-03-19
CT-201,CT,Riverside General,2015-09-05,2023-01-07,6.55,7.57,Philips,2023-03-19
CT-201,CT,Riverside General,2015-09-05,2023-01-08,4.89,7.57,Philips,2023-03-19
CT-201,CT,Riverside General,2015-09-05,2023-01-09,9.79,7.57,Philips,2023-03-19
CT-201,CT,Riverside General,2015-09-05,2023-01-10,11.08,7.57,Philips,2023-03-19
CT-201,CT,Riverside General,2015-09-05,2023-01-11,9.95,7.57,Philips,2023-03-19
CT-201,CT,Riverside General,2015-09-05,2023-01-12,10.17,7.57,Philips,2023-03-19
CT-201,CT,Riverside General,2015-09-05,2023-01-13,12.1,7.57,Philips,2023-03-19
CT-201,CT,Riverside General,2015-09-05,2023-01-14,5.98,7.57,Philips,2023-03-19
CT-201,CT,Riverside General,2015-09-05,2023-01-15,4.19,7.57,Philips,2023-03-19
CT-201,CT,Riverside General,2015-09-05,2023-01-16,9.09,7.57,Philips,2023-03-19
CT-201,CT,Riverside General,2015-09-05,2023-01-17,12.45,7.57,Philips,2023-03-19
CT-201,CT,Riverside General,2015-09-05,2023-01-18,11.32,7.57,Philips,2023-03-19
CT-201,CT,Riverside General,2015-09-05,2023-01-19,10.61,7.57,Philips,2023-03-19
CT-201,CT,Riverside General,2015-09-05,2023-01-20,11.29,7.57,Philips,2023-03-19
CT-201,CT,Riverside General,2015-09-05,2023-01-21,5.19,7.57,Philips,2023-03-19
CT-201,CT,Riverside General,2015-09-05,2023-01-22,4.83,7.57,Philips,2023-03-19
CT-201,CT,Riverside General,2015-09-05,2023-01-23,10.48,7.57,Philips,2023-03-19
CT-201,CT,Riverside General,2015-09-05,2023-01-24,10.59,7.57,Philips,2023-03-19
CT-201,CT,Riverside General,2015-09-05,2023-01-25,10.33,7.57,Philips,2023-03-19
CT-201,CT,Riverside General,2015-09-05,2023-01-26,10.25,7.57,Philips,2023-03-19
CT-201,CT,Riverside General,2015-09-05,2023-01-27,11.4,7.57,Philips,2023-03-19
CT-201,CT,Riverside General,2015-09-05,2023-01-28,6.69,7.57,Philips,2023-03-19
CT-201,CT,Riverside General,2015-09-05,2023-01-29,4.36,7.57,Philips,2023-03-19
CT-201,CT,Riverside General,2015-09-05,2023-01-30,10.76,7.57,Philips,2023-03-19
CT-201,CT,Riverside General,2015-09-05,2023-01-31,11.23,7.57,Philips,2023-03-19
CT-201,CT,Riverside General,2015-09-05,2023-02-01,10.4,7.57,Philips,2023-03-19
CT-201,CT,Riverside General,2015-09-05,2023-02-02,12.78,7.57,Philips,2023-03-19
CT-201,CT,Riverside General,2015-09-05,2023-02-03,9.36,7.57,Philips,2023-03-19
CT-201,CT,Riverside General,2015-09-05,2023-02-04,7.6,7.57,Philips,2023-03-19
CT-201,CT,Riverside General,2015-09-05,2023-02-05,5.0,7.57,Philips,2023-03-19
CT-201,CT,Riverside General,2015-09-05,2023-02-06,10.01,7.57,Philips,2023-03-19
CT-201,CT,Riverside General,2015-09-05,2023-02-07,12.78,7.57,Philips,2023-03-19
CT-201,CT,Riverside General,2015-09-05,2023-02-08,11.67,7.57,Philips,2023-03-19
CT-201,CT,Riverside General,2015-09-05,2023-02-09,11.65,7.57,Philips,2023-03-19
CT-201,CT,Riverside General,2015-09-05,2023-02-10,10.8,7.57,Philips,2023-03-19
CT-201,CT,Riverside General,2015-09-05,2023-02-11,6.27,7.57,Philips,2023-03-19
CT-201,CT,Riverside General,2015-09-05,2023-02-12,3.58,7.57,Philips,2023-03-19
CT-201,CT,Riverside General,2015-09-05,2023-02-13,11.12,7.57,Philips,2023-03-19
CT-201,CT,Riverside General,2015-09-05,2023-02-14,12.03,7.57,Philips,2023-03-19
CT-201,CT,Riverside General,2015-09-05,2023-02-15,10.94,7.57,Philips,2023-03-19
CT-201,CT,Riverside General,2015-09-05,2023-02-16,9.95,7.57,Philips,2023-03-19
CT-201,CT,Riverside General,2015-09-05,2023-02-17,11.51,7.57,Philips,2023-03-19
CT-201,CT,Riverside General,2015-09-05,2023-02-18,7.29,7.57,Philips,2023-03-19
CT-201,CT,Riverside General,2015-09-05,2023-02-19,4.36,7.57,Philips,2023-03-19
CT-201,CT,Riverside General,2015-09-05,2023-02-20,11.44,7.57,Philips,2023-03-19
CT-201,CT,Riverside General,2015-09-05,2023-02-21,10.53,7.57,Philips,2023-03-19
CT-201,CT,Riverside General,2015-09-05,2023-02-22,9.94,7.57,Philips,2023-03-19
CT-201,CT,Riverside General,2015-09-05,2023-02-23,9.99,7.57,Philips,2023-03-19
CT-201,CT,Riverside General,2015-09-05,2023-02-24,9.3,7.57,Philips,2023-03-19
CT-201,CT,Riverside General,2015-09-05,2023-02-25,6.68,7.57,Philips,2023-03-19
CT-201,CT,Riverside General,2015-09-05,2023-02-26,3.7,7.57,Philips,2023-03-19
CT-201,CT,Riverside General,2015-09-05,2023-02-27,10.38,7.57,Philips,2023-03-19
CT-201,CT,Riverside General,2015-09-05,2023-02-28,8.11,7.57,Philips,2023-03-19
CT-201,CT,Riverside General,2015-09-05,2023-03-01,9.65,7.57,Philips,2023-03-19
CT-201,CT,Riverside General,2015-09-05,2023-03-02,11.78,7.57,Philips,2023-03-19
CT-201,CT,Riverside General,2015-09-05,2023-03-03,10.17,7.57,Philips,2023-03-19
CT-201,CT,Riverside General,2015-09-05,2023-03-04,6.79,7.57,Philips,2023-03-19
CT-201,CT,Riverside General,2015-09-05,2023-03-05,2.52,7.57,Philips,2023-03-19
CT-201,CT,Riverside General,2015-09-05,2023-03-06,12.07,7.57,Philips,2023-03-19
CT-201,CT,Riverside General,2015-09-05,2023-03-07,10.64,7.57,Philips,2023-03-19
CT-201,CT,Riverside General,2015-09-05,2023-03-08,11.03,7.57,Philips,2023-03-19
CT-201,CT,Riverside General,2015-09-05,2023-03-09,12.87,7.57,Philips,2023-03-19
CT-201,CT,Riverside General,2015-09-05,2023-03-10,12.14,7.57,Philips,2023-03-19
CT-201,CT,Riverside General,2015-09-05,2023-03-11,6.19,7.57,Philips,2023-03-19
CT-201,CT,Riverside General,2015-09-05,2023-03-12,3.24,7.57,Philips,2023-03-19
CT-201,CT,Riverside General,2015-09-05,2023-03-13,10.48,7.57,Philips,2023-03-19
CT-201,CT,Riverside General,2015-09-05,2023-03-14,11.23,7.57,Philips,2023-03-19
CT-201,CT,Riverside General,2015-09-05,2023-03-15,10.68,7.57,Philips,2023-03-19
CT-201,CT,Riverside General,2015-09-05,2023-03-16,10.42,7.57,Philips,2023-03-19
CT-201,CT,Riverside General,2015-09-05,2023-03-17,12.09,7.57,Philips,2023-03-19
CT-201,CT,Riverside General,2015-09-05,2023-03-18,6.36,7.57,Philips,2023-03-19
CT-201,CT,Riverside General,2015-09-05,2023-03-19,5.84,7.57,Philips,2023-03-19
CT-201,CT,Riverside General,2015-09-05,2023-03-20,10.85,7.57,Philips,2023-03-19
CT-201,CT,Riverside General,2015-09-05,2023-03-21,12.38,7.57,Philips,2023-03-19
CT-201,CT,Riverside General,2015-09-05,2023-03-22,11.09,7.57,Philips,2023-03-19
CT-201,CT,Riverside General,2015-09-05,2023-03-23,10.27,7.57,Philips,2023-03-19
CT-201,CT,Riverside General,2015-09-05,2023-03-24,10.12,7.57,Philips,2023-03-19
CT-201,CT,Riverside General,2015-09-05,2023-03-25,5.7,7.57,Philips,2023-03-19
CT-201,CT,Riverside General,2015-09-05,2023-03-26,4.18,7.57,Philips,2023-03-19
CT-201,CT,Riverside General,2015-09-05,2023-03-27,11.66,7.57,Philips,2023-03-19
CT-201,CT,Riverside General,2015-09-05,2023-03-28,10.81,7.57,Philips,2023-03-19
CT-201,CT,Riverside General,2015-09-05,2023-03-29,9.62,7.57,Philips,2023-03-19
CT-201,CT,Riverside General,2015-09-05,2023-03-30,9.55,7.57,Philips,2023-03-19
CT-201,CT,Riverside General,2015-09-05,2023-03-31,9.49,7.57,Philips,2023-03-19
CT-202,CT,Lakeview Medical Center,2018-02-14,2022-04-01,9.26,5.12,GE HealthCare,2023-02-11
CT-202,CT,Lakeview Medical Center,2018-02-14,2022-04-02,6.61,5.12,GE HealthCare,2023-02-11
CT-202,CT,Lakeview Medical Center,2018-02-14,2022-04-03,4.81,5.12,GE HealthCare,2023-02-11
CT-202,CT,Lakeview Medical Center,2018-02-14,2022-04-04,10.83,5.12,GE HealthCare,2023-02-11
CT-202,CT,Lakeview Medical Center,2018-02-14,2022-04-05,8.81,5.12,GE HealthCare,2023-02-11
CT-202,CT,Lakeview Medical Center,2018-02-14,2022-04-06,10.67,5.12,GE HealthCare,2023-02-11
CT-202,CT,Lakeview Medical Center,2018-02-14,2022-04-07,10.7,5.12,GE HealthCare,2023-02-11
CT-202,CT,Lakeview Medical Center,2018-02-14,2022-04-08,12.73,5.12,GE HealthCare,2023-02-11
CT-202,CT,Lakeview Medical Center,2018-02-14,2022-04-09,5.2,5.12,GE HealthCare,2023-02-11
CT-202,CT,Lakeview Medical Center,2018-02-14,2022-04-10,3.44,5.12,GE HealthCare,2023-02-11
CT-202,CT,Lakeview Medical Center,2018-02-14,2022-04-11,12.38,5.12,GE HealthCare,2023-02-11
CT-202,CT,Lakeview Medical Center,2018-02-14,2022-04-12,11.25,5.12,GE HealthCare,2023-02-11
CT-202,CT,Lakeview Medical Center,2018-02-14,2022-04-13,11.35,5.12,GE HealthCare,2023-02-11
CT-202,CT,Lakeview Medical Center,2018-02-14,2022-04-14,10.95,5.12,GE HealthCare,2023-02-11
CT-202,CT,Lakeview Medical Center,2018-02-14,2022-04-15,11.14,5.12,GE HealthCare,2023-02-11
CT-202,CT,Lakeview Medical Center,2018-02-14,2022-04-16,7.21,5.12,GE HealthCare,2023-02-11
CT-202,CT,Lakeview Medical Center,2018-02-14,2022-04-17,3.07,5.12,GE HealthCare,2023-02-11
CT-202,CT,Lakeview Medical Center,2018-02-14,2022-04-18,11.64,5.12,GE HealthCare,2023-02-11
CT-202,CT,Lakeview Medical Center,2018-02-14,2022-04-19,9.61,5.12,GE HealthCare,2023-02-11
CT-202,CT,Lakeview Medical Center,2018-02-14,2022-04-20,11.14,5.12,GE HealthCare,2023-02-11
CT-202,CT,Lakeview Medical Center,2018-02-14,2022-04-21,11.01,5.12,GE HealthCare,2023-02-11
CT-202,CT,Lakeview Medical Center,2018-02-14,2022-04-22,10.29,5.12,GE HealthCare,2023-02-11
CT-202,CT,Lakeview Medical Center,2018-02-14,2022-04-23,6.49,5.12,GE HealthCare,2023-02-11
CT-202,CT,Lakeview Medical Center,2018-02-14,2022-04-24,3.24,5.12,GE HealthCare,2023-02-11
CT-202,CT,Lakeview Medical Center,2018-02-14,2022-04-25,9.88,5.12,GE HealthCare,2023-02-11
CT-202,CT,Lakeview Medical Center,2018-02-14,2022-04-26,10.53,5.12,GE HealthCare,2023-02-11
CT-202,CT,Lakeview Medical Center,2018-02-14,2022-04-27,9.85,5.12,GE HealthCare,2023-02-11
CT-202,CT,Lakeview Medical Center,2018-02-14,2022-04-28,11.14,5.12,GE HealthCare,2023-02-11
CT-202,CT,Lakeview Medical Center,2018-02-14,2022-04-29,9.81,5.12,GE HealthCare,2023-02-11
CT-202,CT,Lakeview Medical Center,2018-02-14,2022-04-30,7.15,5.12,GE HealthCare,2023-02-11
CT-202,CT,Lakeview Medical Center,2018-02-14,2022-05-01,2.73,5.12,GE HealthCare,2023-02-11
CT-202,CT,Lakeview Medical Center,2018-02-14,2022-05-02,10.34,5.12,GE HealthCare,2023-02-11
CT-202,CT,Lakeview Medical Center,2018-02-14,2022-05-03,10.28,5.12,GE HealthCare,2023-02-11
CT-202,CT,Lakeview Medical Center,2018-02-14,2022-05-04,12.04,5.12,GE HealthCare,2023-02-11
CT-202,CT,Lakeview Medical Center,2018-02-14,2022-05-05,11.14,5.12,GE HealthCare,2023-02-11
CT-202,CT,Lakeview Medical Center,2018-02-14,2022-05-06,10.66,5.12,GE HealthCare,2023-02-11
CT-202,CT,Lakeview Medical Center,2018-02-14,2022-05-07,6.96,5.12,GE HealthCare,2023-02-11
CT-202,CT,Lakeview Medical Center,2018-02-14,2022-05-08,1.9,5.12,GE HealthCare,2023-02-11
CT-202,CT,Lakeview Medical Center,2018-02-14,2022-05-09,10.81,5.12,GE HealthCare,2023-02-11
CT-202,CT,Lakeview Medical Center,2018-02-14,2022-05-10,12.64,5.12,GE HealthCare,2023-02-11
CT-202,CT,Lakeview Medical Center,2018-02-14,2022-05-11,10.97,5.12,GE HealthCare,2023-02-11
CT-202,CT,Lakeview Medical Center,2018-02-14,2022-05-12,10.91,5.12,GE HealthCare,2023-02-11
CT-202,CT,Lakeview Medical Center,2018-02-14,2022-05-13,11.34,5.12,GE HealthCare,2023-02-11
CT-202,CT,Lakeview Medical Center,2018-02-14,2022-05-14,7.31,5.12,GE HealthCare,2023-02-11
CT-202,CT,Lakeview Medical Center,2018-02-14,2022-05-15,2.0,5.12,GE HealthCare,2023-02-11
CT-202,CT,Lakeview Medical Center,2018-02-14,2022-05-16,9.33,5.12,GE HealthCare,2023-02-11
CT-202,CT,Lakeview Medical Center,2018-02-14,2022-05-17,11.04,5.12,GE HealthCare,2023-02-11
CT-202,CT,Lakeview Medical Center,2018-02-14,2022-05-18,10.2,5.12,GE HealthCare,2023-02-11
CT-202,CT,Lakeview Medical Center,2018-02-14,2022-05-19,12.03,5.12,GE HealthCare,2023-02-11
CT-202,CT,Lakeview Medical Center,2018-02-14,2022-05-20,10.56,5.12,GE HealthCare,2023-02-11
CT-202,CT,Lakeview Medical Center,2018-02-14,2022-05-21,4.77,5.12,GE HealthCare,2023-02-11
CT-202,CT,Lakeview Medical Center,2018-02-14,2022-05-22,2.66,5.12,GE HealthCare,2023-02-11
CT-202,CT,Lakeview Medical Center,2018-02-14,2022-05-23,8.37,5.12,GE HealthCare,2023-02-11
CT-202,CT,Lakeview Medical Center,2018-02-14,2022-05-24,10.64,5.12,GE HealthCare,2023-02-11
CT-202,CT,Lakeview Medical Center,2018-02-14,2022-05-25,10.68,5.12,GE HealthCare,2023-02-11
CT-202,CT,Lakeview Medical Center,2018-02-14,2022-05-26,10.46,5.12,GE HealthCare,2023-02-11
CT-202,CT,Lakeview Medical Center,2018-02-14,2022-05-27,11.82,5.12,GE HealthCare,2023-02-11
CT-202,CT,Lakeview Medical Center,2018-02-14,2022-05-28,7.59,5.12,GE HealthCare,2023-02-11
CT-202,CT,Lakeview Medical Center,2018-02-14,2022-05-29,3.64,5.12,GE HealthCare,2023-02-11
CT-202,CT,Lakeview Medical Center,2018-02-14,2022-05-30,8.93,5.12,GE HealthCare,2023-02-11
CT-202,CT,Lakeview Medical Center,2018-02-14,2022-05-31,11.4,5.12,GE HealthCare,2023-02-11
CT-202,CT,Lakeview Medical Center,2018-02-14,2022-06-01,11.35,5.12,GE HealthCare,2023-02-11
CT-202,CT,Lakeview Medical Center,2018-02-14,2022-06-02,11.12,5.12,GE HealthCare,2023-02-11
CT-202,CT,Lakeview Medical Center,2018-02-14,2022-06-03,11.73,5.12,GE HealthCare,2023-02-11
CT-202,CT,Lakeview Medical Center,2018-02-14,2022-06-04,5.46,5.12,GE HealthCare,2023-02-11
CT-202,CT,Lakeview Medical Center,2018-02-14,2022-06-05,5.6,5.12,GE HealthCare,2023-02-11
CT-202,CT,Lakeview Medical Center,2018-02-14,2022-06-06,9.98,5.12,GE HealthCare,2023-02-11
CT-202,CT,Lakeview Medical Center,2018-02-14,2022-06-07,11.52,5.12,GE HealthCare,2023-02-11
CT-202,CT,Lakeview Medical Center,2018-02-14,2022-06-08,9.33,5.12,GE HealthCare,2023-02-11
CT-202,CT,Lakeview Medical Center,2018-02-14,2022-06-09,10.01,5.12,GE HealthCare,2023-02-11
CT-202,CT,Lakeview Medical Center,2018-02-14,2022-06-10,12.21,5.12,GE HealthCare,2023-02-11
CT-202,CT,Lakeview Medical Center,2018-02-14,2022-06-11,6.27,5.12,GE HealthCare,2023-02-11
CT-202,CT,Lakeview Medical Center,2018-02-14,2022-06-12,4.55,5.12,GE HealthCare,2023-02-11
CT-202,CT,Lakeview Medical Center,2018-02-14,2022-06-13,11.06,5.12,GE HealthCare,2023-02-11
CT-202,CT,Lakeview Medical Center,2018-02-14,2022-06-14,10.75,5.12,GE HealthCare,2023-02-11
CT-202,CT,Lakeview Medical Center,2018-02-14,2022-06-15,12.07,5.12,GE HealthCare,2023-02-11
CT-202,CT,Lakeview Medical Center,2018-02-14,2022-06-16,10.63,5.12,GE HealthCare,2023-02-11
CT-202,CT,Lakeview Medical Center,2018-02-14,2022-06-17,9.24,5.12,GE HealthCare,2023-02-11
CT-202,CT,Lakeview Medical Center,2018-02-14,2022-06-18,5.78,5.12,GE HealthCare,2023-02-11
CT-202,CT,Lakeview Medical Center,2018-02-14,2022-06-19,4.29,5.12,GE HealthCare,2023-02-11
CT-202,CT,Lakeview Medical Center,2018-02-14,2022-06-20,11.2,5.12,GE HealthCare,2023-02-11
CT-202,CT,Lakeview Medical Center,2018-02-14,2022-06-21,9.44,5.12,GE HealthCare,2023-02-11
CT-202,CT,Lakeview Medical Center,2018-02-14,2022-06-22,10.19,5.12,GE HealthCare,2023-02-11
CT-202,CT,Lakeview Medical Center,2018-02-14,2022-06-23,10.32,5.12,GE HealthCare,2023-02-11
CT-202,CT,Lakeview Medical Center,2018-02-14,2022-06-24,10.52,5.12,GE HealthCare,2023-02-11
CT-202,CT,Lakeview Medical Center,2018-02-14,2022-06-25,5.27,5.12,GE HealthCare,2023-02-11
CT-202,CT,Lakeview Medical Center,2018-02-14,2022-06-26,3.23,5.12,GE HealthCare,2023-02-11
CT-202,CT,Lakeview Medical Center,2018-02-14,2022-06-27,10.19,5.12,GE HealthCare,2023-02-11
CT-202,CT,Lakeview Medical Center,2018-02-14,2022-06-28,11.54,5.12,GE HealthCare,2023-02-11
CT-202,CT,Lakeview Medical Center,2018-02-14,2022-06-29,11.57,5.12,GE HealthCare,2023-02-11
CT-202,CT,Lakeview Medical Center,2018-02-14,2022-06-30,10.72,5.12,GE HealthCare,2023-02-11
CT-202,CT,Lakeview Medical Center,2018-02-14,2022-07-01,10.49,5.12,GE HealthCare,2023-02-11
CT-202,CT,Lakeview Medical Center,2018-02-14,2022-07-02,6.63,5.12,GE HealthCare,2023-02-11
CT-202,CT,Lakeview Medical Center,2018-02-14,2022-07-03,3.06,5.12,GE HealthCare,2023-02-11
CT-202,CT,Lakeview Medical Center,2018-02-14,2022-07-04,9.81,5.12,GE HealthCare,2023-02-11
CT-202,CT,Lakeview Medical Center,2018-02-14,2022-07-05,10.0,5.12,GE HealthCare,2023-02-11
CT-202,CT,Lakeview Medical Center,2018-02-14,2022-07-06,10.28,5.12,GE HealthCare,2023-02-11
CT-202,CT,Lakeview Medical Center,2018-02-14,2022-07-07,9.8,5.12,GE HealthCare,2023-02-11
CT-202,CT,Lakeview Medical Center,2018-02-14,2022-07-08,10.99,5.12,GE HealthCare,2023-02-11
CT-202,CT,Lakeview Medical Center,2018-02-14,2022-07-09,7.16,5.12,GE HealthCare,2023-02-11
CT-202,CT,Lakeview Medical Center,2018-02-14,2022-07-10,2.37,5.12,GE HealthCare,2023-02-11
CT-202,CT,Lakeview Medical Center,2018-02-14,2022-07-11,10.87,5.12,GE HealthCare,2023-02-11
CT-202,CT,Lakeview Medical Center,2018-02-14,2022-07-12,10.65,5.12,GE HealthCare,2023-02-11
CT-202,CT,Lakeview Medical Center,2018-02-14,2022-07-13,11.15,5.12,GE HealthCare,2023-02-11
CT-202,CT,Lakeview Medical Center,2018-02-14,2022-07-14,10.83,5.12,GE HealthCare,2023-02-11
CT-202,CT,Lakeview Medical Center,2018-02-14,2022-07-15,9.54,5.12,GE HealthCare,2023-02-11
CT-202,CT,Lakeview Medical Center,2018-02-14,2022-07-16,5.37,5.12,GE HealthCare,2023-02-11
CT-202,CT,Lakeview Medical Center,2018-02-14,2022-07-17,3.82,5.12,GE HealthCare,2023-02-11
CT-202,CT,Lakeview Medical Center,2018-02-14,2022-07-18,11.77,5.12,GE HealthCare,2023-02-11
CT-202,CT,Lakeview Medical Center,2018-02-14,2022-07-19,8.85,5.12,GE HealthCare,2023-02-11
CT-202,CT,Lakeview Medical Center,2018-02-14,2022-07-20,11.16,5.12,GE HealthCare,2023-02-11
CT-202,CT,Lakeview Medical Center,2018-02-14,2022-07-21,11.92,5.12,GE HealthCare,2023-02-11
CT-202,CT,Lakeview Medical Center,2018-02-14,2022-07-22,10.71,5.12,GE HealthCare,2023-02-11
CT-202,CT,Lakeview Medical Center,2018-02-14,2022-07-23,7.0,5.12,GE HealthCare,2023-02-11
CT-202,CT,Lakeview Medical Center,2018-02-14,2022-07-24,3.16,5.12,GE HealthCare,2023-02-11
CT-202,CT,Lakeview Medical Center,2018-02-14,2022-07-25,10.74,5.12,GE HealthCare,2023-02-11
CT-202,CT,Lakeview Medical Center,2018-02-14,2022-07-26,9.39,5.12,GE HealthCare,2023-02-11
CT-202,CT,Lakeview Medical Center,2018-02-14,2022-07-27,8.74,5.12,GE HealthCare,2023-02-11
CT-202,CT,Lakeview Medical Center,2018-02-14,2022-07-28,11.69,5.12,GE HealthCare,2023-02-11
CT-202,CT,Lakeview Medical Center,2018-02-14,2022-07-29,9.96,5.12,GE HealthCare,2023-02-11
CT-202,CT,Lakeview Medical Center,2018-02-14,2022-07-30,6.1,5.12,GE HealthCare,2023-02-11
CT-202,CT,Lakeview Medical Center,2018-02-14,2022-07-31,2.55,5.12,GE HealthCare,2023-02-11
CT-202,CT,Lakeview Medical Center,2018-02-14,2022-08-01,9.58,5.12,GE HealthCare,2023-02-11
CT-202,CT,Lakeview Medical Center,2018-02-14,2022-08-02,10.69,5.12,GE HealthCare,2023-02-11
CT-202,CT,Lakeview Medical Center,2018-02-14,2022-08-03,10.19,5.12,GE HealthCare,2023-02-11
CT-202,CT,Lakeview Medical Center,2018-02-14,2022-08-04,11.19,5.12,GE HealthCare,2023-02-11
CT-202,CT,Lakeview Medical Center,2018-02-14,2022-08-05,11.25,5.12,GE HealthCare,2023-02-11
CT-202,CT,Lakeview Medical Center,2018-02-14,2022-08-06,6.8,5.12,GE HealthCare,2023-02-11
CT-202,CT,Lakeview Medical Center,2018-02-14,2022-08-07,4.01,5.12,GE HealthCare,2023-02-11
CT-202,CT,Lakeview Medical Center,2018-02-14,2022-08-08,12.27,5.12,GE HealthCare,2023-02-11
CT-202,CT,Lakeview Medical Center,2018-02-14,2022-08-09,9.89,5.12,GE HealthCare,2023-02-11
CT-202,CT,Lakeview Medical Center,2018-02-14,2022-08-10,10.8,5.12,GE HealthCare,2023-02-11
CT-202,CT,Lakeview Medical Center,2018-02-14,2022-08-11,11.87,5.12,GE HealthCare,2023-02-11
CT-202,CT,Lakeview Medical Center,2018-02-14,2022-08-12,11.98,5.12,GE HealthCare,2023-02-11
CT-202,CT,Lakeview Medical Center,2018-02-14,2022-08-13,5.23,5.12,GE HealthCare,2023-02-11
CT-202,CT,Lakeview Medical Center,2018-02-14,2022-08-14,3.52,5.12,GE HealthCare,2023-02-11
CT-202,CT,Lakeview Medical Center,2018-02-14,2022-08-15,12.07,5.12,GE HealthCare,2023-02-11
CT-202,CT,Lakeview Medical Center,2018-02-14,2022-08-16,11.3,5.12,GE HealthCare,2023-02-11
CT-202,CT,Lakeview Medical Center,2018-02-14,2022-08-17,11.02,5.12,GE HealthCare,2023-02-11
CT-202,CT,Lakeview Medical Center,2018-02-14,2022-08-18,10.65,5.12,GE HealthCare,2023-02-11
CT-202,CT,Lakeview Medical Center,2018-02-14,2022-08-19,10.5,5.12,GE HealthCare,2023-02-11
CT-202,CT,Lakeview Medical Center,2018-02-14,2022-08-20,6.77,5.12,GE HealthCare,2023-02-11
CT-202,CT,Lakeview Medical Center,2018-02-14,2022-08-21,3.57,5.12,GE HealthCare,2023-02-11
CT-202,CT,Lakeview Medical Center,2018-02-14,2022-08-22,10.81,5.12,GE HealthCare,2023-02-11
CT-202,CT,Lakeview Medical Center,2018-02-14,2022-08-23,10.92,5.12,GE HealthCare,2023-02-11
CT-202,CT,Lakeview Medical Center,2018-02-14,2022-08-24,10.24,5.12,GE HealthCare,2023-02-11
CT-202,CT,Lakeview Medical Center,2018-02-14,2022-08-25,11.33,5.12,GE HealthCare,2023-02-11
CT-202,CT,Lakeview Medical Center,2018-02-14,2022-08-26,13.47,5.12,GE HealthCare,2023-02-11
CT-202,CT,Lakeview Medical Center,2018-02-14,2022-08-27,4.91,5.12,GE HealthCare,2023-02-11
CT-202,CT,Lakeview Medical Center,2018-02-14,2022-08-28,4.09,5.12,GE HealthCare,2023-02-11
CT-202,CT,Lakeview Medical Center,2018-02-14,2022-08-29,10.16,5.12,GE HealthCare,2023-02-11
CT-202,CT,Lakeview Medical Center,2018-02-14,2022-08-30,11.37,5.12,GE HealthCare,2023-02-11
CT-202,CT,Lakeview Medical Center,2018-02-14,2022-08-31,10.89,5.12,GE HealthCare,2023-02-11
CT-202,CT,Lakeview Medical Center,2018-02-14,2022-09-01,11.53,5.12,GE HealthCare,2023-02-11
CT-202,CT,Lakeview Medical Center,2018-02-14,2022-09-02,11.9,5.12,GE HealthCare,2023-02-11
CT-202,CT,Lakeview Medical Center,2018-02-14,2022-09-03,6.68,5.12,GE HealthCare,2023-02-11
CT-202,CT,Lakeview Medical Center,2018-02-14,2022-09-04,4.82,5.12,GE HealthCare,2023-02-11
CT-202,CT,Lakeview Medical Center,2018-02-14,2022-09-05,8.74,5.12,GE HealthCare,2023-02-11
CT-202,CT,Lakeview Medical Center,2018-02-14,2022-09-06,12.28,5.12,GE HealthCare,2023-02-11
CT-202,CT,Lakeview Medical Center,2018-02-14,2022-09-07,11.18,5.12,GE HealthCare,2023-02-11
CT-202,CT,Lakeview Medical Center,2018-02-14,2022-09-08,11.82,5.12,GE HealthCare,2023-02-11
CT-202,CT,Lakeview Medical Center,2018-02-14,2022-09-09,9.75,5.12,GE HealthCare,2023-02-11
CT-202,CT,Lakeview Medical Center,2018-02-14,2022-09-10,5.76,5.12,GE HealthCare,2023-02-11
CT-202,CT,Lakeview Medical Center,2018-02-14,2022-09-11,3.93,5.12,GE HealthCare,2023-02-11
CT-202,CT,Lakeview Medical Center,2018-02-14,2022-09-12,10.83,5.12,GE HealthCare,2023-02-11
CT-202,CT,Lakeview Medical Center,2018-02-14,2022-09-13,11.1,5.12,GE HealthCare,2023-02-11
CT-202,CT,Lakeview Medical Center,2018-02-14,2022-09-14,11.82,5.12,GE HealthCare,2023-02-11
CT-202,CT,Lakeview Medical Center,2018-02-14,2022-09-15,9.26,5.12,GE HealthCare,2023-02-11
CT-202,CT,Lakeview Medical Center,2018-02-14,2022-09-16,11.72,5.12,GE HealthCare,2023-02-11
CT-202,CT,Lakeview Medical Center,2018-02-14,2022-09-17,6.52,5.12,GE HealthCare,2023-02-11
CT-202,CT,Lakeview Medical Center,2018-02-14,2022-09-18,3.61,5.12,GE HealthCare,2023-02-11
CT-202,CT,Lakeview Medical Center,2018-02-14,2022-09-19,9.52,5.12,GE HealthCare,2023-02-11
CT-202,CT,Lakeview Medical Center,2018-02-14,2022-09-20,11.3,5.12,GE HealthCare,2023-02-11
CT-202,CT,Lakeview Medical Center,2018-02-14,2022-09-21,8.67,5.12,GE HealthCare,2023-02-11
CT-202,CT,Lakeview Medical Center,2018-02-14,2022-09-22,11.43,5.12,GE HealthCare,2023-02-11
CT-202,CT,Lakeview Medical Center,2018-02-14,2022-09-23,9.5,5.12,GE HealthCare,2023-02-11
CT-202,CT,Lakeview Medical Center,2018-02-14,2022-09-24,6.56,5.12,GE HealthCare,2023-02-11
CT-202,CT,Lakeview Medical Center,2018-02-14,2022-09-25,3.69,5.12,GE HealthCare,2023-02-11
CT-202,CT,Lakeview Medical Center,2018-02-14,2022-09-26,11.9,5.12,GE HealthCare,2023-02-11
CT-202,CT,Lakeview Medical Center,2018-02-14,2022-09-27,10.69,5.12,GE HealthCare,2023-02-11
CT-202,CT,Lakeview Medical Center,2018-02-14,2022-09-28,10.22,5.12,GE HealthCare,2023-02-11
CT-202,CT,Lakeview Medical Center,2018-02-14,2022-09-29,10.39,5.12,GE HealthCare,2023-02-11
CT-202,CT,Lakeview Medical Center,2018-02-14,2022-09-30,11.99,5.12,GE HealthCare,2023-02-11
CT-202,CT,Lakeview Medical Center,2018-02-14,2022-10-01,6.99,5.12,GE HealthCare,2023-02-11
CT-202,CT,Lakeview Medical Center,2018-02-14,2022-10-02,3.45,5.12,GE HealthCare,2023-02-11
CT-202,CT,Lakeview Medical Center,2018-02-14,2022-10-03,10.63,5.12,GE HealthCare,2023-02-11
CT-202,CT,Lakeview Medical Center,2018-02-14,2022-10-04,9.44,5.12,GE HealthCare,2023-02-11
CT-202,CT,Lakeview Medical Center,2018-02-14,2022-10-05,11.2,5.12,GE HealthCare,2023-02-11
CT-202,CT,Lakeview Medical Center,2018-02-14,2022-10-06,9.26,5.12,GE HealthCare,2023-02-11
CT-202,CT,Lakeview Medical Center,2018-02-14,2022-10-07,11.52,5.12,GE HealthCare,2023-02-11
CT-202,CT,Lakeview Medical Center,2018-02-14,2022-10-08,6.62,5.12,GE HealthCare,2023-02-11
CT-202,CT,Lakeview Medical Center,2018-02-14,2022-10-09,5.94,5.12,GE HealthCare,2023-02-11
CT-202,CT,Lakeview Medical Center,2018-02-14,2022-10-10,9.86,5.12,GE HealthCare,2023-02-11
CT-202,CT,Lakeview Medical Center,2018-02-14,2022-10-11,10.75,5.12,GE HealthCare,2023-02-11
CT-202,CT,Lakeview Medical Center,2018-02-14,2022-10-12,12.46,5.12,GE HealthCare,2023-02-11
CT-202,CT,Lakeview Medical Center,2018-02-14,2022-10-13,11.92,5.12,GE HealthCare,2023-02-11
CT-202,CT,Lakeview Medical Center,2018-02-14,2022-10-14,10.22,5.12,GE HealthCare,2023-02-11
CT-202,CT,Lakeview Medical Center,2018-02-14,2022-10-15,6.71,5.12,GE HealthCare,2023-02-11
CT-202,CT,Lakeview Medical Center,2018-02-14,2022-10-16,3.8,5.12,GE HealthCare,2023-02-11
CT-202,CT,Lakeview Medical Center,2018-02-14,2022-10-17,11.1,5.12,GE HealthCare,2023-02-11
CT-202,CT,Lakeview Medical Center,2018-02-14,2022-10-18,10.22,5.12,GE HealthCare,2023-02-11
CT-202,CT,Lakeview Medical Center,2018-02-14,2022-10-19,10.77,5.12,GE HealthCare,2023-02-11
CT-202,CT,Lakeview Medical Center,2018-02-14,2022-10-20,9.41,5.12,GE HealthCare,2023-02-11
CT-202,CT,Lakeview Medical Center,2018-02-14,2022-10-21,10.97,5.12,GE HealthCare,2023-02-11
CT-202,CT,Lakeview Medical Center,2018-02-14,2022-10-22,6.91,5.12,GE HealthCare,2023-02-11
CT-202,CT,Lakeview Medical Center,2018-02-14,2022-10-23,3.59,5.12,GE HealthCare,2023-02-11
CT-202,CT,Lakeview Medical Center,2018-02-14,2022-10-24,9.39,5.12,GE HealthCare,2023-02-11
CT-202,CT,Lakeview Medical Center,2018-02-14,2022-10-25,11.74,5.12,GE HealthCare,2023-02-11
CT-202,CT,Lakeview Medical Center,2018-02-14,2022-10-26,11.17,5.12,GE HealthCare,2023-02-11
CT-202,CT,Lakeview Medical Center,2018-02-14,2022-10-27,10.19,5.12,GE HealthCare,2023-02-11
CT-202,CT,Lakeview Medical Center,2018-02-14,2022-10-28,10.59,5.12,GE HealthCare,2023-02-11
CT-202,CT,Lakeview Medical Center,2018-02-14,2022-10-29,5.16,5.12,GE HealthCare,2023-02-11
CT-202,CT,Lakeview Medical Center,2018-02-14,2022-10-30,2.87,5.12,GE HealthCare,2023-02-11
CT-202,CT,Lakeview Medical Center,2018-02-14,2022-10-31,10.36,5.12,GE HealthCare,2023-02-11
CT-202,CT,Lakeview Medical Center,2018-02-14,2022-11-01,11.95,5.12,GE HealthCare,2023-02-11
CT-202,CT,Lakeview Medical Center,2018-02-14,2022-11-02,10.27,5.12,GE HealthCare,2023-02-11
CT-202,CT,Lakeview Medical Center,2018-02-14,2022-11-03,11.42,5.12,GE HealthCare,2023-02-11
CT-202,CT,Lakeview Medical Center,2018-02-14,2022-11-04,10.28,5.12,GE HealthCare,2023-02-11
CT-202,CT,Lakeview Medical Center,2018-02-14,2022-11-05,6.73,5.12,GE HealthCare,2023-02-11
CT-202,CT,Lakeview Medical Center,2018-02-14,2022-11-06,3.67,5.12,GE HealthCare,2023-02-11
CT-202,CT,Lakeview Medical Center,2018-02-14,2022-11-07,11.63,5.12,GE HealthCare,2023-02-11
CT-202,CT,Lakeview Medical Center,2018-02-14,2022-11-08,10.37,5.12,GE HealthCare,2023-02-11
CT-202,CT,Lakeview Medical Center,2018-02-14,2022-11-09,9.43,5.12,GE HealthCare,2023-02-11
CT-202,CT,Lakeview Medical Center,2018-02-14,2022-11-10,9.6,5.12,GE HealthCare,2023-02-11
CT-202,CT,Lakeview Medical Center,2018-02-14,2022-11-11,10.37,5.12,GE HealthCare,2023-02-11
CT-202,CT,Lakeview Medical Center,2018-02-14,2022-11-12,5.38,5.12,GE HealthCare,2023-02-11
CT-202,CT,Lakeview Medical Center,2018-02-14,2022-11-13,4.17,5.12,GE HealthCare,2023-02-11
CT-202,CT,Lakeview Medical Center,2018-02-14,2022-11-14,10.43,5.12,GE HealthCare,2023-02-11
CT-202,CT,Lakeview Medical Center,2018-02-14,2022-11-15,12.98,5.12,GE HealthCare,2023-02-11
CT-202,CT,Lakeview Medical Center,2018-02-14,2022-11-16,9.28,5.12,GE HealthCare,2023-02-11
CT-202,CT,Lakeview Medical Center,2018-02-14,2022-11-17,11.03,5.12,GE HealthCare,2023-02-11
CT-202,CT,Lakeview Medical Center,2018-02-14,2022-11-18,9.83,5.12,GE HealthCare,2023-02-11
CT-202,CT,Lakeview Medical Center,2018-02-14,2022-11-19,6.06,5.12,GE HealthCare,2023-02-11
CT-202,CT,Lakeview Medical Center,2018-02-14,2022-11-20,3.92,5.12,GE HealthCare,2023-02-11
CT-202,CT,Lakeview Medical Center,2018-02-14,2022-11-21,8.75,5.12,GE HealthCare,2023-02-11
CT-202,CT,Lakeview Medical Center,2018-02-14,2022-11-22,11.06,5.12,GE HealthCare,2023-02-11
CT-202,CT,Lakeview Medical Center,2018-02-14,2022-11-23,12.56,5.12,GE HealthCare,2023-02-11
CT-202,CT,Lakeview Medical Center,2018-02-14,2022-11-24,10.44,5.12,GE HealthCare,2023-02-11
CT-202,CT,Lakeview Medical Center,2018-02-14,2022-11-25,11.08,5.12,GE HealthCare,2023-02-11
CT-202,CT,Lakeview Medical Center,2018-02-14,2022-11-26,7.43,5.12,GE HealthCare,2023-02-11
CT-202,CT,Lakeview Medical Center,2018-02-14,2022-11-27,3.65,5.12,GE HealthCare,2023-02-11
CT-202,CT,Lakeview Medical Center,2018-02-14,2022-11-28,10.32,5.12,GE HealthCare,2023-02-11
CT-202,CT,Lakeview Medical Center,2018-02-14,2022-11-29,8.8,5.12,GE HealthCare,2023-02-11
CT-202,CT,Lakeview Medical Center,2018-02-14,2022-11-30,11.42,5.12,GE HealthCare,2023-02-11
CT-202,CT,Lakeview Medical Center,2018-02-14,2022-12-01,10.74,5.12,GE HealthCare,2023-02-11
CT-202,CT,Lakeview Medical Center,2018-02-14,2022-12-02,9.93,5.12,GE HealthCare,2023-02-11
CT-202,CT,Lakeview Medical Center,2018-02-14,2022-12-03,6.62,5.12,GE HealthCare,2023-02-11
CT-202,CT,Lakeview Medical Center,2018-02-14,2022-12-04,3.27,5.12,GE HealthCare,2023-02-11
CT-202,CT,Lakeview Medical Center,2018-02-14,2022-12-05,10.37,5.12,GE HealthCare,2023-02-11
CT-202,CT,Lakeview Medical Center,2018-02-14,2022-12-06,11.39,5.12,GE HealthCare,2023-02-11
CT-202,CT,Lakeview Medical Center,2018-02-14,2022-12-07,9.64,5.12,GE HealthCare,2023-02-11
CT-202,CT,Lakeview Medical Center,2018-02-14,2022-12-08,11.79,5.12,GE HealthCare,2023-02-11
CT-202,CT,Lakeview Medical Center,2018-02-14,2022-12-09,9.59,5.12,GE HealthCare,2023-02-11
CT-202,CT,Lakeview Medical Center,2018-02-14,2022-12-10,5.91,5.12,GE HealthCare,2023-02-11
CT-202,CT,Lakeview Medical Center,2018-02-14,2022-12-11,5.53,5.12,GE HealthCare,2023-02-11
CT-202,CT,Lakeview Medical Center,2018-02-14,2022-12-12,11.86,5.12,GE HealthCare,2023-02-11
CT-202,CT,Lakeview Medical Center,2018-02-14,2022-12-13,10.93,5.12,GE HealthCare,2023-02-11
CT-202,CT,Lakeview Medical Center,2018-02-14,2022-12-14,10.0,5.12,GE HealthCare,2023-02-11
CT-202,CT,Lakeview Medical Center,2018-02-14,2022-12-15,10.37,5.12,GE HealthCare,2023-02-11
CT-202,CT,Lakeview Medical Center,2018-02-14,2022-12-16,10.91,5.12,GE HealthCare,2023-02-11
CT-202,CT,Lakeview Medical Center,2018-02-14,2022-12-17,6.54,5.12,GE HealthCare,2023-02-11
CT-202,CT,Lakeview Medical Center,2018-02-14,2022-12-18,3.71,5.12,GE HealthCare,2023-02-11
CT-202,CT,Lakeview Medical Center,2018-02-14,2022-12-19,10.82,5.12,GE HealthCare,2023-02-11
CT-202,CT,Lakeview Medical Center,2018-02-14,2022-12-20,10.65,5.12,GE HealthCare,2023-02-11
CT-202,CT,Lakeview Medical Center,2018-02-14,2022-12-21,9.55,5.12,GE HealthCare,2023-02-11
CT-202,CT,Lakeview Medical Center,2018-02-14,2022-12-22,10.38,5.12,GE HealthCare,2023-02-11
CT-202,CT,Lakeview Medical Center,2018-02-14,2022-12-23,11.67,5.12,GE HealthCare,2023-02-11
CT-202,CT,Lakeview Medical Center,2018-02-14,2022-12-24,5.28,5.12,GE HealthCare,2023-02-11
CT-202,CT,Lakeview Medical Center,2018-02-14,2022-12-25,3.63,5.12,GE HealthCare,2023-02-11
CT-202,CT,Lakeview Medical Center,2018-02-14,2022-12-26,10.11,5.12,GE HealthCare,2023-02-11
CT-202,CT,Lakeview Medical Center,2018-02-14,2022-12-27,10.95,5.12,GE HealthCare,2023-02-11
CT-202,CT,Lakeview Medical Center,2018-02-14,2022-12-28,10.5,5.12,GE HealthCare,2023-02-11
CT-202,CT,Lakeview Medical Center,2018-02-14,2022-12-29,12.18,5.12,GE HealthCare,2023-02-11
CT-202,CT,Lakeview Medical Center,2018-02-14,2022-12-30,11.3,5.12,GE HealthCare,2023-02-11
CT-202,CT,Lakeview Medical Center,2018-02-14,2022-12-31,5.33,5.12,GE HealthCare,2023-02-11
CT-202,CT,Lakeview Medical Center,2018-02-14,2023-01-01,4.4,5.12,GE HealthCare,2023-02-11
CT-202,CT,Lakeview Medical Center,2018-02-14,2023-01-02,10.15,5.12,GE HealthCare,2023-02-11
CT-202,CT,Lakeview Medical Center,2018-02-14,2023-01-03,10.33,5.12,GE HealthCare,2023-02-11
CT-202,CT,Lakeview Medical Center,2018-02-14,2023-01-04,11.13,5.12,GE HealthCare,2023-02-11
CT-202,CT,Lakeview Medical Center,2018-02-14,2023-01-05,10.4,5.12,GE HealthCare,2023-02-11
CT-202,CT,Lakeview Medical Center,2018-02-14,2023-01-06,11.65,5.12,GE HealthCare,2023-02-11
CT-202,CT,Lakeview Medical Center,2018-02-14,2023-01-07,5.81,5.12,GE HealthCare,2023-02-11
CT-202,CT,Lakeview Medical Center,2018-02-14,2023-01-08,3.24,5.12,GE HealthCare,2023-02-11
CT-202,CT,Lakeview Medical Center,2018-02-14,2023-01-09,10.26,5.12,GE HealthCare,2023-02-11
CT-202,CT,Lakeview Medical Center,2018-02-14,2023-01-10,10.34,5.12,GE HealthCare,2023-02-11
CT-202,CT,Lakeview Medical Center,2018-02-14,2023-01-11,11.84,5.12,GE HealthCare,2023-02-11
CT-202,CT,Lakeview Medical Center,2018-02-14,2023-01-12,11.41,5.12,GE HealthCare,2023-02-11
CT-202,CT,Lakeview Medical Center,2018-02-14,2023-01-13,12.39,5.12,GE HealthCare,2023-02-11
CT-202,CT,Lakeview Medical Center,2018-02-14,2023-01-14,8.55,5.12,GE HealthCare,2023-02-11
CT-202,CT,Lakeview Medical Center,2018-02-14,2023-01-15,2.87,5.12,GE HealthCare,2023-02-11
CT-202,CT,Lakeview Medical Center,2018-02-14,2023-01-16,10.91,5.12,GE HealthCare,2023-02-11
CT-202,CT,Lakeview Medical Center,2018-02-14,2023-01-17,9.79,5.12,GE HealthCare,2023-02-11
CT-202,CT,Lakeview Medical Center,2018-02-14,2023-01-18,10.15,5.12,GE HealthCare,2023-02-11
CT-202,CT,Lakeview Medical Center,2018-02-14,2023-01-19,10.28,5.12,GE HealthCare,2023-02-11
CT-202,CT,Lakeview Medical Center,2018-02-14,2023-01-20,9.89,5.12,GE HealthCare,2023-02-11
CT-202,CT,Lakeview Medical Center,2018-02-14,2023-01-21,5.56,5.12,GE HealthCare,2023-02-11
CT-202,CT,Lakeview Medical Center,2018-02-14,2023-01-22,3.67,5.12,GE HealthCare,2023-02-11
CT-202,CT,Lakeview Medical Center,2018-02-14,2023-01-23,9.75,5.12,GE HealthCare,2023-02-11
CT-202,CT,Lakeview Medical Center,2018-02-14,2023-01-24,11.6,5.12,GE HealthCare,2023-02-11
CT-202,CT,Lakeview Medical Center,2018-02-14,2023-01-25,10.02,5.12,GE HealthCare,2023-02-11
CT-202,CT,Lakeview Medical Center,2018-02-14,2023-01-26,13.38,5.12,GE HealthCare,2023-02-11
CT-202,CT,Lakeview Medical Center,2018-02-14,2023-01-27,10.44,5.12,GE HealthCare,2023-02-11
CT-202,CT,Lakeview Medical Center,2018-02-14,2023-01-28,6.57,5.12,GE HealthCare,2023-02-11
CT-202,CT,Lakeview Medical Center,2018-02-14,2023-01-29,2.63,5.12,GE HealthCare,2023-02-11
CT-202,CT,Lakeview Medical Center,2018-02-14,2023-01-30,12.38,5.12,GE HealthCare,2023-02-11
CT-202,CT,Lakeview Medical Center,2018-02-14,2023-01-31,11.85,5.12,GE HealthCare,2023-02-11
CT-202,CT,Lakeview Medical Center,2018-02-14,2023-02-01,11.11,5.12,GE HealthCare,2023-02-11
CT-202,CT,Lakeview Medical Center,2018-02-14,2023-02-02,9.63,5.12,GE HealthCare,2023-02-11
CT-202,CT,Lakeview Medical Center,2018-02-14,2023-02-03,11.04,5.12,GE HealthCare,2023-02-11
CT-202,CT,Lakeview Medical Center,2018-02-14,2023-02-04,5.5,5.12,GE HealthCare,2023-02-11
CT-202,CT,Lakeview Medical Center,2018-02-14,2023-02-05,5.11,5.12,GE HealthCare,2023-02-11
CT-202,CT,Lakeview Medical Center,2018-02-14,2023-02-06,11.57,5.12,GE HealthCare,2023-02-11
CT-202,CT,Lakeview Medical Center,2018-02-14,2023-02-07,10.93,5.12,GE HealthCare,2023-02-11
CT-202,CT,Lakeview Medical Center,2018-02-14,2023-02-08,8.65,5.12,GE HealthCare,2023-02-11
CT-202,CT,Lakeview Medical Center,2018-02-14,2023-02-09,9.96,5.12,GE HealthCare,2023-02-11
CT-202,CT,Lakeview Medical Center,2018-02-14,2023-02-10,11.47,5.12,GE HealthCare,2023-02-11
CT-202,CT,Lakeview Medical Center,2018-02-14,2023-02-11,7.6,5.12,GE HealthCare,2023-02-11
CT-202,CT,Lakeview Medical Center,2018-02-14,2023-02-12,4.79,5.12,GE HealthCare,2023-02-11
CT-202,CT,Lakeview Medical Center,2018-02-14,2023-02-13,9.41,5.12,GE HealthCare,2023-02-11
CT-202,CT,Lakeview Medical Center,2018-02-14,2023-02-14,11.12,5.12,GE HealthCare,2023-02-11
CT-202,CT,Lakeview Medical Center,2018-02-14,2023-02-15,11.76,5.12,GE HealthCare,2023-02-11
CT-202,CT,Lakeview Medical Center,2018-02-14,2023-02-16,9.35,5.12,GE HealthCare,2023-02-11
CT-202,CT,Lakeview Medical Center,2018-02-14,2023-02-17,10.84,5.12,GE HealthCare,2023-02-11
CT-202,CT,Lakeview Medical Center,2018-02-14,2023-02-18,6.75,5.12,GE HealthCare,2023-02-11
CT-202,CT,Lakeview Medical Center,2018-02-14,2023-02-19,3.53,5.12,GE HealthCare,2023-02-11
CT-202,CT,Lakeview Medical Center,2018-02-14,2023-02-20,9.18,5.12,GE HealthCare,2023-02-11
CT-202,CT,Lakeview Medical Center,2018-02-14,2023-02-21,10.55,5.12,GE HealthCare,2023-02-11
CT-202,CT,Lakeview Medical Center,2018-02-14,2023-02-22,10.55,5.12,GE HealthCare,2023-02-11
CT-202,CT,Lakeview Medical Center,2018-02-14,2023-02-23,10.71,5.12,GE HealthCare,2023-02-11
CT-202,CT,Lakeview Medical Center,2018-02-14,2023-02-24,10.34,5.12,GE HealthCare,2023-02-11
CT-202,CT,Lakeview Medical Center,2018-02-14,2023-02-25,6.11,5.12,GE HealthCare,2023-02-11
CT-202,CT,Lakeview Medical Center,2018-02-14,2023-02-26,3.76,5.12,GE HealthCare,2023-02-11
CT-202,CT,Lakeview Medical Center,2018-02-14,2023-02-27,11.24,5.12,GE HealthCare,2023-02-11
CT-202,CT,Lakeview Medical Center,2018-02-14,2023-02-28,10.57,5.12,GE HealthCare,2023-02-11
CT-202,CT,Lakeview Medical Center,2018-02-14,2023-03-01,10.48,5.12,GE HealthCare,2023-02-11
CT-202,CT,Lakeview Medical Center,2018-02-14,2023-03-02,10.93,5.12,GE HealthCare,2023-02-11
CT-202,CT,Lakeview Medical Center,2018-02-14,2023-03-03,9.12,5.12,GE HealthCare,2023-02-11
CT-202,CT,Lakeview Medical Center,2018-02-14,2023-03-04,6.94,5.12,GE HealthCare,2023-02-11
CT-202,CT,Lakeview Medical Center,2018-02-14,2023-03-05,3.8,5.12,GE HealthCare,2023-02-11
CT-202,CT,Lakeview Medical Center,2018-02-14,2023-03-06,10.88,5.12,GE HealthCare,2023-02-11
CT-202,CT,Lakeview Medical Center,2018-02-14,2023-03-07,11.71,5.12,GE HealthCare,2023-02-11
CT-202,CT,Lakeview Medical Center,2018-02-14,2023-03-08,9.09,5.12,GE HealthCare,2023-02-11
CT-202,CT,Lakeview Medical Center,2018-02-14,2023-03-09,9.07,5.12,GE HealthCare,2023-02-11
CT-202,CT,Lakeview Medical Center,2018-02-14,2023-03-10,11.09,5.12,GE HealthCare,2023-02-11
CT-202,CT,Lakeview Medical Center,2018-02-14,2023-03-11,6.5,5.12,GE HealthCare,2023-02-11
CT-202,CT,Lakeview Medical Center,2018-02-14,2023-03-12,3.95,5.12,GE HealthCare,2023-02-11
CT-202,CT,Lakeview Medical Center,2018-02-14,2023-03-13,10.43,5.12,GE HealthCare,2023-02-11
CT-202,CT,Lakeview Medical Center,2018-02-14,2023-03-14,11.44,5.12,GE HealthCare,2023-02-11
CT-202,CT,Lakeview Medical Center,2018-02-14,2023-03-15,11.69,5.12,GE HealthCare,2023-02-11
CT-202,CT,Lakeview Medical Center,2018-02-14,2023-03-16,11.28,5.12,GE HealthCare,2023-02-11
CT-202,CT,Lakeview Medical Center,2018-02-14,2023-03-17,10.61,5.12,GE HealthCare,2023-02-11
CT-202,CT,Lakeview Medical Center,2018-02-14,2023-03-18,4.61,5.12,GE HealthCare,2023-02-11
CT-202,CT,Lakeview Medical Center,2018-02-14,2023-03-19,4.49,5.12,GE HealthCare,2023-02-11
CT-202,CT,Lakeview Medical Center,2018-02-14,2023-03-20,11.95,5.12,GE HealthCare,2023-02-11
CT-202,CT,Lakeview Medical Center,2018-02-14,2023-03-21,11.43,5.12,GE HealthCare,2023-02-11
CT-202,CT,Lakeview Medical Center,2018-02-14,2023-03-22,10.05,5.12,GE HealthCare,2023-02-11
CT-202,CT,Lakeview Medical Center,2018-02-14,2023-03-23,11.45,5.12,GE HealthCare,2023-02-11
CT-202,CT,Lakeview Medical Center,2018-02-14,2023-03-24,11.62,5.12,GE HealthCare,2023-02-11
CT-202,CT,Lakeview Medical Center,2018-02-14,2023-03-25,7.91,5.12,GE HealthCare,2023-02-11
CT-202,CT,Lakeview Medical Center,2018-02-14,2023-03-26,3.01,5.12,GE HealthCare,2023-02-11
CT-202,CT,Lakeview Medical Center,2018-02-14,2023-03-27,10.64,5.12,GE HealthCare,2023-02-11
CT-202,CT,Lakeview Medical Center,2018-02-14,2023-03-28,11.52,5.12,GE HealthCare,2023-02-11
CT-202,CT,Lakeview Medical Center,2018-02-14,2023-03-29,10.9,5.12,GE HealthCare,2023-02-11
CT-202,CT,Lakeview Medical Center,2018-02-14,2023-03-30,9.84,5.12,GE HealthCare,2023-02-11
CT-202,CT,Lakeview Medical Center,2018-02-14,2023-03-31,11.22,5.12,GE HealthCare,2023-02-11
CT-203,CT,St. Anne's Hospital,2022-04-03,2022-04-03,4.36,0.99,Philips,2023-01-13
CT-203,CT,St. Anne's Hospital,2022-04-03,2022-04-04,11.05,0.99,Philips,2023-01-13
CT-203,CT,St. Anne's Hospital,2022-04-03,2022-04-05,11.17,0.99,Philips,2023-01-13
CT-203,CT,St. Anne's Hospital,2022-04-03,2022-04-06,10.74,0.99,Philips,2023-01-13
CT-203,CT,St. Anne's Hospital,2022-04-03,2022-04-07,12.3,0.99,Philips,2023-01-13
CT-203,CT,St. Anne's Hospital,2022-04-03,2022-04-08,10.16,0.99,Philips,2023-01-13
CT-203,CT,St. Anne's Hospital,2022-04-03,2022-04-09,6.05,0.99,Philips,2023-01-13
CT-203,CT,St. Anne's Hospital,2022-04-03,2022-04-10,3.85,0.99,Philips,2023-01-13
CT-203,CT,St. Anne's Hospital,2022-04-03,2022-04-11,11.76,0.99,Philips,2023-01-13
CT-203,CT,St. Anne's Hospital,2022-04-03,2022-04-12,9.62,0.99,Philips,2023-01-13
CT-203,CT,St. Anne's Hospital,2022-04-03,2022-04-13,9.79,0.99,Philips,2023-01-13
CT-203,CT,St. Anne's Hospital,2022-04-03,2022-04-14,9.14,0.99,Philips,2023-01-13
CT-203,CT,St. Anne's Hospital,2022-04-03,2022-04-15,11.0,0.99,Philips,2023-01-13
CT-203,CT,St. Anne's Hospital,2022-04-03,2022-04-16,5.58,0.99,Philips,2023-01-13
CT-203,CT,St. Anne's Hospital,2022-04-03,2022-04-17,3.49,0.99,Philips,2023-01-13
CT-203,CT,St. Anne's Hospital,2022-04-03,2022-04-18,11.57,0.99,Philips,2023-01-13
CT-203,CT,St. Anne's Hospital,2022-04-03,2022-04-19,10.39,0.99,Philips,2023-01-13
CT-203,CT,St. Anne's Hospital,2022-04-03,2022-04-20,11.18,0.99,Philips,2023-01-13
CT-203,CT,St. Anne's Hospital,2022-04-03,2022-04-21,10.7,0.99,Philips,2023-01-13
CT-203,CT,St. Anne's Hospital,2022-04-03,2022-04-22,11.58,0.99,Philips,2023-01-13
CT-203,CT,St. Anne's Hospital,2022-04-03,2022-04-23,7.01,0.99,Philips,2023-01-13
CT-203,CT,St. Anne's Hospital,2022-04-03,2022-04-24,3.22,0.99,Philips,2023-01-13
CT-203,CT,St. Anne's Hospital,2022-04-03,2022-04-25,10.82,0.99,Philips,2023-01-13
CT-203,CT,St. Anne's Hospital,2022-04-03,2022-04-26,11.91,0.99,Philips,2023-01-13
CT-203,CT,St. Anne's Hospital,2022-04-03,2022-04-27,11.32,0.99,Philips,2023-01-13
CT-203,CT,St. Anne's Hospital,2022-04-03,2022-04-28,9.71,0.99,Philips,2023-01-13
CT-203,CT,St. Anne's Hospital,2022-04-03,2022-04-29,11.56,0.99,Philips,2023-01-13
CT-203,CT,St. Anne's Hospital,2022-04-03,2022-04-30,5.61,0.99,Philips,2023-01-13
CT-203,CT,St. Anne's Hospital,2022-04-03,2022-05-01,5.11,0.99,Philips,2023-01-13
CT-203,CT,St. Anne's Hospital,2022-04-03,2022-05-02,11.89,0.99,Philips,2023-01-13
CT-203,CT,St. Anne's Hospital,2022-04-03,2022-05-03,11.23,0.99,Philips,2023-01-13
CT-203,CT,St. Anne's Hospital,2022-04-03,2022-05-04,11.11,0.99,Philips,2023-01-13
CT-203,CT,St. Anne's Hospital,2022-04-03,2022-05-05,10.78,0.99,Philips,2023-01-13
CT-203,CT,St. Anne's Hospital,2022-04-03,2022-05-06,11.58,0.99,Philips,2023-01-13
CT-203,CT,St. Anne's Hospital,2022-04-03,2022-05-07,6.25,0.99,Philips,2023-01-13
CT-203,CT,St. Anne's Hospital,2022-04-03,2022-05-08,4.05,0.99,Philips,2023-01-13
CT-203,CT,St. Anne's Hospital,2022-04-03,2022-05-09,11.76,0.99,Philips,2023-01-13
CT-203,CT,St. Anne's Hospital,2022-04-03,2022-05-10,10.46,0.99,Philips,2023-01-13
CT-203,CT,St. Anne's Hospital,2022-04-03,2022-05-11,10.42,0.99,Philips,2023-01-13
CT-203,CT,St. Anne's Hospital,2022-04-03,2022-05-12,9.9,0.99,Philips,2023-01-13
CT-203,CT,St. Anne's Hospital,2022-04-03,2022-05-13,10.01,0.99,Philips,2023-01-13
CT-203,CT,St. Anne's Hospital,2022-04-03,2022-05-14,4.94,0.99,Philips,2023-01-13
CT-203,CT,St. Anne's Hospital,2022-04-03,2022-05-15,4.5,0.99,Philips,2023-01-13
CT-203,CT,St. Anne's Hospital,2022-04-03,2022-05-16,12.6,0.99,Philips,2023-01-13
CT-203,CT,St. Anne's Hospital,2022-04-03,2022-05-17,12.25,0.99,Philips,2023-01-13
CT-203,CT,St. Anne's Hospital,2022-04-03,2022-05-18,9.51,0.99,Philips,2023-01-13
CT-203,CT,St. Anne's Hospital,2022-04-03,2022-05-19,11.62,0.99,Philips,2023-01-13
CT-203,CT,St. Anne's Hospital,2022-04-03,2022-05-20,12.25,0.99,Philips,2023-01-13
CT-203,CT,St. Anne's Hospital,2022-04-03,2022-05-21,6.17,0.99,Philips,2023-01-13
CT-203,CT,St. Anne's Hospital,2022-04-03,2022-05-22,3.93,0.99,Philips,2023-01-13
CT-203,CT,St. Anne's Hospital,2022-04-03,2022-05-23,9.16,0.99,Philips,2023-01-13
CT-203,CT,St. Anne's Hospital,2022-04-03,2022-05-24,11.21,0.99,Philips,2023-01-13
CT-203,CT,St. Anne's Hospital,2022-04-03,2022-05-25,10.01,0.99,Philips,2023-01-13
CT-203,CT,St. Anne's Hospital,2022-04-03,2022-05-26,11.15,0.99,Philips,2023-01-13
CT-203,CT,St. Anne's Hospital,2022-04-03,2022-05-27,9.57,0.99,Philips,2023-01-13
CT-203,CT,St. Anne's Hospital,2022-04-03,2022-05-28,7.07,0.99,Philips,2023-01-13
CT-203,CT,St. Anne's Hospital,2022-04-03,2022-05-29,4.76,0.99,Philips,2023-01-13
CT-203,CT,St. Anne's Hospital,2022-04-03,2022-05-30,10.27,0.99,Philips,2023-01-13
CT-203,CT,St. Anne's Hospital,2022-04-03,2022-05-31,9.95,0.99,Philips,2023-01-13
CT-203,CT,St. Anne's Hospital,2022-04-03,2022-06-01,9.03,0.99,Philips,2023-01-13
CT-203,CT,St. Anne's Hospital,2022-04-03,2022-06-02,10.73,0.99,Philips,2023-01-13
CT-203,CT,St. Anne's Hospital,2022-04-03,2022-06-03,10.45,0.99,Philips,2023-01-13
CT-203,CT,St. Anne's Hospital,2022-04-03,2022-06-04,5.19,0.99,Philips,2023-01-13
CT-203,CT,St. Anne's Hospital,2022-04-03,2022-06-05,4.25,0.99,Philips,2023-01-13
CT-203,CT,St. Anne's Hospital,2022-04-03,2022-06-06,10.57,0.99,Philips,2023-01-13
CT-203,CT,St. Anne's Hospital,2022-04-03,2022-06-07,10.0,0.99,Philips,2023-01-13
CT-203,CT,St. Anne's Hospital,2022-04-03,2022-06-08,10.47,0.99,Philips,2023-01-13
CT-203,CT,St. Anne's Hospital,2022-04-03,2022-06-09,11.93,0.99,Philips,2023-01-13
CT-203,CT,St. Anne's Hospital,2022-04-03,2022-06-10,11.51,0.99,Philips,2023-01-13
CT-203,CT,St. Anne's Hospital,2022-04-03,2022-06-11,6.47,0.99,Philips,2023-01-13
CT-203,CT,St. Anne's Hospital,2022-04-03,2022-06-12,4.4,0.99,Philips,2023-01-13
CT-203,CT,St. Anne's Hospital,2022-04-03,2022-06-13,9.93,0.99,Philips,2023-01-13
CT-203,CT,St. Anne's Hospital,2022-04-03,2022-06-14,11.0,0.99,Philips,2023-01-13
CT-203,CT,St. Anne's Hospital,2022-04-03,2022-06-15,11.1,0.99,Philips,2023-01-13
CT-203,CT,St. Anne's Hospital,2022-04-03,2022-06-16,10.55,0.99,Philips,2023-01-13
CT-203,CT,St. Anne's Hospital,2022-04-03,2022-06-17,11.36,0.99,Philips,2023-01-13
CT-203,CT,St. Anne's Hospital,2022-04-03,2022-06-18,5.88,0.99,Philips,2023-01-13
CT-203,CT,St. Anne's Hospital,2022-04-03,2022-06-19,4.3,0.99,Philips,2023-01-13
CT-203,CT,St. Anne's Hospital,2022-04-03,2022-06-20,11.47,0.99,Philips,2023-01-13
CT-203,CT,St. Anne's Hospital,2022-04-03,2022-06-21,8.34,0.99,Philips,2023-01-13
CT-203,CT,St. Anne's Hospital,2022-04-03,2022-06-22,12.04,0.99,Philips,2023-01-13
CT-203,CT,St. Anne's Hospital,2022-04-03,2022-06-23,8.23,0.99,Philips,2023-01-13
CT-203,CT,St. Anne's Hospital,2022-04-03,2022-06-24,10.42,0.99,Philips,2023-01-13
CT-203,CT,St. Anne's Hospital,2022-04-03,2022-06-25,7.5,0.99,Philips,2023-01-13
CT-203,CT,St. Anne's Hospital,2022-04-03,2022-06-26,3.55,0.99,Philips,2023-01-13
CT-203,CT,St. Anne's Hospital,2022-04-03,2022-06-27,9.65,0.99,Philips,2023-01-13
CT-203,CT,St. Anne's Hospital,2022-04-03,2022-06-28,9.99,0.99,Philips,2023-01-13
CT-203,CT,St. Anne's Hospital,2022-04-03,2022-06-29,11.89,0.99,Philips,2023-01-13
CT-203,CT,St. Anne's Hospital,2022-04-03,2022-06-30,9.24,0.99,Philips,2023-01-13
CT-203,CT,St. Anne's Hospital,2022-04-03,2022-07-01,11.99,0.99,Philips,2023-01-13
CT-203,CT,St. Anne's Hospital,2022-04-03,2022-07-02,6.53,0.99,Philips,2023-01-13
CT-203,CT,St. Anne's Hospital,2022-04-03,2022-07-03,2.77,0.99,Philips,2023-01-13
CT-203,CT,St. Anne's Hospital,2022-04-03,2022-07-04,10.45,0.99,Philips,2023-01-13
CT-203,CT,St. Anne's Hospital,2022-04-03,2022-07-05,10.05,0.99,Philips,2023-01-13
CT-203,CT,St. Anne's Hospital,2022-04-03,2022-07-06,11.75,0.99,Philips,2023-01-13
CT-203,CT,St. Anne's Hospital,2022-04-03,2022-07-07,11.63,0.99,Philips,2023-01-13
CT-203,CT,St. Anne's Hospital,2022-04-03,2022-07-08,9.42,0.99,Philips,2023-01-13
CT-203,CT,St. Anne's Hospital,2022-04-03,2022-07-09,6.22,0.99,Philips,2023-01-13
CT-203,CT,St. Anne's Hospital,2022-04-03,2022-07-10,3.06,0.99,Philips,2023-01-13
CT-203,CT,St. Anne's Hospital,2022-04-03,2022-07-11,12.13,0.99,Philips,2023-01-13
CT-203,CT,St. Anne's Hospital,2022-04-03,2022-07-12,9.76,0.99,Philips,2023-01-13
CT-203,CT,St. Anne's Hospital,2022-04-03,2022-07-13,12.41,0.99,Philips,2023-01-13
CT-203,CT,St. Anne's Hospital,2022-04-03,2022-07-14,10.94,0.99,Philips,2023-01-13
CT-203,CT,St. Anne's Hospital,2022-04-03,2022-07-15,9.92,0.99,Philips,2023-01-13
CT-203,CT,St. Anne's Hospital,2022-04-03,2022-07-16,5.97,0.99,Philips,2023-01-13
CT-203,CT,St. Anne's Hospital,2022-04-03,2022-07-17,3.12,0.99,Philips,2023-01-13
CT-203,CT,St. Anne's Hospital,2022-04-03,2022-07-18,9.82,0.99,Philips,2023-01-13
CT-203,CT,St. Anne's Hospital,2022-04-03,2022-07-19,11.06,0.99,Philips,2023-01-13
CT-203,CT,St. Anne's Hospital,2022-04-03,2022-07-20,9.87,0.99,Philips,2023-01-13
CT-203,CT,St. Anne's Hospital,2022-04-03,2022-07-21,9.01,0.99,Philips,2023-01-13
CT-203,CT,St. Anne's Hospital,2022-04-03,2022-07-22,10.63,0.99,Philips,2023-01-13
CT-203,CT,St. Anne's Hospital,2022-04-03,2022-07-23,4.96,0.99,Philips,2023-01-13
CT-203,CT,St. Anne's Hospital,2022-04-03,2022-07-24,3.16,0.99,Philips,2023-01-13
CT-203,CT,St. Anne's Hospital,2022-04-03,2022-07-25,10.15,0.99,Philips,2023-01-13
CT-203,CT,St. Anne's Hospital,2022-04-03,2022-07-26,10.19,0.99,Philips,2023-01-13
CT-203,CT,St. Anne's Hospital,2022-04-03,2022-07-27,12.77,0.99,Philips,2023-01-13
CT-203,CT,St. Anne's Hospital,2022-04-03,2022-07-28,11.02,0.99,Philips,2023-01-13
CT-203,CT,St. Anne's Hospital,2022-04-03,2022-07-29,11.19,0.99,Philips,2023-01-13
CT-203,CT,St. Anne's Hospital,2022-04-03,2022-07-30,4.98,0.99,Philips,2023-01-13
CT-203,CT,St. Anne's Hospital,2022-04-03,2022-07-31,3.25,0.99,Philips,2023-01-13
CT-203,CT,St. Anne's Hospital,2022-04-03,2022-08-01,11.16,0.99,Philips,2023-01-13
CT-203,CT,St. Anne's Hospital,2022-04-03,2022-08-02,10.05,0.99,Philips,2023-01-13
CT-203,CT,St. Anne's Hospital,2022-04-03,2022-08-03,11.79,0.99,Philips,2023-01-13
CT-203,CT,St. Anne's Hospital,2022-04-03,2022-08-04,9.89,0.99,Philips,2023-01-13
CT-203,CT,St. Anne's Hospital,2022-04-03,2022-08-05,10.71,0.99,Philips,2023-01-13
CT-203,CT,St. Anne's Hospital,2022-04-03,2022-08-06,6.05,0.99,Philips,2023-01-13
CT-203,CT,St. Anne's Hospital,2022-04-03,2022-08-07,3.99,0.99,Philips,2023-01-13
CT-203,CT,St. Anne's Hospital,2022-04-03,2022-08-08,10.39,0.99,Philips,2023-01-13
CT-203,CT,St. Anne's Hospital,2022-04-03,2022-08-09,10.73,0.99,Philips,2023-01-13
CT-203,CT,St. Anne's Hospital,2022-04-03,2022-08-10,10.76,0.99,Philips,2023-01-13
CT-203,CT,St. Anne's Hospital,2022-04-03,2022-08-11,10.31,0.99,Philips,2023-01-13
CT-203,CT,St. Anne's Hospital,2022-04-03,2022-08-12,11.41,0.99,Philips,2023-01-13
CT-203,CT,St. Anne's Hospital,2022-04-03,2022-08-13,6.8,0.99,Philips,2023-01-13
CT-203,CT,St. Anne's Hospital,2022-04-03,2022-08-14,3.76,0.99,Philips,2023-01-13
CT-203,CT,St. Anne's Hospital,2022-04-03,2022-08-15,10.58,0.99,Philips,2023-01-13
CT-203,CT,St. Anne's Hospital,2022-04-03,2022-08-16,11.69,0.99,Philips,2023-01-13
CT-203,CT,St. Anne's Hospital,2022-04-03,2022-08-17,10.76,0.99,Philips,2023-01-13
CT-203,CT,St. Anne's Hospital,2022-04-03,2022-08-18,10.69,0.99,Philips,2023-01-13
CT-203,CT,St. Anne's Hospital,2022-04-03,2022-08-19,11.06,0.99,Philips,2023-01-13
CT-203,CT,St. Anne's Hospital,2022-04-03,2022-08-20,8.11,0.99,Philips,2023-01-13
CT-203,CT,St. Anne's Hospital,2022-04-03,2022-08-21,2.63,0.99,Philips,2023-01-13
CT-203,CT,St. Anne's Hospital,2022-04-03,2022-08-22,11.66,0.99,Philips,2023-01-13
CT-203,CT,St. Anne's Hospital,2022-04-03,2022-08-23,9.27,0.99,Philips,2023-01-13
CT-203,CT,St. Anne's Hospital,2022-04-03,2022-08-24,11.17,0.99,Philips,2023-01-13
CT-203,CT,St. Anne's Hospital,2022-04-03,2022-08-25,12.39,0.99,Philips,2023-01-13
CT-203,CT,St. Anne's Hospital,2022-04-03,2022-08-26,11.41,0.99,Philips,2023-01-13
CT-203,CT,St. Anne's Hospital,2022-04-03,2022-08-27,6.74,0.99,Philips,2023-01-13
CT-203,CT,St. Anne's Hospital,2022-04-03,2022-08-28,3.34,0.99,Philips,2023-01-13
CT-203,CT,St. Anne's Hospital,2022-04-03,2022-08-29,11.0,0.99,Philips,2023-01-13
CT-203,CT,St. Anne's Hospital,2022-04-03,2022-08-30,10.74,0.99,Philips,2023-01-13
CT-203,CT,St. Anne's Hospital,2022-04-03,2022-08-31,10.26,0.99,Philips,2023-01-13
CT-203,CT,St. Anne's Hospital,2022-04-03,2022-09-01,10.71,0.99,Philips,2023-01-13
CT-203,CT,St. Anne's Hospital,2022-04-03,2022-09-02,11.15,0.99,Philips,2023-01-13
CT-203,CT,St. Anne's Hospital,2022-04-03,2022-09-03,5.89,0.99,Philips,2023-01-13
CT-203,CT,St. Anne's Hospital,2022-04-03,2022-09-04,3.11,0.99,Philips,2023-01-13
CT-203,CT,St. Anne's Hospital,2022-04-03,2022-09-05,9.75,0.99,Philips,2023-01-13
CT-203,CT,St. Anne's Hospital,2022-04-03,2022-09-06,11.32,0.99,Philips,2023-01-13
CT-203,CT,St. Anne's Hospital,2022-04-03,2022-09-07,11.46,0.99,Philips,2023-01-13
CT-203,CT,St. Anne's Hospital,2022-04-03,2022-09-08,11.18,0.99,Philips,2023-01-13
CT-203,CT,St. Anne's Hospital,2022-04-03,2022-09-09,11.84,0.99,Philips,2023-01-13
CT-203,CT,St. Anne's Hospital,2022-04-03,2022-09-10,6.66,0.99,Philips,2023-01-13
CT-203,CT,St. Anne's Hospital,2022-04-03,2022-09-11,4.19,0.99,Philips,2023-01-13
CT-203,CT,St. Anne's Hospital,2022-04-03,2022-09-12,11.24,0.99,Philips,2023-01-13
CT-203,CT,St. Anne's Hospital,2022-04-03,2022-09-13,10.89,0.99,Philips,2023-01-13
CT-203,CT,St. Anne's Hospital,2022-04-03,2022-09-14,10.49,0.99,Philips,2023-01-13
CT-203,CT,St. Anne's Hospital,2022-04-03,2022-09-15,12.96,0.99,Philips,2023-01-13
CT-203,CT,St. Anne's Hospital,2022-04-03,2022-09-16,10.56,0.99,Philips,2023-01-13
CT-203,CT,St. Anne's Hospital,2022-04-03,2022-09-17,5.98,0.99,Philips,2023-01-13
CT-203,CT,St. Anne's Hospital,2022-04-03,2022-09-18,4.23,0.99,Philips,2023-01-13
CT-203,CT,St. Anne's Hospital,2022-04-03,2022-09-19,11.2,0.99,Philips,2023-01-13
CT-203,CT,St. Anne's Hospital,2022-04-03,2022-09-20,9.71,0.99,Philips,2023-01-13
CT-203,CT,St. Anne's Hospital,2022-04-03,2022-09-21,11.98,0.99,Philips,2023-01-13
CT-203,CT,St. Anne's Hospital,2022-04-03,2022-09-22,10.89,0.99,Philips,2023-01-13
CT-203,CT,St. Anne's Hospital,2022-04-03,2022-09-23,9.97,0.99,Philips,2023-01-13
CT-203,CT,St. Anne's Hospital,2022-04-03,2022-09-24,7.65,0.99,Philips,2023-01-13
CT-203,CT,St. Anne's Hospital,2022-04-03,2022-09-25,4.4,0.99,Philips,2023-01-13
CT-203,CT,St. Anne's Hospital,2022-04-03,2022-09-26,9.83,0.99,Philips,2023-01-13
CT-203,CT,St. Anne's Hospital,2022-04-03,2022-09-27,12.57,0.99,Philips,2023-01-13
CT-203,CT,St. Anne's Hospital,2022-04-03,2022-09-28,11.56,0.99,Philips,2023-01-13
CT-203,CT,St. Anne's Hospital,2022-04-03,2022-09-29,10.96,0.99,Philips,2023-01-13
CT-203,CT,St. Anne's Hospital,2022-04-03,2022-09-30,12.4,0.99,Philips,2023-01-13
CT-203,CT,St. Anne's Hospital,2022-04-03,2022-10-01,6.73,0.99,Philips,2023-01-13
CT-203,CT,St. Anne's Hospital,2022-04-03,2022-10-02,3.81,0.99,Philips,2023-01-13
CT-203,CT,St. Anne's Hospital,2022-04-03,2022-10-03,10.38,0.99,Philips,2023-01-13
CT-203,CT,St. Anne's Hospital,2022-04-03,2022-10-04,11.49,0.99,Philips,2023-01-13
CT-203,CT,St. Anne's Hospital,2022-04-03,2022-10-05,11.4,0.99,Philips,2023-01-13
CT-203,CT,St. Anne's Hospital,2022-04-03,2022-10-06,10.98,0.99,Philips,2023-01-13
CT-203,CT,St. Anne's Hospital,2022-04-03,2022-10-07,10.26,0.99,Philips,2023-01-13
CT-203,CT,St. Anne's Hospital,2022-04-03,2022-10-08,6.7,0.99,Philips,2023-01-13
CT-203,CT,St. Anne's Hospital,2022-04-03,2022-10-09,3.78,0.99,Philips,2023-01-13
CT-203,CT,St. Anne's Hospital,2022-04-03,2022-10-10,9.77,0.99,Philips,2023-01-13
CT-203,CT,St. Anne's Hospital,2022-04-03,2022-10-11,9.65,0.99,Philips,2023-01-13
CT-203,CT,St. Anne's Hospital,2022-04-03,2022-10-12,11.48,0.99,Philips,2023-01-13
CT-203,CT,St. Anne's Hospital,2022-04-03,2022-10-13,8.63,0.99,Philips,2023-01-13
CT-203,CT,St. Anne's Hospital,2022-04-03,2022-10-14,11.16,0.99,Philips,2023-01-13
CT-203,CT,St. Anne's Hospital,2022-04-03,2022-10-15,6.15,0.99,Philips,2023-01-13
CT-203,CT,St. Anne's Hospital,2022-04-03,2022-10-16,5.02,0.99,Philips,2023-01-13
CT-203,CT,St. Anne's Hospital,2022-04-03,2022-10-17,10.53,0.99,Philips,2023-01-13
CT-203,CT,St. Anne's Hospital,2022-04-03,2022-10-18,11.56,0.99,Philips,2023-01-13
CT-203,CT,St. Anne's Hospital,2022-04-03,2022-10-19,10.61,0.99,Philips,2023-01-13
CT-203,CT,St. Anne's Hospital,2022-04-03,2022-10-20,11.07,0.99,Philips,2023-01-13
CT-203,CT,St. Anne's Hospital,2022-04-03,2022-10-21,11.63,0.99,Philips,2023-01-13
CT-203,CT,St. Anne's Hospital,2022-04-03,2022-10-22,6.17,0.99,Philips,2023-01-13
CT-203,CT,St. Anne's Hospital,2022-04-03,2022-10-23,4.74,0.99,Philips,2023-01-13
CT-203,CT,St. Anne's Hospital,2022-04-03,2022-10-24,10.08,0.99,Philips,2023-01-13
CT-203,CT,St. Anne's Hospital,2022-04-03,2022-10-25,11.24,0.99,Philips,2023-01-13
CT-203,CT,St. Anne's Hospital,2022-04-03,2022-10-26,11.8,0.99,Philips,2023-01-13
CT-203,CT,St. Anne's Hospital,2022-04-03,2022-10-27,11.56,0.99,Philips,2023-01-13
CT-203,CT,St. Anne's Hospital,2022-04-03,2022-10-28,12.7,0.99,Philips,2023-01-13
CT-203,CT,St. Anne's Hospital,2022-04-03,2022-10-29,5.9,0.99,Philips,2023-01-13
CT-203,CT,St. Anne's Hospital,2022-04-03,2022-10-30,2.6,0.99,Philips,2023-01-13
CT-203,CT,St. Anne's Hospital,2022-04-03,2022-10-31,10.08,0.99,Philips,2023-01-13
CT-203,CT,St. Anne's Hospital,2022-04-03,2022-11-01,11.56,0.99,Philips,2023-01-13
CT-203,CT,St. Anne's Hospital,2022-04-03,2022-11-02,11.42,0.99,Philips,2023-01-13
CT-203,CT,St. Anne's Hospital,2022-04-03,2022-11-03,11.06,0.99,Philips,2023-01-13
CT-203,CT,St. Anne's Hospital,2022-04-03,2022-11-04,9.96,0.99,Philips,2023-01-13
CT-203,CT,St. Anne's Hospital,2022-04-03,2022-11-05,7.27,0.99,Philips,2023-01-13
CT-203,CT,St. Anne's Hospital,2022-04-03,2022-11-06,2.74,0.99,Philips,2023-01-13
CT-203,CT,St. Anne's Hospital,2022-04-03,2022-11-07,12.01,0.99,Philips,2023-01-13
CT-203,CT,St. Anne's Hospital,2022-04-03,2022-11-08,13.54,0.99,Philips,2023-01-13
CT-203,CT,St. Anne's Hospital,2022-04-03,2022-11-09,11.3,0.99,Philips,2023-01-13
CT-203,CT,St. Anne's Hospital,2022-04-03,2022-11-10,11.5,0.99,Philips,2023-01-13
CT-203,CT,St. Anne's Hospital,2022-04-03,2022-11-11,10.53,0.99,Philips,2023-01-13
CT-203,CT,St. Anne's Hospital,2022-04-03,2022-11-12,4.95,0.99,Philips,2023-01-13
CT-203,CT,St. Anne's Hospital,2022-04-03,2022-11-13,10.465,0.99,Philips,2023-01-13
CT-203,CT,St. Anne's Hospital,2022-04-03,2022-11-14,9.99,0.99,Philips,2023-01-13
CT-203,CT,St. Anne's Hospital,2022-04-03,2022-11-15,9.67,0.99,Philips,2023-01-13
CT-203,CT,St. Anne's Hospital,2022-04-03,2022-11-16,12.52,0.99,Philips,2023-01-13
CT-203,CT,St. Anne's Hospital,2022-04-03,2022-11-17,11.22,0.99,Philips,2023-01-13
CT-203,CT,St. Anne's Hospital,2022-04-03,2022-11-18,11.31,0.99,Philips,2023-01-13
CT-203,CT,St. Anne's Hospital,2022-04-03,2022-11-19,6.3,0.99,Philips,2023-01-13
CT-203,CT,St. Anne's Hospital,2022-04-03,2022-11-20,3.68,0.99,Philips,2023-01-13
CT-203,CT,St. Anne's Hospital,2022-04-03,2022-11-21,11.84,0.99,Philips,2023-01-13
CT-203,CT,St. Anne's Hospital,2022-04-03,2022-11-22,10.94,0.99,Philips,2023-01-13
CT-203,CT,St. Anne's Hospital,2022-04-03,2022-11-23,11.45,0.99,Philips,2023-01-13
CT-203,CT,St. Anne's Hospital,2022-04-03,2022-11-24,10.79,0.99,Philips,2023-01-13
CT-203,CT,St. Anne's Hospital,2022-04-03,2022-11-25,10.66,0.99,Philips,2023-01-13
CT-203,CT,St. Anne's Hospital,2022-04-03,2022-11-26,5.32,0.99,Philips,2023-01-13
CT-203,CT,St. Anne's Hospital,2022-04-03,2022-11-27,2.06,0.99,Philips,2023-01-13
CT-203,CT,St. Anne's Hospital,2022-04-03,2022-11-28,10.73,0.99,Philips,2023-01-13
CT-203,CT,St. Anne's Hospital,2022-04-03,2022-11-29,11.02,0.99,Philips,2023-01-13
CT-203,CT,St. Anne's Hospital,2022-04-03,2022-11-30,9.81,0.99,Philips,2023-01-13
CT-203,CT,St. Anne's Hospital,2022-04-03,2022-12-01,10.94,0.99,Philips,2023-01-13
CT-203,CT,St. Anne's Hospital,2022-04-03,2022-12-02,11.02,0.99,Philips,2023-01-13
CT-203,CT,St. Anne's Hospital,2022-04-03,2022-12-03,4.64,0.99,Philips,2023-01-13
CT-203,CT,St. Anne's Hospital,2022-04-03,2022-12-04,3.02,0.99,Philips,2023-01-13
CT-203,CT,St. Anne's Hospital,2022-04-03,2022-12-05,11.34,0.99,Philips,2023-01-13
CT-203,CT,St. Anne's Hospital,2022-04-03,2022-12-06,11.32,0.99,Philips,2023-01-13
CT-203,CT,St. Anne's Hospital,2022-04-03,2022-12-07,9.93,0.99,Philips,2023-01-13
CT-203,CT,St. Anne's Hospital,2022-04-03,2022-12-08,11.11,0.99,Philips,2023-01-13
CT-203,CT,St. Anne's Hospital,2022-04-03,2022-12-09,11.89,0.99,Philips,2023-01-13
CT-203,CT,St. Anne's Hospital,2022-04-03,2022-12-10,7.28,0.99,Philips,2023-01-13
CT-203,CT,St. Anne's Hospital,2022-04-03,2022-12-11,3.75,0.99,Philips,2023-01-13
CT-203,CT,St. Anne's Hospital,2022-04-03,2022-12-12,10.55,0.99,Philips,2023-01-13
CT-203,CT,St. Anne's Hospital,2022-04-03,2022-12-13,10.4,0.99,Philips,2023-01-13
CT-203,CT,St. Anne's Hospital,2022-04-03,2022-12-14,11.39,0.99,Philips,2023-01-13
CT-203,CT,St. Anne's Hospital,2022-04-03,2022-12-15,11.15,0.99,Philips,2023-01-13
CT-203,CT,St. Anne's Hospital,2022-04-03,2022-12-16,11.54,0.99,Philips,2023-01-13
CT-203,CT,St. Anne's Hospital,2022-04-03,2022-12-17,6.7,0.99,Philips,2023-01-13
CT-203,CT,St. Anne's Hospital,2022-04-03,2022-12-18,4.58,0.99,Philips,2023-01-13
CT-203,CT,St. Anne's Hospital,2022-04-03,2022-12-19,11.06,0.99,Philips,2023-01-13
CT-203,CT,St. Anne's Hospital,2022-04-03,2022-12-20,11.68,0.99,Philips,2023-01-13
CT-203,CT,St. Anne's Hospital,2022-04-03,2022-12-21,11.75,0.99,Philips,2023-01-13
CT-203,CT,St. Anne's Hospital,2022-04-03,2022-12-22,10.25,0.99,Philips,2023-01-13
CT-203,CT,St. Anne's Hospital,2022-04-03,2022-12-23,9.34,0.99,Philips,2023-01-13
CT-203,CT,St. Anne's Hospital,2022-04-03,2022-12-24,7.97,0.99,Philips,2023-01-13
CT-203,CT,St. Anne's Hospital,2022-04-03,2022-12-25,4.07,0.99,Philips,2023-01-13
CT-203,CT,St. Anne's Hospital,2022-04-03,2022-12-26,9.43,0.99,Philips,2023-01-13
CT-203,CT,St. Anne's Hospital,2022-04-03,2022-12-27,10.33,0.99,Philips,2023-01-13
CT-203,CT,St. Anne's Hospital,2022-04-03,2022-12-28,11.66,0.99,Philips,2023-01-13
CT-203,CT,St. Anne's Hospital,2022-04-03,2022-12-29,10.72,0.99,Philips,2023-01-13
CT-203,CT,St. Anne's Hospital,2022-04-03,2022-12-30,10.51,0.99,Philips,2023-01-13
CT-203,CT,St. Anne's Hospital,2022-04-03,2022-12-31,7.84,0.99,Philips,2023-01-13
CT-203,CT,St. Anne's Hospital,2022-04-03,2023-01-01,2.9,0.99,Philips,2023-01-13
CT-203,CT,St. Anne's Hospital,2022-04-03,2023-01-02,10.25,0.99,Philips,2023-01-13
CT-203,CT,St. Anne's Hospital,2022-04-03,2023-01-03,11.16,0.99,Philips,2023-01-13
CT-203,CT,St. Anne's Hospital,2022-04-03,2023-01-04,11.32,0.99,Philips,2023-01-13
CT-203,CT,St. Anne's Hospital,2022-04-03,2023-01-05,11.42,0.99,Philips,2023-01-13
CT-203,CT,St. Anne's Hospital,2022-04-03,2023-01-06,11.79,0.99,Philips,2023-01-13
CT-203,CT,St. Anne's Hospital,2022-04-03,2023-01-07,10.465,0.99,Philips,2023-01-13
CT-203,CT,St. Anne's Hospital,2022-04-03,2023-01-08,4.28,0.99,Philips,2023-01-13
CT-203,CT,St. Anne's Hospital,2022-04-03,2023-01-09,10.74,0.99,Philips,2023-01-13
CT-203,CT,St. Anne's Hospital,2022-04-03,2023-01-10,11.03,0.99,Philips,2023-01-13
CT-203,CT,St. Anne's Hospital,2022-04-03,2023-01-11,11.07,0.99,Philips,2023-01-13
CT-203,CT,St. Anne's Hospital,2022-04-03,2023-01-12,11.16,0.99,Philips,2023-01-13
CT-203,CT,St. Anne's Hospital,2022-04-03,2023-01-13,11.67,0.99,Philips,2023-01-13
CT-203,CT,St. Anne's Hospital,2022-04-03,2023-01-14,7.08,0.99,Philips,2023-01-13
CT-203,CT,St. Anne's Hospital,2022-04-03,2023-01-15,3.88,0.99,Philips,2023-01-13
CT-203,CT,St. Anne's Hospital,2022-04-03,2023-01-16,10.24,0.99,Philips,2023-01-13
CT-203,CT,St. Anne's Hospital,2022-04-03,2023-01-17,11.03,0.99,Philips,2023-01-13
CT-203,CT,St. Anne's Hospital,2022-04-03,2023-01-18,10.95,0.99,Philips,2023-01-13
CT-203,CT,St. Anne's Hospital,2022-04-03,2023-01-19,11.14,0.99,Philips,2023-01-13
CT-203,CT,St. Anne's Hospital,2022-04-03,2023-01-20,12.96,0.99,Philips,2023-01-13
CT-203,CT,St. Anne's Hospital,2022-04-03,2023-01-21,6.11,0.99,Philips,2023-01-13
CT-203,CT,St. Anne's Hospital,2022-04-03,2023-01-22,4.22,0.99,Philips,2023-01-13
CT-203,CT,St. Anne's Hospital,2022-04-03,2023-01-23,11.93,0.99,Philips,2023-01-13
CT-203,CT,St. Anne's Hospital,2022-04-03,2023-01-24,11.06,0.99,Philips,2023-01-13
CT-203,CT,St. Anne's Hospital,2022-04-03,2023-01-25,13.07,0.99,Philips,2023-01-13
CT-203,CT,St. Anne's Hospital,2022-04-03,2023-01-26,10.63,0.99,Philips,2023-01-13
CT-203,CT,St. Anne's Hospital,2022-04-03,2023-01-27,11.26,0.99,Philips,2023-01-13
CT-203,CT,St. Anne's Hospital,2022-04-03,2023-01-28,5.86,0.99,Philips,2023-01-13
CT-203,CT,St. Anne's Hospital,2022-04-03,2023-01-29,3.52,0.99,Philips,2023-01-13
CT-203,CT,St. Anne's Hospital,2022-04-03,2023-01-30,11.19,0.99,Philips,2023-01-13
CT-203,CT,St. Anne's Hospital,2022-04-03,2023-01-31,11.73,0.99,Philips,2023-01-13
CT-203,CT,St. Anne's Hospital,2022-04-03,2023-02-01,11.26,0.99,Philips,2023-01-13
CT-203,CT,St. Anne's Hospital,2022-04-03,2023-02-02,12.1,0.99,Philips,2023-01-13
CT-203,CT,St. Anne's Hospital,2022-04-03,2023-02-03,10.88,0.99,Philips,2023-01-13
CT-203,CT,St. Anne's Hospital,2022-04-03,2023-02-04,6.28,0.99,Philips,2023-01-13
CT-203,CT,St. Anne's Hospital,2022-04-03,2023-02-05,6.27,0.99,Philips,2023-01-13
CT-203,CT,St. Anne's Hospital,2022-04-03,2023-02-06,11.33,0.99,Philips,2023-01-13
CT-203,CT,St. Anne's Hospital,2022-04-03,2023-02-07,10.32,0.99,Philips,2023-01-13
CT-203,CT,St. Anne's Hospital,2022-04-03,2023-02-08,10.35,0.99,Philips,2023-01-13
CT-203,CT,St. Anne's Hospital,2022-04-03,2023-02-09,10.12,0.99,Philips,2023-01-13
CT-203,CT,St. Anne's Hospital,2022-04-03,2023-02-10,11.81,0.99,Philips,2023-01-13
CT-203,CT,St. Anne's Hospital,2022-04-03,2023-02-11,6.25,0.99,Philips,2023-01-13
CT-203,CT,St. Anne's Hospital,2022-04-03,2023-02-12,3.95,0.99,Philips,2023-01-13
CT-203,CT,St. Anne's Hospital,2022-04-03,2023-02-13,10.91,0.99,Philips,2023-01-13
CT-203,CT,St. Anne's Hospital,2022-04-03,2023-02-14,11.63,0.99,Philips,2023-01-13
CT-203,CT,St. Anne's Hospital,2022-04-03,2023-02-15,10.21,0.99,Philips,2023-01-13
CT-203,CT,St. Anne's Hospital,2022-04-03,2023-02-16,10.0,0.99,Philips,2023-01-13
CT-203,CT,St. Anne's Hospital,2022-04-03,2023-02-17,11.17,0.99,Philips,2023-01-13
CT-203,CT,St. Anne's Hospital,2022-04-03,2023-02-18,7.12,0.99,Philips,2023-01-13
CT-203,CT,St. Anne's Hospital,2022-04-03,2023-02-19,4.14,0.99,Philips,2023-01-13
CT-203,CT,St. Anne's Hospital,2022-04-03,2023-02-20,10.24,0.99,Philips,2023-01-13
CT-203,CT,St. Anne's Hospital,2022-04-03,2023-02-21,11.58,0.99,Philips,2023-01-13
CT-203,CT,St. Anne's Hospital,2022-04-03,2023-02-22,10.3,0.99,Philips,2023-01-13
CT-203,CT,St. Anne's Hospital,2022-04-03,2023-02-23,10.5,0.99,Philips,2023-01-13
CT-203,CT,St. Anne's Hospital,2022-04-03,2023-02-24,10.12,0.99,Philips,2023-01-13
CT-203,CT,St. Anne's Hospital,2022-04-03,2023-02-25,7.75,0.99,Philips,2023-01-13
CT-203,CT,St. Anne's Hospital,2022-04-03,2023-02-26,4.41,0.99,Philips,2023-01-13
CT-203,CT,St. Anne's Hospital,2022-04-03,2023-02-27,11.51,0.99,Philips,2023-01-13
CT-203,CT,St. Anne's Hospital,2022-04-03,2023-02-28,12.09,0.99,Philips,2023-01-13
CT-203,CT,St. Anne's Hospital,2022-04-03,2023-03-01,13.5,0.99,Philips,2023-01-13
CT-203,CT,St. Anne's Hospital,2022-04-03,2023-03-02,9.43,0.99,Philips,2023-01-13
CT-203,CT,St. Anne's Hospital,2022-04-03,2023-03-03,10.31,0.99,Philips,2023-01-13
CT-203,CT,St. Anne's Hospital,2022-04-03,2023-03-04,6.03,0.99,Philips,2023-01-13
CT-203,CT,St. Anne's Hospital,2022-04-03,2023-03-05,3.07,0.99,Philips,2023-01-13
CT-203,CT,St. Anne's Hospital,2022-04-03,2023-03-06,10.0,0.99,Philips,2023-01-13
CT-203,CT,St. Anne's Hospital,2022-04-03,2023-03-07,10.7,0.99,Philips,2023-01-13
CT-203,CT,St. Anne's Hospital,2022-04-03,2023-03-08,9.88,0.99,Philips,2023-01-13
CT-203,CT,St. Anne's Hospital,2022-04-03,2023-03-09,11.27,0.99,Philips,2023-01-13
CT-203,CT,St. Anne's Hospital,2022-04-03,2023-03-10,11.02,0.99,Philips,2023-01-13
CT-203,CT,St. Anne's Hospital,2022-04-03,2023-03-11,10.465,0.99,Philips,2023-01-13
CT-203,CT,St. Anne's Hospital,2022-04-03,2023-03-12,4.3,0.99,Philips,2023-01-13
CT-203,CT,St. Anne's Hospital,2022-04-03,2023-03-13,11.51,0.99,Philips,2023-01-13
CT-203,CT,St. Anne's Hospital,2022-04-03,2023-03-14,10.63,0.99,Philips,2023-01-13
CT-203,CT,St. Anne's Hospital,2022-04-03,2023-03-15,12.88,0.99,Philips,2023-01-13
CT-203,CT,St. Anne's Hospital,2022-04-03,2023-03-16,11.18,0.99,Philips,2023-01-13
CT-203,CT,St. Anne's Hospital,2022-04-03,2023-03-17,9.29,0.99,Philips,2023-01-13
CT-203,CT,St. Anne's Hospital,2022-04-03,2023-03-18,5.68,0.99,Philips,2023-01-13
CT-203,CT,St. Anne's Hospital,2022-04-03,2023-03-19,2.27,0.99,Philips,2023-01-13
CT-203,CT,St. Anne's Hospital,2022-04-03,2023-03-20,10.99,0.99,Philips,2023-01-13
CT-203,CT,St. Anne's Hospital,2022-04-03,2023-03-21,10.86,0.99,Philips,2023-01-13
CT-203,CT,St. Anne's Hospital,2022-04-03,2023-03-22,10.55,0.99,Philips,2023-01-13
CT-203,CT,St. Anne's Hospital,2022-04-03,2023-03-23,12.78,0.99,Philips,2023-01-13
CT-203,CT,St. Anne's Hospital,2022-04-03,2023-03-24,11.46,0.99,Philips,2023-01-13
CT-203,CT,St. Anne's Hospital,2022-04-03,2023-03-25,7.24,0.99,Philips,2023-01-13
CT-203,CT,St. Anne's Hospital,2022-04-03,2023-03-26,3.0,0.99,Philips,2023-01-13
CT-203,CT,St. Anne's Hospital,2022-04-03,2023-03-27,10.07,0.99,Philips,2023-01-13
CT-203,CT,St. Anne's Hospital,2022-04-03,2023-03-28,11.0,0.99,Philips,2023-01-13
CT-203,CT,St. Anne's Hospital,2022-04-03,2023-03-29,11.13,0.99,Philips,2023-01-13
CT-203,CT,St. Anne's Hospital,2022-04-03,2023-03-30,9.3,0.99,Philips,2023-01-13
CT-203,CT,St. Anne's Hospital,2022-04-03,2023-03-31,10.81,0.99,Philips,2023-01-13
XR-301,X-ray,Riverside General,2014-06-18,2022-04-01,13.75,8.78,Canon Medical,2023-02-27
XR-301,X-ray,Riverside General,2014-06-18,2022-04-02,8.01,8.78,Canon Medical,2023-02-27
XR-301,X-ray,Riverside General,2014-06-18,2022-04-03,3.91,8.78,Canon Medical,2023-02-27
XR-301,X-ray,Riverside General,2014-06-18,2022-04-04,13.14,8.78,Canon Medical,2023-02-27
XR-301,X-ray,Riverside General,2014-06-18,2022-04-05,13.54,8.78,Canon Medical,2023-02-27
XR-301,X-ray,Riverside General,2014-06-18,2022-04-06,13.84,8.78,Canon Medical,2023-02-27
XR-301,X-ray,Riverside General,2014-06-18,2022-04-07,14.4,8.78,Canon Medical,2023-02-27
XR-301,X-ray,Riverside General,2014-06-18,2022-04-08,14.93,8.78,Canon Medical,2023-02-27
XR-301,X-ray,Riverside General,2014-06-18,2022-04-09,7.92,8.78,Canon Medical,2023-02-27
XR-301,X-ray,Riverside General,2014-06-18,2022-04-10,4.31,8.78,Canon Medical,2023-02-27
XR-301,X-ray,Riverside General,2014-06-18,2022-04-11,14.22,8.78,Canon Medical,2023-02-27
XR-301,X-ray,Riverside General,2014-06-18,2022-04-12,14.41,8.78,Canon Medical,2023-02-27
XR-301,X-ray,Riverside General,2014-06-18,2022-04-13,13.26,8.78,Canon Medical,2023-02-27
XR-301,X-ray,Riverside General,2014-06-18,2022-04-14,14.61,8.78,Canon Medical,2023-02-27
XR-301,X-ray,Riverside General,2014-06-18,2022-04-15,14.81,8.78,Canon Medical,2023-02-27
XR-301,X-ray,Riverside General,2014-06-18,2022-04-16,9.66,8.78,Canon Medical,2023-02-27
XR-301,X-ray,Riverside General,2014-06-18,2022-04-17,6.76,8.78,Canon Medical,2023-02-27
XR-301,X-ray,Riverside General,2014-06-18,2022-04-18,12.78,8.78,Canon Medical,2023-02-27
XR-301,X-ray,Riverside General,2014-06-18,2022-04-19,13.75,8.78,Canon Medical,2023-02-27
XR-301,X-ray,Riverside General,2014-06-18,2022-04-20,13.75,8.78,Canon Medical,2023-02-27
XR-301,X-ray,Riverside General,2014-06-18,2022-04-21,13.63,8.78,Canon Medical,2023-02-27
XR-301,X-ray,Riverside General,2014-06-18,2022-04-22,13.02,8.78,Canon Medical,2023-02-27
XR-301,X-ray,Riverside General,2014-06-18,2022-04-23,6.61,8.78,Canon Medical,2023-02-27
XR-301,X-ray,Riverside General,2014-06-18,2022-04-24,4.91,8.78,Canon Medical,2023-02-27
XR-301,X-ray,Riverside General,2014-06-18,2022-04-25,12.89,8.78,Canon Medical,2023-02-27
XR-301,X-ray,Riverside General,2014-06-18,2022-04-26,13.83,8.78,Canon Medical,2023-02-27
XR-301,X-ray,Riverside General,2014-06-18,2022-04-27,12.86,8.78,Canon Medical,2023-02-27
XR-301,X-ray,Riverside General,2014-06-18,2022-04-28,12.53,8.78,Canon Medical,2023-02-27
XR-301,X-ray,Riverside General,2014-06-18,2022-04-29,13.99,8.78,Canon Medical,2023-02-27
XR-301,X-ray,Riverside General,2014-06-18,2022-04-30,8.41,8.78,Canon Medical,2023-02-27
XR-301,X-ray,Riverside General,2014-06-18,2022-05-01,5.45,8.78,Canon Medical,2023-02-27
XR-301,X-ray,Riverside General,2014-06-18,2022-05-02,16.14,8.78,Canon Medical,2023-02-27
XR-301,X-ray,Riverside General,2014-06-18,2022-05-03,14.04,8.78,Canon Medical,2023-02-27
XR-301,X-ray,Riverside General,2014-06-18,2022-05-04,14.27,8.78,Canon Medical,2023-02-27
XR-301,X-ray,Riverside General,2014-06-18,2022-05-05,12.55,8.78,Canon Medical,2023-02-27
XR-301,X-ray,Riverside General,2014-06-18,2022-05-06,12.32,8.78,Canon Medical,2023-02-27
XR-301,X-ray,Riverside General,2014-06-18,2022-05-07,9.98,8.78,Canon Medical,2023-02-27
XR-301,X-ray,Riverside General,2014-06-18,2022-05-08,3.79,8.78,Canon Medical,2023-02-27
XR-301,X-ray,Riverside General,2014-06-18,2022-05-09,12.59,8.78,Canon Medical,2023-02-27
XR-301,X-ray,Riverside General,2014-06-18,2022-05-10,13.69,8.78,Canon Medical,2023-02-27
XR-301,X-ray,Riverside General,2014-06-18,2022-05-11,13.64,8.78,Canon Medical,2023-02-27
XR-301,X-ray,Riverside General,2014-06-18,2022-05-12,12.74,8.78,Canon Medical,2023-02-27
XR-301,X-ray,Riverside General,2014-06-18,2022-05-13,13.4,8.78,Canon Medical,2023-02-27
XR-301,X-ray,Riverside General,2014-06-18,2022-05-14,9.59,8.78,Canon Medical,2023-02-27
XR-301,X-ray,Riverside General,2014-06-18,2022-05-15,3.92,8.78,Canon Medical,2023-02-27
XR-301,X-ray,Riverside General,2014-06-18,2022-05-16,12.2,8.78,Canon Medical,2023-02-27
XR-301,X-ray,Riverside General,2014-06-18,2022-05-17,14.77,8.78,Canon Medical,2023-02-27
XR-301,X-ray,Riverside General,2014-06-18,2022-05-18,14.28,8.78,Canon Medical,2023-02-27
XR-301,X-ray,Riverside General,2014-06-18,2022-05-19,13.05,8.78,Canon Medical,2023-02-27
XR-301,X-ray,Riverside General,2014-06-18,2022-05-20,12.0,8.78,Canon Medical,2023-02-27
XR-301,X-ray,Riverside General,2014-06-18,2022-05-21,7.42,8.78,Canon Medical,2023-02-27
XR-301,X-ray,Riverside General,2014-06-18,2022-05-22,4.75,8.78,Canon Medical,2023-02-27
XR-301,X-ray,Riverside General,2014-06-18,2022-05-23,15.02,8.78,Canon Medical,2023-02-27
XR-301,X-ray,Riverside General,2014-06-18,2022-05-24,12.6,8.78,Canon Medical,2023-02-27
XR-301,X-ray,Riverside General,2014-06-18,2022-05-25,13.64,8.78,Canon Medical,2023-02-27
XR-301,X-ray,Riverside General,2014-06-18,2022-05-26,14.48,8.78,Canon Medical,2023-02-27
XR-301,X-ray,Riverside General,2014-06-18,2022-05-27,11.12,8.78,Canon Medical,2023-02-27
XR-301,X-ray,Riverside General,2014-06-18,2022-05-28,9.38,8.78,Canon Medical,2023-02-27
XR-301,X-ray,Riverside General,2014-06-18,2022-05-29,3.51,8.78,Canon Medical,2023-02-27
XR-301,X-ray,Riverside General,2014-06-18,2022-05-30,14.1,8.78,Canon Medical,2023-02-27
XR-301,X-ray,Riverside General,2014-06-18,2022-05-31,14.01,8.78,Canon Medical,2023-02-27
XR-301,X-ray,Riverside General,2014-06-18,2022-06-01,14.93,8.78,Canon Medical,2023-02-27
XR-301,X-ray,Riverside General,2014-06-18,2022-06-02,14.34,8.78,Canon Medical,2023-02-27
XR-301,X-ray,Riverside General,2014-06-18,2022-06-03,11.12,8.78,Canon Medical,2023-02-27
XR-301,X-ray,Riverside General,2014-06-18,2022-06-04,7.38,8.78,Canon Medical,2023-02-27
XR-301,X-ray,Riverside General,2014-06-18,2022-06-05,4.96,8.78,Canon Medical,2023-02-27
XR-301,X-ray,Riverside General,2014-06-18,2022-06-06,13.52,8.78,Canon Medical,2023-02-27
XR-301,X-ray,Riverside General,2014-06-18,2022-06-07,14.26,8.78,Canon Medical,2023-02-27
XR-301,X-ray,Riverside General,2014-06-18,2022-06-08,14.6,8.78,Canon Medical,2023-02-27
XR-301,X-ray,Riverside General,2014-06-18,2022-06-09,14.41,8.78,Canon Medical,2023-02-27
XR-301,X-ray,Riverside General,2014-06-18,2022-06-10,13.5,8.78,Canon Medical,2023-02-27
XR-301,X-ray,Riverside General,2014-06-18,2022-06-11,6.21,8.78,Canon Medical,2023-02-27
XR-301,X-ray,Riverside General,2014-06-18,2022-06-12,4.31,8.78,Canon Medical,2023-02-27
XR-301,X-ray,Riverside General,2014-06-18,2022-06-13,14.19,8.78,Canon Medical,2023-02-27
XR-301,X-ray,Riverside General,2014-06-18,2022-06-14,12.54,8.78,Canon Medical,2023-02-27
XR-301,X-ray,Riverside General,2014-06-18,2022-06-15,14.43,8.78,Canon Medical,2023-02-27
XR-301,X-ray,Riverside General,2014-06-18,2022-06-16,14.74,8.78,Canon Medical,2023-02-27
XR-301,X-ray,Riverside General,2014-06-18,2022-06-17,13.88,8.78,Canon Medical,2023-02-27
XR-301,X-ray,Riverside General,2014-06-18,2022-06-18,4.87,8.78,Canon Medical,2023-02-27
XR-301,X-ray,Riverside General,2014-06-18,2022-06-19,3.4,8.78,Canon Medical,2023-02-27
XR-301,X-ray,Riverside General,2014-06-18,2022-06-20,15.81,8.78,Canon Medical,2023-02-27
XR-301,X-ray,Riverside General,2014-06-18,2022-06-21,13.14,8.78,Canon Medical,2023-02-27
XR-301,X-ray,Riverside General,2014-06-18,2022-06-22,11.55,8.78,Canon Medical,2023-02-27
XR-301,X-ray,Riverside General,2014-06-18,2022-06-23,15.1,8.78,Canon Medical,2023-02-27
XR-301,X-ray,Riverside General,2014-06-18,2022-06-24,13.75,8.78,Canon Medical,2023-02-27
XR-301,X-ray,Riverside General,2014-06-18,2022-06-25,9.46,8.78,Canon Medical,2023-02-27
XR-301,X-ray,Riverside General,2014-06-18,2022-06-26,5.11,8.78,Canon Medical,2023-02-27
XR-301,X-ray,Riverside General,2014-06-18,2022-06-27,14.24,8.78,Canon Medical,2023-02-27
XR-301,X-ray,Riverside General,2014-06-18,2022-06-28,14.14,8.78,Canon Medical,2023-02-27
XR-301,X-ray,Riverside General,2014-06-18,2022-06-29,14.5,8.78,Canon Medical,2023-02-27
XR-301,X-ray,Riverside General,2014-06-18,2022-06-30,16.24,8.78,Canon Medical,2023-02-27
XR-301,X-ray,Riverside General,2014-06-18,2022-07-01,14.8,8.78,Canon Medical,2023-02-27
XR-301,X-ray,Riverside General,2014-06-18,2022-07-02,6.5,8.78,Canon Medical,2023-02-27
XR-301,X-ray,Riverside General,2014-06-18,2022-07-03,5.3,8.78,Canon Medical,2023-02-27
XR-301,X-ray,Riverside General,2014-06-18,2022-07-04,14.99,8.78,Canon Medical,2023-02-27
XR-301,X-ray,Riverside General,2014-06-18,2022-07-05,15.06,8.78,Canon Medical,2023-02-27
XR-301,X-ray,Riverside General,2014-06-18,2022-07-06,13.27,8.78,Canon Medical,2023-02-27
XR-301,X-ray,Riverside General,2014-06-18,2022-07-07,15.02,8.78,Canon Medical,2023-02-27
XR-301,X-ray,Riverside General,2014-06-18,2022-07-08,14.76,8.78,Canon Medical,2023-02-27
XR-301,X-ray,Riverside General,2014-06-18,2022-07-09,11.07,8.78,Canon Medical,2023-02-27
XR-301,X-ray,Riverside General,2014-06-18,2022-07-10,3.98,8.78,Canon Medical,2023-02-27
XR-301,X-ray,Riverside General,2014-06-18,2022-07-11,13.18,8.78,Canon Medical,2023-02-27
XR-301,X-ray,Riverside General,2014-06-18,2022-07-12,13.4,8.78,Canon Medical,2023-02-27
XR-301,X-ray,Riverside General,2014-06-18,2022-07-13,13.2,8.78,Canon Medical,2023-02-27
XR-301,X-ray,Riverside General,2014-06-18,2022-07-14,12.76,8.78,Canon Medical,2023-02-27
XR-301,X-ray,Riverside General,2014-06-18,2022-07-15,10.7,8.78,Canon Medical,2023-02-27
XR-301,X-ray,Riverside General,2014-06-18,2022-07-16,7.76,8.78,Canon Medical,2023-02-27
XR-301,X-ray,Riverside General,2014-06-18,2022-07-17,5.21,8.78,Canon Medical,2023-02-27
XR-301,X-ray,Riverside General,2014-06-18,2022-07-18,13.19,8.78,Canon Medical,2023-02-27
XR-301,X-ray,Riverside General,2014-06-18,2022-07-19,15.87,8.78,Canon Medical,2023-02-27
XR-301,X-ray,Riverside General,2014-06-18,2022-07-20,13.75,8.78,Canon Medical,2023-02-27
XR-301,X-ray,Riverside General,2014-06-18,2022-07-21,15.16,8.78,Canon Medical,2023-02-27
XR-301,X-ray,Riverside General,2014-06-18,2022-07-22,14.02,8.78,Canon Medical,2023-02-27
XR-301,X-ray,Riverside General,2014-06-18,2022-07-23,9.15,8.78,Canon Medical,2023-02-27
XR-301,X-ray,Riverside General,2014-06-18,2022-07-24,5.11,8.78,Canon Medical,2023-02-27
XR-301,X-ray,Riverside General,2014-06-18,2022-07-25,15.24,8.78,Canon Medical,2023-02-27
XR-301,X-ray,Riverside General,2014-06-18,2022-07-26,13.8,8.78,Canon Medical,2023-02-27
XR-301,X-ray,Riverside General,2014-06-18,2022-07-27,14.28,8.78,Canon Medical,2023-02-27
XR-301,X-ray,Riverside General,2014-06-18,2022-07-28,14.14,8.78,Canon Medical,2023-02-27
XR-301,X-ray,Riverside General,2014-06-18,2022-07-29,13.42,8.78,Canon Medical,2023-02-27
XR-301,X-ray,Riverside General,2014-06-18,2022-07-30,8.69,8.78,Canon Medical,2023-02-27
XR-301,X-ray,Riverside General,2014-06-18,2022-07-31,7.27,8.78,Canon Medical,2023-02-27
XR-301,X-ray,Riverside General,2014-06-18,2022-08-01,13.44,8.78,Canon Medical,2023-02-27
XR-301,X-ray,Riverside General,2014-06-18,2022-08-02,14.2,8.78,Canon Medical,2023-02-27
XR-301,X-ray,Riverside General,2014-06-18,2022-08-03,15.12,8.78,Canon Medical,2023-02-27
XR-301,X-ray,Riverside General,2014-06-18,2022-08-04,14.99,8.78,Canon Medical,2023-02-27
XR-301,X-ray,Riverside General,2014-06-18,2022-08-05,13.75,8.78,Canon Medical,2023-02-27
XR-301,X-ray,Riverside General,2014-06-18,2022-08-06,5.62,8.78,Canon Medical,2023-02-27
XR-301,X-ray,Riverside General,2014-06-18,2022-08-07,5.38,8.78,Canon Medical,2023-02-27
XR-301,X-ray,Riverside General,2014-06-18,2022-08-08,11.3,8.78,Canon Medical,2023-02-27
XR-301,X-ray,Riverside General,2014-06-18,2022-08-09,15.35,8.78,Canon Medical,2023-02-27
XR-301,X-ray,Riverside General,2014-06-18,2022-08-10,13.92,8.78,Canon Medical,2023-02-27
XR-301,X-ray,Riverside General,2014-06-18,2022-08-11,14.84,8.78,Canon Medical,2023-02-27
XR-301,X-ray,Riverside General,2014-06-18,2022-08-12,12.74,8.78,Canon Medical,2023-02-27
XR-301,X-ray,Riverside General,2014-06-18,2022-08-13,6.53,8.78,Canon Medical,2023-02-27
XR-301,X-ray,Riverside General,2014-06-18,2022-08-14,5.09,8.78,Canon Medical,2023-02-27
XR-301,X-ray,Riverside General,2014-06-18,2022-08-15,13.7,8.78,Canon Medical,2023-02-27
XR-301,X-ray,Riverside General,2014-06-18,2022-08-16,13.2,8.78,Canon Medical,2023-02-27
XR-301,X-ray,Riverside General,2014-06-18,2022-08-17,13.83,8.78,Canon Medical,2023-02-27
XR-301,X-ray,Riverside General,2014-06-18,2022-08-18,16.78,8.78,Canon Medical,2023-02-27
XR-301,X-ray,Riverside General,2014-06-18,2022-08-19,14.65,8.78,Canon Medical,2023-02-27
XR-301,X-ray,Riverside General,2014-06-18,2022-08-20,9.4,8.78,Canon Medical,2023-02-27
XR-301,X-ray,Riverside General,2014-06-18,2022-08-21,5.74,8.78,Canon Medical,2023-02-27
XR-301,X-ray,Riverside General,2014-06-18,2022-08-22,15.36,8.78,Canon Medical,2023-02-27
XR-301,X-ray,Riverside General,2014-06-18,2022-08-23,13.53,8.78,Canon Medical,2023-02-27
XR-301,X-ray,Riverside General,2014-06-18,2022-08-24,11.48,8.78,Canon Medical,2023-02-27
XR-301,X-ray,Riverside General,2014-06-18,2022-08-25,13.53,8.78,Canon Medical,2023-02-27
XR-301,X-ray,Riverside General,2014-06-18,2022-08-26,14.63,8.78,Canon Medical,2023-02-27
XR-301,X-ray,Riverside General,2014-06-18,2022-08-27,7.18,8.78,Canon Medical,2023-02-27
XR-301,X-ray,Riverside General,2014-06-18,2022-08-28,4.61,8.78,Canon Medical,2023-02-27
XR-301,X-ray,Riverside General,2014-06-18,2022-08-29,12.98,8.78,Canon Medical,2023-02-27
XR-301,X-ray,Riverside General,2014-06-18,2022-08-30,15.39,8.78,Canon Medical,2023-02-27
XR-301,X-ray,Riverside General,2014-06-18,2022-08-31,14.56,8.78,Canon Medical,2023-02-27
XR-301,X-ray,Riverside General,2014-06-18,2022-09-01,14.45,8.78,Canon Medical,2023-02-27
XR-301,X-ray,Riverside General,2014-06-18,2022-09-02,14.42,8.78,Canon Medical,2023-02-27
XR-301,X-ray,Riverside General,2014-06-18,2022-09-03,8.2,8.78,Canon Medical,2023-02-27
XR-301,X-ray,Riverside General,2014-06-18,2022-09-04,5.03,8.78,Canon Medical,2023-02-27
XR-301,X-ray,Riverside General,2014-06-18,2022-09-05,12.43,8.78,Canon Medical,2023-02-27
XR-301,X-ray,Riverside General,2014-06-18,2022-09-06,11.33,8.78,Canon Medical,2023-02-27
XR-301,X-ray,Riverside General,2014-06-18,2022-09-07,13.9,8.78,Canon Medical,2023-02-27
XR-301,X-ray,Riverside General,2014-06-18,2022-09-08,14.09,8.78,Canon Medical,2023-02-27
XR-301,X-ray,Riverside General,2014-06-18,2022-09-09,15.07,8.78,Canon Medical,2023-02-27
XR-301,X-ray,Riverside General,2014-06-18,2022-09-10,9.97,8.78,Canon Medical,2023-02-27
XR-301,X-ray,Riverside General,2014-06-18,2022-09-11,6.53,8.78,Canon Medical,2023-02-27
XR-301,X-ray,Riverside General,2014-06-18,2022-09-12,12.64,8.78,Canon Medical,2023-02-27
XR-301,X-ray,Riverside General,2014-06-18,2022-09-13,13.35,8.78,Canon Medical,2023-02-27
XR-301,X-ray,Riverside General,2014-06-18,2022-09-14,14.26,8.78,Canon Medical,2023-02-27
XR-301,X-ray,Riverside General,2014-06-18,2022-09-15,16.52,8.78,Canon Medical,2023-02-27
XR-301,X-ray,Riverside General,2014-06-18,2022-09-16,15.36,8.78,Canon Medical,2023-02-27
XR-301,X-ray,Riverside General,2014-06-18,2022-09-17,9.47,8.78,Canon Medical,2023-02-27
XR-301,X-ray,Riverside General,2014-06-18,2022-09-18,4.38,8.78,Canon Medical,2023-02-27
XR-301,X-ray,Riverside General,2014-06-18,2022-09-19,12.77,8.78,Canon Medical,2023-02-27
XR-301,X-ray,Riverside General,2014-06-18,2022-09-20,14.6,8.78,Canon Medical,2023-02-27
XR-301,X-ray,Riverside General,2014-06-18,2022-09-21,12.53,8.78,Canon Medical,2023-02-27
XR-301,X-ray,Riverside General,2014-06-18,2022-09-22,13.47,8.78,Canon Medical,2023-02-27
XR-301,X-ray,Riverside General,2014-06-18,2022-09-23,13.61,8.78,Canon Medical,2023-02-27
XR-301,X-ray,Riverside General,2014-06-18,2022-09-24,9.99,8.78,Canon Medical,2023-02-27
XR-301,X-ray,Riverside General,2014-06-18,2022-09-25,4.42,8.78,Canon Medical,2023-02-27
XR-301,X-ray,Riverside General,2014-06-18,2022-09-26,11.05,8.78,Canon Medical,2023-02-27
XR-301,X-ray,Riverside General,2014-06-18,2022-09-27,14.29,8.78,Canon Medical,2023-02-27
XR-301,X-ray,Riverside General,2014-06-18,2022-09-28,12.97,8.78,Canon Medical,2023-02-27
XR-301,X-ray,Riverside General,2014-06-18,2022-09-29,13.78,8.78,Canon Medical,2023-02-27
XR-301,X-ray,Riverside General,2014-06-18,2022-09-30,13.64,8.78,Canon Medical,2023-02-27
XR-301,X-ray,Riverside General,2014-06-18,2022-10-01,7.94,8.78,Canon Medical,2023-02-27
XR-301,X-ray,Riverside General,2014-06-18,2022-10-02,5.68,8.78,Canon Medical,2023-02-27
XR-301,X-ray,Riverside General,2014-06-18,2022-10-03,12.05,8.78,Canon Medical,2023-02-27
XR-301,X-ray,Riverside General,2014-06-18,2022-10-04,13.17,8.78,Canon Medical,2023-02-27
XR-301,X-ray,Riverside General,2014-06-18,2022-10-05,14.49,8.78,Canon Medical,2023-02-27
XR-301,X-ray,Riverside General,2014-06-18,2022-10-06,13.06,8.78,Canon Medical,2023-02-27
XR-301,X-ray,Riverside General,2014-06-18,2022-10-07,11.97,8.78,Canon Medical,2023-02-27
XR-301,X-ray,Riverside General,2014-06-18,2022-10-08,8.98,8.78,Canon Medical,2023-02-27
XR-301,X-ray,Riverside General,2014-06-18,2022-10-09,6.04,8.78,Canon Medical,2023-02-27
XR-301,X-ray,Riverside General,2014-06-18,2022-10-10,13.69,8.78,Canon Medical,2023-02-27
XR-301,X-ray,Riverside General,2014-06-18,2022-10-11,11.58,8.78,Canon Medical,2023-02-27
XR-301,X-ray,Riverside General,2014-06-18,2022-10-12,14.51,8.78,Canon Medical,2023-02-27
XR-301,X-ray,Riverside General,2014-06-18,2022-10-13,11.91,8.78,Canon Medical,2023-02-27
XR-301,X-ray,Riverside General,2014-06-18,2022-10-14,14.08,8.78,Canon Medical,2023-02-27
XR-301,X-ray,Riverside General,2014-06-18,2022-10-15,7.27,8.78,Canon Medical,2023-02-27
XR-301,X-ray,Riverside General,2014-06-18,2022-10-16,3.53,8.78,Canon Medical,2023-02-27
XR-301,X-ray,Riverside General,2014-06-18,2022-10-17,13.25,8.78,Canon Medical,2023-02-27
XR-301,X-ray,Riverside General,2014-06-18,2022-10-18,13.53,8.78,Canon Medical,2023-02-27
XR-301,X-ray,Riverside General,2014-06-18,2022-10-19,13.03,8.78,Canon Medical,2023-02-27
XR-301,X-ray,Riverside General,2014-06-18,2022-10-20,14.38,8.78,Canon Medical,2023-02-27
XR-301,X-ray,Riverside General,2014-06-18,2022-10-21,13.25,8.78,Canon Medical,2023-02-27
XR-301,X-ray,Riverside General,2014-06-18,2022-10-22,9.32,8.78,Canon Medical,2023-02-27
XR-301,X-ray,Riverside General,2014-06-18,2022-10-23,5.12,8.78,Canon Medical,2023-02-27
XR-301,X-ray,Riverside General,2014-06-18,2022-10-24,12.97,8.78,Canon Medical,2023-02-27
XR-301,X-ray,Riverside General,2014-06-18,2022-10-25,12.78,8.78,Canon Medical,2023-02-27
XR-301,X-ray,Riverside General,2014-06-18,2022-10-26,11.92,8.78,Canon Medical,2023-02-27
XR-301,X-ray,Riverside General,2014-06-18,2022-10-27,14.06,8.78,Canon Medical,2023-02-27
XR-301,X-ray,Riverside General,2014-06-18,2022-10-28,13.35,8.78,Canon Medical,2023-02-27
XR-301,X-ray,Riverside General,2014-06-18,2022-10-29,5.63,8.78,Canon Medical,2023-02-27
XR-301,X-ray,Riverside General,2014-06-18,2022-10-30,4.22,8.78,Canon Medical,2023-02-27
XR-301,X-ray,Riverside General,2014-06-18,2022-10-31,12.75,8.78,Canon Medical,2023-02-27
XR-301,X-ray,Riverside General,2014-06-18,2022-11-01,15.47,8.78,Canon Medical,2023-02-27
XR-301,X-ray,Riverside General,2014-06-18,2022-11-02,11.86,8.78,Canon Medical,2023-02-27
XR-301,X-ray,Riverside General,2014-06-18,2022-11-03,12.15,8.78,Canon Medical,2023-02-27
XR-301,X-ray,Riverside General,2014-06-18,2022-11-04,14.96,8.78,Canon Medical,2023-02-27
XR-301,X-ray,Riverside General,2014-06-18,2022-11-05,9.73,8.78,Canon Medical,2023-02-27
XR-301,X-ray,Riverside General,2014-06-18,2022-11-06,3.99,8.78,Canon Medical,2023-02-27
XR-301,X-ray,Riverside General,2014-06-18,2022-11-07,13.04,8.78,Canon Medical,2023-02-27
XR-301,X-ray,Riverside General,2014-06-18,2022-11-08,14.41,8.78,Canon Medical,2023-02-27
XR-301,X-ray,Riverside General,2014-06-18,2022-11-09,11.18,8.78,Canon Medical,2023-02-27
XR-301,X-ray,Riverside General,2014-06-18,2022-11-10,11.69,8.78,Canon Medical,2023-02-27
XR-301,X-ray,Riverside General,2014-06-18,2022-11-11,13.43,8.78,Canon Medical,2023-02-27
XR-301,X-ray,Riverside General,2014-06-18,2022-11-12,13.23,8.78,Canon Medical,2023-02-27
XR-301,X-ray,Riverside General,2014-06-18,2022-11-13,4.33,8.78,Canon Medical,2023-02-27
XR-301,X-ray,Riverside General,2014-06-18,2022-11-14,13.85,8.78,Canon Medical,2023-02-27
XR-301,X-ray,Riverside General,2014-06-18,2022-11-15,14.98,8.78,Canon Medical,2023-02-27
XR-301,X-ray,Riverside General,2014-06-18,2022-11-16,16.05,8.78,Canon Medical,2023-02-27
XR-301,X-ray,Riverside General,2014-06-18,2022-11-17,13.1,8.78,Canon Medical,2023-02-27
XR-301,X-ray,Riverside General,2014-06-18,2022-11-18,13.72,8.78,Canon Medical,2023-02-27
XR-301,X-ray,Riverside General,2014-06-18,2022-11-19,10.25,8.78,Canon Medical,2023-02-27
XR-301,X-ray,Riverside General,2014-06-18,2022-11-20,3.13,8.78,Canon Medical,2023-02-27
XR-301,X-ray,Riverside General,2014-06-18,2022-11-21,14.87,8.78,Canon Medical,2023-02-27
XR-301,X-ray,Riverside General,2014-06-18,2022-11-22,12.62,8.78,Canon Medical,2023-02-27
XR-301,X-ray,Riverside General,2014-06-18,2022-11-23,13.85,8.78,Canon Medical,2023-02-27
XR-301,X-ray,Riverside General,2014-06-18,2022-11-24,13.47,8.78,Canon Medical,2023-02-27
XR-301,X-ray,Riverside General,2014-06-18,2022-11-25,12.68,8.78,Canon Medical,2023-02-27
XR-301,X-ray,Riverside General,2014-06-18,2022-11-26,7.16,8.78,Canon Medical,2023-02-27
XR-301,X-ray,Riverside General,2014-06-18,2022-11-27,5.11,8.78,Canon Medical,2023-02-27
XR-301,X-ray,Riverside General,2014-06-18,2022-11-28,14.83,8.78,Canon Medical,2023-02-27
XR-301,X-ray,Riverside General,2014-06-18,2022-11-29,13.59,8.78,Canon Medical,2023-02-27
XR-301,X-ray,Riverside General,2014-06-18,2022-11-30,13.81,8.78,Canon Medical,2023-02-27
XR-301,X-ray,Riverside General,2014-06-18,2022-12-01,14.36,8.78,Canon Medical,2023-02-27
XR-301,X-ray,Riverside General,2014-06-18,2022-12-02,12.67,8.78,Canon Medical,2023-02-27
XR-301,X-ray,Riverside General,2014-06-18,2022-12-03,9.06,8.78,Canon Medical,2023-02-27
XR-301,X-ray,Riverside General,2014-06-18,2022-12-04,5.71,8.78,Canon Medical,2023-02-27
XR-301,X-ray,Riverside General,2014-06-18,2022-12-05,16.6,8.78,Canon Medical,2023-02-27
XR-301,X-ray,Riverside General,2014-06-18,2022-12-06,13.32,8.78,Canon Medical,2023-02-27
XR-301,X-ray,Riverside General,2014-06-18,2022-12-07,13.23,8.78,Canon Medical,2023-02-27
XR-301,X-ray,Riverside General,2014-06-18,2022-12-08,14.58,8.78,Canon Medical,2023-02-27
XR-301,X-ray,Riverside General,2014-06-18,2022-12-09,14.64,8.78,Canon Medical,2023-02-27
XR-301,X-ray,Riverside General,2014-06-18,2022-12-10,7.65,8.78,Canon Medical,2023-02-27
XR-301,X-ray,Riverside General,2014-06-18,2022-12-11,4.36,8.78,Canon Medical,2023-02-27
XR-301,X-ray,Riverside General,2014-06-18,2022-12-12,14.33,8.78,Canon Medical,2023-02-27
XR-301,X-ray,Riverside General,2014-06-18,2022-12-13,12.83,8.78,Canon Medical,2023-02-27
XR-301,X-ray,Riverside General,2014-06-18,2022-12-14,13.29,8.78,Canon Medical,2023-02-27
XR-301,X-ray,Riverside General,2014-06-18,2022-12-15,13.84,8.78,Canon Medical,2023-02-27
XR-301,X-ray,Riverside General,2014-06-18,2022-12-16,14.83,8.78,Canon Medical,2023-02-27
XR-301,X-ray,Riverside General,2014-06-18,2022-12-17,7.58,8.78,Canon Medical,2023-02-27
XR-301,X-ray,Riverside General,2014-06-18,2022-12-18,2.78,8.78,Canon Medical,2023-02-27
XR-301,X-ray,Riverside General,2014-06-18,2022-12-19,11.63,8.78,Canon Medical,2023-02-27
XR-301,X-ray,Riverside General,2014-06-18,2022-12-20,12.35,8.78,Canon Medical,2023-02-27
XR-301,X-ray,Riverside General,2014-06-18,2022-12-21,12.29,8.78,Canon Medical,2023-02-27
XR-301,X-ray,Riverside General,2014-06-18,2022-12-22,13.57,8.78,Canon Medical,2023-02-27
XR-301,X-ray,Riverside General,2014-06-18,2022-12-23,12.43,8.78,Canon Medical,2023-02-27
XR-301,X-ray,Riverside General,2014-06-18,2022-12-24,7.47,8.78,Canon Medical,2023-02-27
XR-301,X-ray,Riverside General,2014-06-18,2022-12-25,3.96,8.78,Canon Medical,2023-02-27
XR-301,X-ray,Riverside General,2014-06-18,2022-12-26,13.25,8.78,Canon Medical,2023-02-27
XR-301,X-ray,Riverside General,2014-06-18,2022-12-27,15.19,8.78,Canon Medical,2023-02-27
XR-301,X-ray,Riverside General,2014-06-18,2022-12-28,14.46,8.78,Canon Medical,2023-02-27
XR-301,X-ray,Riverside General,2014-06-18,2022-12-29,13.75,8.78,Canon Medical,2023-02-27
XR-301,X-ray,Riverside General,2014-06-18,2022-12-30,13.23,8.78,Canon Medical,2023-02-27
XR-301,X-ray,Riverside General,2014-06-18,2022-12-31,7.77,8.78,Canon Medical,2023-02-27
XR-301,X-ray,Riverside General,2014-06-18,2023-01-01,5.17,8.78,Canon Medical,2023-02-27
XR-301,X-ray,Riverside General,2014-06-18,2023-01-02,14.38,8.78,Canon Medical,2023-02-27
XR-301,X-ray,Riverside General,2014-06-18,2023-01-03,12.74,8.78,Canon Medical,2023-02-27
XR-301,X-ray,Riverside General,2014-06-18,2023-01-04,13.78,8.78,Canon Medical,2023-02-27
XR-301,X-ray,Riverside General,2014-06-18,2023-01-05,11.5,8.78,Canon Medical,2023-02-27
XR-301,X-ray,Riverside General,2014-06-18,2023-01-06,13.97,8.78,Canon Medical,2023-02-27
XR-301,X-ray,Riverside General,2014-06-18,2023-01-07,9.08,8.78,Canon Medical,2023-02-27
XR-301,X-ray,Riverside General,2014-06-18,2023-01-08,4.5,8.78,Canon Medical,2023-02-27
XR-301,X-ray,Riverside General,2014-06-18,2023-01-09,15.73,8.78,Canon Medical,2023-02-27
XR-301,X-ray,Riverside General,2014-06-18,2023-01-10,12.77,8.78,Canon Medical,2023-02-27
XR-301,X-ray,Riverside General,2014-06-18,2023-01-11,13.98,8.78,Canon Medical,2023-02-27
XR-301,X-ray,Riverside General,2014-06-18,2023-01-12,13.7,8.78,Canon Medical,2023-02-27
XR-301,X-ray,Riverside General,2014-06-18,2023-01-13,13.23,8.78,Canon Medical,2023-02-27
XR-301,X-ray,Riverside General,2014-06-18,2023-01-14,8.12,8.78,Canon Medical,2023-02-27
XR-301,X-ray,Riverside General,2014-06-18,2023-01-15,4.93,8.78,Canon Medical,2023-02-27
XR-301,X-ray,Riverside General,2014-06-18,2023-01-16,14.67,8.78,Canon Medical,2023-02-27
XR-301,X-ray,Riverside General,2014-06-18,2023-01-17,15.25,8.78,Canon Medical,2023-02-27
XR-301,X-ray,Riverside General,2014-06-18,2023-01-18,13.73,8.78,Canon Medical,2023-02-27
XR-301,X-ray,Riverside General,2014-06-18,2023-01-19,14.63,8.78,Canon Medical,2023-02-27
XR-301,X-ray,Riverside General,2014-06-18,2023-01-20,12.96,8.78,Canon Medical,2023-02-27
XR-301,X-ray,Riverside General,2014-06-18,2023-01-21,9.08,8.78,Canon Medical,2023-02-27
XR-301,X-ray,Riverside General,2014-06-18,2023-01-22,3.97,8.78,Canon Medical,2023-02-27
XR-301,X-ray,Riverside General,2014-06-18,2023-01-23,14.94,8.78,Canon Medical,2023-02-27
XR-301,X-ray,Riverside General,2014-06-18,2023-01-24,16.17,8.78,Canon Medical,2023-02-27
XR-301,X-ray,Riverside General,2014-06-18,2023-01-25,13.6,8.78,Canon Medical,2023-02-27
XR-301,X-ray,Riverside General,2014-06-18,2023-01-26,11.32,8.78,Canon Medical,2023-02-27
XR-301,X-ray,Riverside General,2014-06-18,2023-01-27,13.13,8.78,Canon Medical,2023-02-27
XR-301,X-ray,Riverside General,2014-06-18,2023-01-28,9.6,8.78,Canon Medical,2023-02-27
XR-301,X-ray,Riverside General,2014-06-18,2023-01-29,5.42,8.78,Canon Medical,2023-02-27
XR-301,X-ray,Riverside General,2014-06-18,2023-01-30,14.01,8.78,Canon Medical,2023-02-27
XR-301,X-ray,Riverside General,2014-06-18,2023-01-31,14.85,8.78,Canon Medical,2023-02-27
XR-301,X-ray,Riverside General,2014-06-18,2023-02-01,14.27,8.78,Canon Medical,2023-02-27
XR-301,X-ray,Riverside General,2014-06-18,2023-02-02,15.08,8.78,Canon Medical,2023-02-27
XR-301,X-ray,Riverside General,2014-06-18,2023-02-03,14.75,8.78,Canon Medical,2023-02-27
XR-301,X-ray,Riverside General,2014-06-18,2023-02-04,9.92,8.78,Canon Medical,2023-02-27
XR-301,X-ray,Riverside General,2014-06-18,2023-02-05,5.2,8.78,Canon Medical,2023-02-27
XR-301,X-ray,Riverside General,2014-06-18,2023-02-06,14.73,8.78,Canon Medical,2023-02-27
XR-301,X-ray,Riverside General,2014-06-18,2023-02-07,13.4,8.78,Canon Medical,2023-02-27
XR-301,X-ray,Riverside General,2014-06-18,2023-02-08,13.07,8.78,Canon Medical,2023-02-27
XR-301,X-ray,Riverside General,2014-06-18,2023-02-09,15.61,8.78,Canon Medical,2023-02-27
XR-301,X-ray,Riverside General,2014-06-18,2023-02-10,13.97,8.78,Canon Medical,2023-02-27
XR-301,X-ray,Riverside General,2014-06-18,2023-02-11,9.13,8.78,Canon Medical,2023-02-27
XR-301,X-ray,Riverside General,2014-06-18,2023-02-12,4.94,8.78,Canon Medical,2023-02-27
XR-301,X-ray,Riverside General,2014-06-18,2023-02-13,13.09,8.78,Canon Medical,2023-02-27
XR-301,X-ray,Riverside General,2014-06-18,2023-02-14,13.75,8.78,Canon Medical,2023-02-27
XR-301,X-ray,Riverside General,2014-06-18,2023-02-15,15.32,8.78,Canon Medical,2023-02-27
XR-301,X-ray,Riverside General,2014-06-18,2023-02-16,14.35,8.78,Canon Medical,2023-02-27
XR-301,X-ray,Riverside General,2014-06-18,2023-02-17,11.85,8.78,Canon Medical,2023-02-27
XR-301,X-ray,Riverside General,2014-06-18,2023-02-18,8.01,8.78,Canon Medical,2023-02-27
XR-301,X-ray,Riverside General,2014-06-18,2023-02-19,6.77,8.78,Canon Medical,2023-02-27
XR-301,X-ray,Riverside General,2014-06-18,2023-02-20,13.5,8.78,Canon Medical,2023-02-27
XR-301,X-ray,Riverside General,2014-06-18,2023-02-21,11.76,8.78,Canon Medical,2023-02-27
XR-301,X-ray,Riverside General,2014-06-18,2023-02-22,15.82,8.78,Canon Medical,2023-02-27
XR-301,X-ray,Riverside General,2014-06-18,2023-02-23,14.49,8.78,Canon Medical,2023-02-27
XR-301,X-ray,Riverside General,2014-06-18,2023-02-24,13.66,8.78,Canon Medical,2023-02-27
XR-301,X-ray,Riverside General,2014-06-18,2023-02-25,7.83,8.78,Canon Medical,2023-02-27
XR-301,X-ray,Riverside General,2014-06-18,2023-02-26,6.0,8.78,Canon Medical,2023-02-27
XR-301,X-ray,Riverside General,2014-06-18,2023-02-27,13.14,8.78,Canon Medical,2023-02-27
XR-301,X-ray,Riverside General,2014-06-18,2023-02-28,15.0,8.78,Canon Medical,2023-02-27
XR-301,X-ray,Riverside General,2014-06-18,2023-03-01,14.33,8.78,Canon Medical,2023-02-27
XR-301,X-ray,Riverside General,2014-06-18,2023-03-02,14.01,8.78,Canon Medical,2023-02-27
XR-301,X-ray,Riverside General,2014-06-18,2023-03-03,13.9,8.78,Canon Medical,2023-02-27
XR-301,X-ray,Riverside General,2014-06-18,2023-03-04,8.05,8.78,Canon Medical,2023-02-27
XR-301,X-ray,Riverside General,2014-06-18,2023-03-05,5.96,8.78,Canon Medical,2023-02-27
XR-301,X-ray,Riverside General,2014-06-18,2023-03-06,12.78,8.78,Canon Medical,2023-02-27
XR-301,X-ray,Riverside General,2014-06-18,2023-03-07,11.95,8.78,Canon Medical,2023-02-27
XR-301,X-ray,Riverside General,2014-06-18,2023-03-08,14.41,8.78,Canon Medical,2023-02-27
XR-301,X-ray,Riverside General,2014-06-18,2023-03-09,14.43,8.78,Canon Medical,2023-02-27
XR-301,X-ray,Riverside General,2014-06-18,2023-03-10,14.26,8.78,Canon Medical,2023-02-27
XR-301,X-ray,Riverside General,2014-06-18,2023-03-11,8.69,8.78,Canon Medical,2023-02-27
XR-301,X-ray,Riverside General,2014-06-18,2023-03-12,4.46,8.78,Canon Medical,2023-02-27
XR-301,X-ray,Riverside General,2014-06-18,2023-03-13,14.6,8.78,Canon Medical,2023-02-27
XR-301,X-ray,Riverside General,2014-06-18,2023-03-14,13.69,8.78,Canon Medical,2023-02-27
XR-301,X-ray,Riverside General,2014-06-18,2023-03-15,13.2,8.78,Canon Medical,2023-02-27
XR-301,X-ray,Riverside General,2014-06-18,2023-03-16,13.39,8.78,Canon Medical,2023-02-27
XR-301,X-ray,Riverside General,2014-06-18,2023-03-17,15.96,8.78,Canon Medical,2023-02-27
XR-301,X-ray,Riverside General,2014-06-18,2023-03-18,6.33,8.78,Canon Medical,2023-02-27
XR-301,X-ray,Riverside General,2014-06-18,2023-03-19,5.36,8.78,Canon Medical,2023-02-27
XR-301,X-ray,Riverside General,2014-06-18,2023-03-20,11.89,8.78,Canon Medical,2023-02-27
XR-301,X-ray,Riverside General,2014-06-18,2023-03-21,13.62,8.78,Canon Medical,2023-02-27
XR-301,X-ray,Riverside General,2014-06-18,2023-03-22,13.26,8.78,Canon Medical,2023-02-27
XR-301,X-ray,Riverside General,2014-06-18,2023-03-23,11.44,8.78,Canon Medical,2023-02-27
XR-301,X-ray,Riverside General,2014-06-18,2023-03-24,14.16,8.78,Canon Medical,2023-02-27
XR-301,X-ray,Riverside General,2014-06-18,2023-03-25,7.82,8.78,Canon Medical,2023-02-27
XR-301,X-ray,Riverside General,2014-06-18,2023-03-26,2.5,8.78,Canon Medical,2023-02-27
XR-301,X-ray,Riverside General,2014-06-18,2023-03-27,14.66,8.78,Canon Medical,2023-02-27
XR-301,X-ray,Riverside General,2014-06-18,2023-03-28,15.32,8.78,Canon Medical,2023-02-27
XR-301,X-ray,Riverside General,2014-06-18,2023-03-29,15.38,8.78,Canon Medical,2023-02-27
XR-301,X-ray,Riverside General,2014-06-18,2023-03-30,14.13,8.78,Canon Medical,2023-02-27
XR-301,X-ray,Riverside General,2014-06-18,2023-03-31,13.79,8.78,Canon Medical,2023-02-27
XR-302,X-ray,Lakeview Medical Center,2017-10-09,2022-04-01,15.3,5.47,Canon Medical,2022-12-27
XR-302,X-ray,Lakeview Medical Center,2017-10-09,2022-04-02,10.15,5.47,Canon Medical,2022-12-27
XR-302,X-ray,Lakeview Medical Center,2017-10-09,2022-04-03,6.09,5.47,Canon Medical,2022-12-27
XR-302,X-ray,Lakeview Medical Center,2017-10-09,2022-04-04,12.8,5.47,Canon Medical,2022-12-27
XR-302,X-ray,Lakeview Medical Center,2017-10-09,2022-04-05,14.06,5.47,Canon Medical,2022-12-27
XR-302,X-ray,Lakeview Medical Center,2017-10-09,2022-04-06,14.32,5.47,Canon Medical,2022-12-27
XR-302,X-ray,Lakeview Medical Center,2017-10-09,2022-04-07,11.85,5.47,Canon Medical,2022-12-27
XR-302,X-ray,Lakeview Medical Center,2017-10-09,2022-04-08,14.35,5.47,Canon Medical,2022-12-27
XR-302,X-ray,Lakeview Medical Center,2017-10-09,2022-04-09,10.8,5.47,Canon Medical,2022-12-27
XR-302,X-ray,Lakeview Medical Center,2017-10-09,2022-04-10,5.55,5.47,Canon Medical,2022-12-27
XR-302,X-ray,Lakeview Medical Center,2017-10-09,2022-04-11,15.46,5.47,Canon Medical,2022-12-27
XR-302,X-ray,Lakeview Medical Center,2017-10-09,2022-04-12,14.04,5.47,Canon Medical,2022-12-27
XR-302,X-ray,Lakeview Medical Center,2017-10-09,2022-04-13,13.76,5.47,Canon Medical,2022-12-27
XR-302,X-ray,Lakeview Medical Center,2017-10-09,2022-04-14,14.26,5.47,Canon Medical,2022-12-27
XR-302,X-ray,Lakeview Medical Center,2017-10-09,2022-04-15,12.94,5.47,Canon Medical,2022-12-27
XR-302,X-ray,Lakeview Medical Center,2017-10-09,2022-04-16,7.24,5.47,Canon Medical,2022-12-27
XR-302,X-ray,Lakeview Medical Center,2017-10-09,2022-04-17,6.24,5.47,Canon Medical,2022-12-27
XR-302,X-ray,Lakeview Medical Center,2017-10-09,2022-04-18,15.35,5.47,Canon Medical,2022-12-27
XR-302,X-ray,Lakeview Medical Center,2017-10-09,2022-04-19,12.75,5.47,Canon Medical,2022-12-27
XR-302,X-ray,Lakeview Medical Center,2017-10-09,2022-04-20,14.9,5.47,Canon Medical,2022-12-27
XR-302,X-ray,Lakeview Medical Center,2017-10-09,2022-04-21,13.74,5.47,Canon Medical,2022-12-27
XR-302,X-ray,Lakeview Medical Center,2017-10-09,2022-04-22,14.21,5.47,Canon Medical,2022-12-27
XR-302,X-ray,Lakeview Medical Center,2017-10-09,2022-04-23,8.81,5.47,Canon Medical,2022-12-27
XR-302,X-ray,Lakeview Medical Center,2017-10-09,2022-04-24,5.94,5.47,Canon Medical,2022-12-27
XR-302,X-ray,Lakeview Medical Center,2017-10-09,2022-04-25,13.93,5.47,Canon Medical,2022-12-27
XR-302,X-ray,Lakeview Medical Center,2017-10-09,2022-04-26,15.39,5.47,Canon Medical,2022-12-27
XR-302,X-ray,Lakeview Medical Center,2017-10-09,2022-04-27,14.18,5.47,Canon Medical,2022-12-27
XR-302,X-ray,Lakeview Medical Center,2017-10-09,2022-04-28,14.52,5.47,Canon Medical,2022-12-27
XR-302,X-ray,Lakeview Medical Center,2017-10-09,2022-04-29,12.92,5.47,Canon Medical,2022-12-27
XR-302,X-ray,Lakeview Medical Center,2017-10-09,2022-04-30,10.68,5.47,Canon Medical,2022-12-27
XR-302,X-ray,Lakeview Medical Center,2017-10-09,2022-05-01,5.36,5.47,Canon Medical,2022-12-27
XR-302,X-ray,Lakeview Medical Center,2017-10-09,2022-05-02,14.62,5.47,Canon Medical,2022-12-27
XR-302,X-ray,Lakeview Medical Center,2017-10-09,2022-05-03,12.07,5.47,Canon Medical,2022-12-27
XR-302,X-ray,Lakeview Medical Center,2017-10-09,2022-05-04,12.93,5.47,Canon Medical,2022-12-27
XR-302,X-ray,Lakeview Medical Center,2017-10-09,2022-05-05,15.2,5.47,Canon Medical,2022-12-27
XR-302,X-ray,Lakeview Medical Center,2017-10-09,2022-05-06,14.15,5.47,Canon Medical,2022-12-27
XR-302,X-ray,Lakeview Medical Center,2017-10-09,2022-05-07,6.2,5.47,Canon Medical,2022-12-27
XR-302,X-ray,Lakeview Medical Center,2017-10-09,2022-05-08,5.98,5.47,Canon Medical,2022-12-27
XR-302,X-ray,Lakeview Medical Center,2017-10-09,2022-05-09,13.24,5.47,Canon Medical,2022-12-27
XR-302,X-ray,Lakeview Medical Center,2017-10-09,2022-05-10,15.39,5.47,Canon Medical,2022-12-27
XR-302,X-ray,Lakeview Medical Center,2017-10-09,2022-05-11,13.74,5.47,Canon Medical,2022-12-27
XR-302,X-ray,Lakeview Medical Center,2017-10-09,2022-05-12,13.24,5.47,Canon Medical,2022-12-27
XR-302,X-ray,Lakeview Medical Center,2017-10-09,2022-05-13,15.13,5.47,Canon Medical,2022-12-27
XR-302,X-ray,Lakeview Medical Center,2017-10-09,2022-05-14,7.31,5.47,Canon Medical,2022-12-27
XR-302,X-ray,Lakeview Medical Center,2017-10-09,2022-05-15,3.75,5.47,Canon Medical,2022-12-27
XR-302,X-ray,Lakeview Medical Center,2017-10-09,2022-05-16,13.62,5.47,Canon Medical,2022-12-27
XR-302,X-ray,Lakeview Medical Center,2017-10-09,2022-05-17,14.75,5.47,Canon Medical,2022-12-27
XR-302,X-ray,Lakeview Medical Center,2017-10-09,2022-05-18,12.37,5.47,Canon Medical,2022-12-27
XR-302,X-ray,Lakeview Medical Center,2017-10-09,2022-05-19,12.0,5.47,Canon Medical,2022-12-27
XR-302,X-ray,Lakeview Medical Center,2017-10-09,2022-05-20,14.74,5.47,Canon Medical,2022-12-27
XR-302,X-ray,Lakeview Medical Center,2017-10-09,2022-05-21,7.64,5.47,Canon Medical,2022-12-27
XR-302,X-ray,Lakeview Medical Center,2017-10-09,2022-05-22,4.41,5.47,Canon Medical,2022-12-27
XR-302,X-ray,Lakeview Medical Center,2017-10-09,2022-05-23,11.79,5.47,Canon Medical,2022-12-27
XR-302,X-ray,Lakeview Medical Center,2017-10-09,2022-05-24,13.09,5.47,Canon Medical,2022-12-27
XR-302,X-ray,Lakeview Medical Center,2017-10-09,2022-05-25,13.83,5.47,Canon Medical,2022-12-27
XR-302,X-ray,Lakeview Medical Center,2017-10-09,2022-05-26,14.86,5.47,Canon Medical,2022-12-27
XR-302,X-ray,Lakeview Medical Center,2017-10-09,2022-05-27,12.99,5.47,Canon Medical,2022-12-27
XR-302,X-ray,Lakeview Medical Center,2017-10-09,2022-05-28,10.12,5.47,Canon Medical,2022-12-27
XR-302,X-ray,Lakeview Medical Center,2017-10-09,2022-05-29,4.09,5.47,Canon Medical,2022-12-27
XR-302,X-ray,Lakeview Medical Center,2017-10-09,2022-05-30,13.08,5.47,Canon Medical,2022-12-27
XR-302,X-ray,Lakeview Medical Center,2017-10-09,2022-05-31,15.53,5.47,Canon Medical,2022-12-27
XR-302,X-ray,Lakeview Medical Center,2017-10-09,2022-06-01,14.07,5.47,Canon Medical,2022-12-27
XR-302,X-ray,Lakeview Medical Center,2017-10-09,2022-06-02,13.23,5.47,Canon Medical,2022-12-27
XR-302,X-ray,Lakeview Medical Center,2017-10-09,2022-06-03,13.67,5.47,Canon Medical,2022-12-27
XR-302,X-ray,Lakeview Medical Center,2017-10-09,2022-06-04,9.79,5.47,Canon Medical,2022-12-27
XR-302,X-ray,Lakeview Medical Center,2017-10-09,2022-06-05,6.46,5.47,Canon Medical,2022-12-27
XR-302,X-ray,Lakeview Medical Center,2017-10-09,2022-06-06,12.94,5.47,Canon Medical,2022-12-27
XR-302,X-ray,Lakeview Medical Center,2017-10-09,2022-06-07,13.79,5.47,Canon Medical,2022-12-27
XR-302,X-ray,Lakeview Medical Center,2017-10-09,2022-06-08,13.94,5.47,Canon Medical,2022-12-27
XR-302,X-ray,Lakeview Medical Center,2017-10-09,2022-06-09,12.75,5.47,Canon Medical,2022-12-27
XR-302,X-ray,Lakeview Medical Center,2017-10-09,2022-06-10,13.77,5.47,Canon Medical,2022-12-27
XR-302,X-ray,Lakeview Medical Center,2017-10-09,2022-06-11,8.31,5.47,Canon Medical,2022-12-27
XR-302,X-ray,Lakeview Medical Center,2017-10-09,2022-06-12,6.1,5.47,Canon Medical,2022-12-27
XR-302,X-ray,Lakeview Medical Center,2017-10-09,2022-06-13,15.16,5.47,Canon Medical,2022-12-27
XR-302,X-ray,Lakeview Medical Center,2017-10-09,2022-06-14,13.47,5.47,Canon Medical,2022-12-27
XR-302,X-ray,Lakeview Medical Center,2017-10-09,2022-06-15,13.6,5.47,Canon Medical,2022-12-27
XR-302,X-ray,Lakeview Medical Center,2017-10-09,2022-06-16,14.57,5.47,Canon Medical,2022-12-27
XR-302,X-ray,Lakeview Medical Center,2017-10-09,2022-06-17,13.19,5.47,Canon Medical,2022-12-27
XR-302,X-ray,Lakeview Medical Center,2017-10-09,2022-06-18,8.95,5.47,Canon Medical,2022-12-27
XR-302,X-ray,Lakeview Medical Center,2017-10-09,2022-06-19,4.75,5.47,Canon Medical,2022-12-27
XR-302,X-ray,Lakeview Medical Center,2017-10-09,2022-06-20,12.77,5.47,Canon Medical,2022-12-27
XR-302,X-ray,Lakeview Medical Center,2017-10-09,2022-06-21,12.78,5.47,Canon Medical,2022-12-27
XR-302,X-ray,Lakeview Medical Center,2017-10-09,2022-06-22,15.43,5.47,Canon Medical,2022-12-27
XR-302,X-ray,Lakeview Medical Center,2017-10-09,2022-06-23,13.66,5.47,Canon Medical,2022-12-27
XR-302,X-ray,Lakeview Medical Center,2017-10-09,2022-06-24,15.64,5.47,Canon Medical,2022-12-27
XR-302,X-ray,Lakeview Medical Center,2017-10-09,2022-06-25,7.74,5.47,Canon Medical,2022-12-27
XR-302,X-ray,Lakeview Medical Center,2017-10-09,2022-06-26,5.16,5.47,Canon Medical,2022-12-27
XR-302,X-ray,Lakeview Medical Center,2017-10-09,2022-06-27,16.47,5.47,Canon Medical,2022-12-27
XR-302,X-ray,Lakeview Medical Center,2017-10-09,2022-06-28,12.67,5.47,Canon Medical,2022-12-27
XR-302,X-ray,Lakeview Medical Center,2017-10-09,2022-06-29,11.75,5.47,Canon Medical,2022-12-27
XR-302,X-ray,Lakeview Medical Center,2017-10-09,2022-06-30,15.25,5.47,Canon Medical,2022-12-27
XR-302,X-ray,Lakeview Medical Center,2017-10-09,2022-07-01,12.93,5.47,Canon Medical,2022-12-27
XR-302,X-ray,Lakeview Medical Center,2017-10-09,2022-07-02,8.28,5.47,Canon Medical,2022-12-27
XR-302,X-ray,Lakeview Medical Center,2017-10-09,2022-07-03,4.2,5.47,Canon Medical,2022-12-27
XR-302,X-ray,Lakeview Medical Center,2017-10-09,2022-07-04,14.13,5.47,Canon Medical,2022-12-27
XR-302,X-ray,Lakeview Medical Center,2017-10-09,2022-07-05,12.79,5.47,Canon Medical,2022-12-27
XR-302,X-ray,Lakeview Medical Center,2017-10-09,2022-07-06,13.64,5.47,Canon Medical,2022-12-27
XR-302,X-ray,Lakeview Medical Center,2017-10-09,2022-07-07,14.33,5.47,Canon Medical,2022-12-27
XR-302,X-ray,Lakeview Medical Center,2017-10-09,2022-07-08,12.73,5.47,Canon Medical,2022-12-27
XR-302,X-ray,Lakeview Medical Center,2017-10-09,2022-07-09,7.53,5.47,Canon Medical,2022-12-27
XR-302,X-ray,Lakeview Medical Center,2017-10-09,2022-07-10,4.46,5.47,Canon Medical,2022-12-27
XR-302,X-ray,Lakeview Medical Center,2017-10-09,2022-07-11,12.26,5.47,Canon Medical,2022-12-27
XR-302,X-ray,Lakeview Medical Center,2017-10-09,2022-07-12,13.37,5.47,Canon Medical,2022-12-27
XR-302,X-ray,Lakeview Medical Center,2017-10-09,2022-07-13,13.97,5.47,Canon Medical,2022-12-27
XR-302,X-ray,Lakeview Medical Center,2017-10-09,2022-07-14,13.4,5.47,Canon Medical,2022-12-27
XR-302,X-ray,Lakeview Medical Center,2017-10-09,2022-07-15,13.54,5.47,Canon Medical,2022-12-27
XR-302,X-ray,Lakeview Medical Center,2017-10-09,2022-07-16,8.28,5.47,Canon Medical,2022-12-27
XR-302,X-ray,Lakeview Medical Center,2017-10-09,2022-07-17,4.12,5.47,Canon Medical,2022-12-27
XR-302,X-ray,Lakeview Medical Center,2017-10-09,2022-07-18,14.6,5.47,Canon Medical,2022-12-27
XR-302,X-ray,Lakeview Medical Center,2017-10-09,2022-07-19,15.42,5.47,Canon Medical,2022-12-27
XR-302,X-ray,Lakeview Medical Center,2017-10-09,2022-07-20,13.33,5.47,Canon Medical,2022-12-27
XR-302,X-ray,Lakeview Medical Center,2017-10-09,2022-07-21,14.37,5.47,Canon Medical,2022-12-27
XR-302,X-ray,Lakeview Medical Center,2017-10-09,2022-07-22,13.57,5.47,Canon Medical,2022-12-27
XR-302,X-ray,Lakeview Medical Center,2017-10-09,2022-07-23,8.7,5.47,Canon Medical,2022-12-27
XR-302,X-ray,Lakeview Medical Center,2017-10-09,2022-07-24,6.56,5.47,Canon Medical,2022-12-27
XR-302,X-ray,Lakeview Medical Center,2017-10-09,2022-07-25,14.4,5.47,Canon Medical,2022-12-27
XR-302,X-ray,Lakeview Medical Center,2017-10-09,2022-07-26,11.89,5.47,Canon Medical,2022-12-27
XR-302,X-ray,Lakeview Medical Center,2017-10-09,2022-07-27,14.34,5.47,Canon Medical,2022-12-27
XR-302,X-ray,Lakeview Medical Center,2017-10-09,2022-07-28,15.19,5.47,Canon Medical,2022-12-27
XR-302,X-ray,Lakeview Medical Center,2017-10-09,2022-07-29,13.59,5.47,Canon Medical,2022-12-27
XR-302,X-ray,Lakeview Medical Center,2017-10-09,2022-07-30,9.4,5.47,Canon Medical,2022-12-27
XR-302,X-ray,Lakeview Medical Center,2017-10-09,2022-07-31,4.08,5.47,Canon Medical,2022-12-27
XR-302,X-ray,Lakeview Medical Center,2017-10-09,2022-08-01,12.2,5.47,Canon Medical,2022-12-27
XR-302,X-ray,Lakeview Medical Center,2017-10-09,2022-08-02,13.99,5.47,Canon Medical,2022-12-27
XR-302,X-ray,Lakeview Medical Center,2017-10-09,2022-08-03,11.9,5.47,Canon Medical,2022-12-27
XR-302,X-ray,Lakeview Medical Center,2017-10-09,2022-08-04,13.57,5.47,Canon Medical,2022-12-27
XR-302,X-ray,Lakeview Medical Center,2017-10-09,2022-08-05,15.25,5.47,Canon Medical,2022-12-27
XR-302,X-ray,Lakeview Medical Center,2017-10-09,2022-08-06,6.2,5.47,Canon Medical,2022-12-27
XR-302,X-ray,Lakeview Medical Center,2017-10-09,2022-08-07,3.44,5.47,Canon Medical,2022-12-27
XR-302,X-ray,Lakeview Medical Center,2017-10-09,2022-08-08,12.7,5.47,Canon Medical,2022-12-27
XR-302,X-ray,Lakeview Medical Center,2017-10-09,2022-08-09,13.77,5.47,Canon Medical,2022-12-27
XR-302,X-ray,Lakeview Medical Center,2017-10-09,2022-08-10,13.43,5.47,Canon Medical,2022-12-27
XR-302,X-ray,Lakeview Medical Center,2017-10-09,2022-08-11,15.37,5.47,Canon Medical,2022-12-27
XR-302,X-ray,Lakeview Medical Center,2017-10-09,2022-08-12,14.89,5.47,Canon Medical,2022-12-27
XR-302,X-ray,Lakeview Medical Center,2017-10-09,2022-08-13,8.85,5.47,Canon Medical,2022-12-27
XR-302,X-ray,Lakeview Medical Center,2017-10-09,2022-08-14,5.0,5.47,Canon Medical,2022-12-27
XR-302,X-ray,Lakeview Medical Center,2017-10-09,2022-08-15,14.27,5.47,Canon Medical,2022-12-27
XR-302,X-ray,Lakeview Medical Center,2017-10-09,2022-08-16,12.89,5.47,Canon Medical,2022-12-27
XR-302,X-ray,Lakeview Medical Center,2017-10-09,2022-08-17,14.78,5.47,Canon Medical,2022-12-27
XR-302,X-ray,Lakeview Medical Center,2017-10-09,2022-08-18,12.61,5.47,Canon Medical,2022-12-27
XR-302,X-ray,Lakeview Medical Center,2017-10-09,2022-08-19,14.75,5.47,Canon Medical,2022-12-27
XR-302,X-ray,Lakeview Medical Center,2017-10-09,2022-08-20,9.61,5.47,Canon Medical,2022-12-27
XR-302,X-ray,Lakeview Medical Center,2017-10-09,2022-08-21,5.07,5.47,Canon Medical,2022-12-27
XR-302,X-ray,Lakeview Medical Center,2017-10-09,2022-08-22,13.64,5.47,Canon Medical,2022-12-27
XR-302,X-ray,Lakeview Medical Center,2017-10-09,2022-08-23,14.28,5.47,Canon Medical,2022-12-27
XR-302,X-ray,Lakeview Medical Center,2017-10-09,2022-08-24,10.69,5.47,Canon Medical,2022-12-27
XR-302,X-ray,Lakeview Medical Center,2017-10-09,2022-08-25,14.17,5.47,Canon Medical,2022-12-27
XR-302,X-ray,Lakeview Medical Center,2017-10-09,2022-08-26,13.71,5.47,Canon Medical,2022-12-27
XR-302,X-ray,Lakeview Medical Center,2017-10-09,2022-08-27,8.25,5.47,Canon Medical,2022-12-27
XR-302,X-ray,Lakeview Medical Center,2017-10-09,2022-08-28,5.62,5.47,Canon Medical,2022-12-27
XR-302,X-ray,Lakeview Medical Center,2017-10-09,2022-08-29,13.75,5.47,Canon Medical,2022-12-27
XR-302,X-ray,Lakeview Medical Center,2017-10-09,2022-08-30,12.58,5.47,Canon Medical,2022-12-27
XR-302,X-ray,Lakeview Medical Center,2017-10-09,2022-08-31,13.68,5.47,Canon Medical,2022-12-27
XR-302,X-ray,Lakeview Medical Center,2017-10-09,2022-09-01,13.91,5.47,Canon Medical,2022-12-27
XR-302,X-ray,Lakeview Medical Center,2017-10-09,2022-09-02,13.96,5.47,Canon Medical,2022-12-27
XR-302,X-ray,Lakeview Medical Center,2017-10-09,2022-09-03,8.48,5.47,Canon Medical,2022-12-27
XR-302,X-ray,Lakeview Medical Center,2017-10-09,2022-09-04,5.99,5.47,Canon Medical,2022-12-27
XR-302,X-ray,Lakeview Medical Center,2017-10-09,2022-09-05,12.64,5.47,Canon Medical,2022-12-27
XR-302,X-ray,Lakeview Medical Center,2017-10-09,2022-09-06,14.03,5.47,Canon Medical,2022-12-27
XR-302,X-ray,Lakeview Medical Center,2017-10-09,2022-09-07,15.25,5.47,Canon Medical,2022-12-27
XR-302,X-ray,Lakeview Medical Center,2017-10-09,2022-09-08,11.93,5.47,Canon Medical,2022-12-27
XR-302,X-ray,Lakeview Medical Center,2017-10-09,2022-09-09,14.03,5.47,Canon Medical,2022-12-27
XR-302,X-ray,Lakeview Medical Center,2017-10-09,2022-09-10,7.66,5.47,Canon Medical,2022-12-27
XR-302,X-ray,Lakeview Medical Center,2017-10-09,2022-09-11,4.43,5.47,Canon Medical,2022-12-27
XR-302,X-ray,Lakeview Medical Center,2017-10-09,2022-09-12,12.84,5.47,Canon Medical,2022-12-27
XR-302,X-ray,Lakeview Medical Center,2017-10-09,2022-09-13,13.65,5.47,Canon Medical,2022-12-27
XR-302,X-ray,Lakeview Medical Center,2017-10-09,2022-09-14,15.86,5.47,Canon Medical,2022-12-27
XR-302,X-ray,Lakeview Medical Center,2017-10-09,2022-09-15,12.45,5.47,Canon Medical,2022-12-27
XR-302,X-ray,Lakeview Medical Center,2017-10-09,2022-09-16,12.55,5.47,Canon Medical,2022-12-27
XR-302,X-ray,Lakeview Medical Center,2017-10-09,2022-09-17,6.87,5.47,Canon Medical,2022-12-27
XR-302,X-ray,Lakeview Medical Center,2017-10-09,2022-09-18,6.74,5.47,Canon Medical,2022-12-27
XR-302,X-ray,Lakeview Medical Center,2017-10-09,2022-09-19,13.33,5.47,Canon Medical,2022-12-27
XR-302,X-ray,Lakeview Medical Center,2017-10-09,2022-09-20,13.81,5.47,Canon Medical,2022-12-27
XR-302,X-ray,Lakeview Medical Center,2017-10-09,2022-09-21,13.39,5.47,Canon Medical,2022-12-27
XR-302,X-ray,Lakeview Medical Center,2017-10-09,2022-09-22,12.8,5.47,Canon Medical,2022-12-27
XR-302,X-ray,Lakeview Medical Center,2017-10-09,2022-09-23,13.58,5.47,Canon Medical,2022-12-27
XR-302,X-ray,Lakeview Medical Center,2017-10-09,2022-09-24,11.01,5.47,Canon Medical,2022-12-27
XR-302,X-ray,Lakeview Medical Center,2017-10-09,2022-09-25,6.37,5.47,Canon Medical,2022-12-27
XR-302,X-ray,Lakeview Medical Center,2017-10-09,2022-09-26,12.9,5.47,Canon Medical,2022-12-27
XR-302,X-ray,Lakeview Medical Center,2017-10-09,2022-09-27,14.55,5.47,Canon Medical,2022-12-27
XR-302,X-ray,Lakeview Medical Center,2017-10-09,2022-09-28,12.92,5.47,Canon Medical,2022-12-27
XR-302,X-ray,Lakeview Medical Center,2017-10-09,2022-09-29,11.88,5.47,Canon Medical,2022-12-27
XR-302,X-ray,Lakeview Medical Center,2017-10-09,2022-09-30,14.96,5.47,Canon Medical,2022-12-27
XR-302,X-ray,Lakeview Medical Center,2017-10-09,2022-10-01,9.58,5.47,Canon Medical,2022-12-27
XR-302,X-ray,Lakeview Medical Center,2017-10-09,2022-10-02,5.99,5.47,Canon Medical,2022-12-27
XR-302,X-ray,Lakeview Medical Center,2017-10-09,2022-10-03,13.32,5.47,Canon Medical,2022-12-27
XR-302,X-ray,Lakeview Medical Center,2017-10-09,2022-10-04,13.65,5.47,Canon Medical,2022-12-27
XR-302,X-ray,Lakeview Medical Center,2017-10-09,2022-10-05,14.66,5.47,Canon Medical,2022-12-27
XR-302,X-ray,Lakeview Medical Center,2017-10-09,2022-10-06,14.27,5.47,Canon Medical,2022-12-27
XR-302,X-ray,Lakeview Medical Center,2017-10-09,2022-10-07,13.4,5.47,Canon Medical,2022-12-27
XR-302,X-ray,Lakeview Medical Center,2017-10-09,2022-10-08,6.52,5.47,Canon Medical,2022-12-27
XR-302,X-ray,Lakeview Medical Center,2017-10-09,2022-10-09,4.97,5.47,Canon Medical,2022-12-27
XR-302,X-ray,Lakeview Medical Center,2017-10-09,2022-10-10,15.02,5.47,Canon Medical,2022-12-27
XR-302,X-ray,Lakeview Medical Center,2017-10-09,2022-10-11,12.52,5.47,Canon Medical,2022-12-27
XR-302,X-ray,Lakeview Medical Center,2017-10-09,2022-10-12,14.54,5.47,Canon Medical,2022-12-27
XR-302,X-ray,Lakeview Medical Center,2017-10-09,2022-10-13,14.2,5.47,Canon Medical,2022-12-27
XR-302,X-ray,Lakeview Medical Center,2017-10-09,2022-10-14,14.66,5.47,Canon Medical,2022-12-27
XR-302,X-ray,Lakeview Medical Center,2017-10-09,2022-10-15,9.26,5.47,Canon Medical,2022-12-27
XR-302,X-ray,Lakeview Medical Center,2017-10-09,2022-10-16,4.08,5.47,Canon Medical,2022-12-27
XR-302,X-ray,Lakeview Medical Center,2017-10-09,2022-10-17,12.06,5.47,Canon Medical,2022-12-27
XR-302,X-ray,Lakeview Medical Center,2017-10-09,2022-10-18,13.25,5.47,Canon Medical,2022-12-27
XR-302,X-ray,Lakeview Medical Center,2017-10-09,2022-10-19,14.81,5.47,Canon Medical,2022-12-27
XR-302,X-ray,Lakeview Medical Center,2017-10-09,2022-10-20,13.24,5.47,Canon Medical,2022-12-27
XR-302,X-ray,Lakeview Medical Center,2017-10-09,2022-10-21,13.07,5.47,Canon Medical,2022-12-27
XR-302,X-ray,Lakeview Medical Center,2017-10-09,2022-10-22,6.3,5.47,Canon Medical,2022-12-27
XR-302,X-ray,Lakeview Medical Center,2017-10-09,2022-10-23,6.77,5.47,Canon Medical,2022-12-27
XR-302,X-ray,Lakeview Medical Center,2017-10-09,2022-10-24,14.74,5.47,Canon Medical,2022-12-27
XR-302,X-ray,Lakeview Medical Center,2017-10-09,2022-10-25,14.68,5.47,Canon Medical,2022-12-27
XR-302,X-ray,Lakeview Medical Center,2017-10-09,2022-10-26,14.9,5.47,Canon Medical,2022-12-27
XR-302,X-ray,Lakeview Medical Center,2017-10-09,2022-10-27,14.47,5.47,Canon Medical,2022-12-27
XR-302,X-ray,Lakeview Medical Center,2017-10-09,2022-10-28,13.57,5.47,Canon Medical,2022-12-27
XR-302,X-ray,Lakeview Medical Center,2017-10-09,2022-10-29,8.12,5.47,Canon Medical,2022-12-27
XR-302,X-ray,Lakeview Medical Center,2017-10-09,2022-10-30,4.37,5.47,Canon Medical,2022-12-27
XR-302,X-ray,Lakeview Medical Center,2017-10-09,2022-10-31,16.73,5.47,Canon Medical,2022-12-27
XR-302,X-ray,Lakeview Medical Center,2017-10-09,2022-11-01,14.45,5.47,Canon Medical,2022-12-27
XR-302,X-ray,Lakeview Medical Center,2017-10-09,2022-11-02,13.33,5.47,Canon Medical,2022-12-27
XR-302,X-ray,Lakeview Medical Center,2017-10-09,2022-11-03,14.35,5.47,Canon Medical,2022-12-27
XR-302,X-ray,Lakeview Medical Center,2017-10-09,2022-11-04,12.72,5.47,Canon Medical,2022-12-27
XR-302,X-ray,Lakeview Medical Center,2017-10-09,2022-11-05,9.96,5.47,Canon Medical,2022-12-27
XR-302,X-ray,Lakeview Medical Center,2017-10-09,2022-11-06,4.12,5.47,Canon Medical,2022-12-27
XR-302,X-ray,Lakeview Medical Center,2017-10-09,2022-11-07,14.39,5.47,Canon Medical,2022-12-27
XR-302,X-ray,Lakeview Medical Center,2017-10-09,2022-11-08,15.01,5.47,Canon Medical,2022-12-27
XR-302,X-ray,Lakeview Medical Center,2017-10-09,2022-11-09,14.26,5.47,Canon Medical,2022-12-27
XR-302,X-ray,Lakeview Medical Center,2017-10-09,2022-11-10,13.94,5.47,Canon Medical,2022-12-27
XR-302,X-ray,Lakeview Medical Center,2017-10-09,2022-11-11,13.85,5.47,Canon Medical,2022-12-27
XR-302,X-ray,Lakeview Medical Center,2017-10-09,2022-11-12,8.24,5.47,Canon Medical,2022-12-27
XR-302,X-ray,Lakeview Medical Center,2017-10-09,2022-11-13,4.21,5.47,Canon Medical,2022-12-27
XR-302,X-ray,Lakeview Medical Center,2017-10-09,2022-11-14,13.34,5.47,Canon Medical,2022-12-27
XR-302,X-ray,Lakeview Medical Center,2017-10-09,2022-11-15,15.46,5.47,Canon Medical,2022-12-27
XR-302,X-ray,Lakeview Medical Center,2017-10-09,2022-11-16,13.72,5.47,Canon Medical,2022-12-27
XR-302,X-ray,Lakeview Medical Center,2017-10-09,2022-11-17,12.97,5.47,Canon Medical,2022-12-27
XR-302,X-ray,Lakeview Medical Center,2017-10-09,2022-11-18,13.27,5.47,Canon Medical,2022-12-27
XR-302,X-ray,Lakeview Medical Center,2017-10-09,2022-11-19,9.51,5.47,Canon Medical,2022-12-27
XR-302,X-ray,Lakeview Medical Center,2017-10-09,2022-11-20,5.59,5.47,Canon Medical,2022-12-27
XR-302,X-ray,Lakeview Medical Center,2017-10-09,2022-11-21,14.45,5.47,Canon Medical,2022-12-27
XR-302,X-ray,Lakeview Medical Center,2017-10-09,2022-11-22,13.55,5.47,Canon Medical,2022-12-27
XR-302,X-ray,Lakeview Medical Center,2017-10-09,2022-11-23,14.47,5.47,Canon Medical,2022-12-27
XR-302,X-ray,Lakeview Medical Center,2017-10-09,2022-11-24,13.13,5.47,Canon Medical,2022-12-27
XR-302,X-ray,Lakeview Medical Center,2017-10-09,2022-11-25,13.55,5.47,Canon Medical,2022-12-27
XR-302,X-ray,Lakeview Medical Center,2017-10-09,2022-11-26,9.37,5.47,Canon Medical,2022-12-27
XR-302,X-ray,Lakeview Medical Center,2017-10-09,2022-11-27,5.8,5.47,Canon Medical,2022-12-27
XR-302,X-ray,Lakeview Medical Center,2017-10-09,2022-11-28,12.76,5.47,Canon Medical,2022-12-27
XR-302,X-ray,Lakeview Medical Center,2017-10-09,2022-11-29,12.89,5.47,Canon Medical,2022-12-27
XR-302,X-ray,Lakeview Medical Center,2017-10-09,2022-11-30,13.96,5.47,Canon Medical,2022-12-27
XR-302,X-ray,Lakeview Medical Center,2017-10-09,2022-12-01,15.73,5.47,Canon Medical,2022-12-27
XR-302,X-ray,Lakeview Medical Center,2017-10-09,2022-12-02,11.73,5.47,Canon Medical,2022-12-27
XR-302,X-ray,Lakeview Medical Center,2017-10-09,2022-12-03,8.61,5.47,Canon Medical,2022-12-27
XR-302,X-ray,Lakeview Medical Center,2017-10-09,2022-12-04,3.33,5.47,Canon Medical,2022-12-27
XR-302,X-ray,Lakeview Medical Center,2017-10-09,2022-12-05,13.14,5.47,Canon Medical,2022-12-27
XR-302,X-ray,Lakeview Medical Center,2017-10-09,2022-12-06,13.44,5.47,Canon Medical,2022-12-27
XR-302,X-ray,Lakeview Medical Center,2017-10-09,2022-12-07,13.37,5.47,Canon Medical,2022-12-27
XR-302,X-ray,Lakeview Medical Center,2017-10-09,2022-12-08,13.25,5.47,Canon Medical,2022-12-27
XR-302,X-ray,Lakeview Medical Center,2017-10-09,2022-12-09,13.84,5.47,Canon Medical,2022-12-27
XR-302,X-ray,Lakeview Medical Center,2017-10-09,2022-12-10,7.71,5.47,Canon Medical,2022-12-27
XR-302,X-ray,Lakeview Medical Center,2017-10-09,2022-12-11,3.23,5.47,Canon Medical,2022-12-27
XR-302,X-ray,Lakeview Medical Center,2017-10-09,2022-12-12,14.69,5.47,Canon Medical,2022-12-27
XR-302,X-ray,Lakeview Medical Center,2017-10-09,2022-12-13,14.66,5.47,Canon Medical,2022-12-27
XR-302,X-ray,Lakeview Medical Center,2017-10-09,2022-12-14,14.76,5.47,Canon Medical,2022-12-27
XR-302,X-ray,Lakeview Medical Center,2017-10-09,2022-12-15,12.14,5.47,Canon Medical,2022-12-27
XR-302,X-ray,Lakeview Medical Center,2017-10-09,2022-12-16,14.16,5.47,Canon Medical,2022-12-27
XR-302,X-ray,Lakeview Medical Center,2017-10-09,2022-12-17,9.05,5.47,Canon Medical,2022-12-27
XR-302,X-ray,Lakeview Medical Center,2017-10-09,2022-12-18,3.71,5.47,Canon Medical,2022-12-27
XR-302,X-ray,Lakeview Medical Center,2017-10-09,2022-12-19,13.85,5.47,Canon Medical,2022-12-27
XR-302,X-ray,Lakeview Medical Center,2017-10-09,2022-12-20,13.71,5.47,Canon Medical,2022-12-27
XR-302,X-ray,Lakeview Medical Center,2017-10-09,2022-12-21,15.86,5.47,Canon Medical,2022-12-27
XR-302,X-ray,Lakeview Medical Center,2017-10-09,2022-12-22,15.95,5.47,Canon Medical,2022-12-27
XR-302,X-ray,Lakeview Medical Center,2017-10-09,2022-12-23,12.01,5.47,Canon Medical,2022-12-27
XR-302,X-ray,Lakeview Medical Center,2017-10-09,2022-12-24,11.04,5.47,Canon Medical,2022-12-27
XR-302,X-ray,Lakeview Medical Center,2017-10-09,2022-12-25,3.84,5.47,Canon Medical,2022-12-27
XR-302,X-ray,Lakeview Medical Center,2017-10-09,2022-12-26,14.91,5.47,Canon Medical,2022-12-27
XR-302,X-ray,Lakeview Medical Center,2017-10-09,2022-12-27,14.9,5.47,Canon Medical,2022-12-27
XR-302,X-ray,Lakeview Medical Center,2017-10-09,2022-12-28,12.74,5.47,Canon Medical,2022-12-27
XR-302,X-ray,Lakeview Medical Center,2017-10-09,2022-12-29,14.38,5.47,Canon Medical,2022-12-27
XR-302,X-ray,Lakeview Medical Center,2017-10-09,2022-12-30,13.72,5.47,Canon Medical,2022-12-27
XR-302,X-ray,Lakeview Medical Center,2017-10-09,2022-12-31,8.91,5.47,Canon Medical,2022-12-27
XR-302,X-ray,Lakeview Medical Center,2017-10-09,2023-01-01,5.1,5.47,Canon Medical,2022-12-27
XR-302,X-ray,Lakeview Medical Center,2017-10-09,2023-01-02,15.15,5.47,Canon Medical,2022-12-27
XR-302,X-ray,Lakeview Medical Center,2017-10-09,2023-01-03,13.92,5.47,Canon Medical,2022-12-27
XR-302,X-ray,Lakeview Medical Center,2017-10-09,2023-01-04,13.65,5.47,Canon Medical,2022-12-27
XR-302,X-ray,Lakeview Medical Center,2017-10-09,2023-01-05,15.04,5.47,Canon Medical,2022-12-27
XR-302,X-ray,Lakeview Medical Center,2017-10-09,2023-01-06,14.47,5.47,Canon Medical,2022-12-27
XR-302,X-ray,Lakeview Medical Center,2017-10-09,2023-01-07,9.11,5.47,Canon Medical,2022-12-27
XR-302,X-ray,Lakeview Medical Center,2017-10-09,2023-01-08,4.11,5.47,Canon Medical,2022-12-27
XR-302,X-ray,Lakeview Medical Center,2017-10-09,2023-01-09,12.69,5.47,Canon Medical,2022-12-27
XR-302,X-ray,Lakeview Medical Center,2017-10-09,2023-01-10,13.21,5.47,Canon Medical,2022-12-27
XR-302,X-ray,Lakeview Medical Center,2017-10-09,2023-01-11,13.15,5.47,Canon Medical,2022-12-27
XR-302,X-ray,Lakeview Medical Center,2017-10-09,2023-01-12,14.7,5.47,Canon Medical,2022-12-27
XR-302,X-ray,Lakeview Medical Center,2017-10-09,2023-01-13,14.91,5.47,Canon Medical,2022-12-27
XR-302,X-ray,Lakeview Medical Center,2017-10-09,2023-01-14,8.13,5.47,Canon Medical,2022-12-27
XR-302,X-ray,Lakeview Medical Center,2017-10-09,2023-01-15,6.42,5.47,Canon Medical,2022-12-27
XR-302,X-ray,Lakeview Medical Center,2017-10-09,2023-01-16,15.34,5.47,Canon Medical,2022-12-27
XR-302,X-ray,Lakeview Medical Center,2017-10-09,2023-01-17,14.1,5.47,Canon Medical,2022-12-27
XR-302,X-ray,Lakeview Medical Center,2017-10-09,2023-01-18,12.93,5.47,Canon Medical,2022-12-27
XR-302,X-ray,Lakeview Medical Center,2017-10-09,2023-01-19,15.57,5.47,Canon Medical,2022-12-27
XR-302,X-ray,Lakeview Medical Center,2017-10-09,2023-01-20,13.77,5.47,Canon Medical,2022-12-27
XR-302,X-ray,Lakeview Medical Center,2017-10-09,2023-01-21,8.44,5.47,Canon Medical,2022-12-27
XR-302,X-ray,Lakeview Medical Center,2017-10-09,2023-01-22,4.47,5.47,Canon Medical,2022-12-27
XR-302,X-ray,Lakeview Medical Center,2017-10-09,2023-01-23,12.86,5.47,Canon Medical,2022-12-27
XR-302,X-ray,Lakeview Medical Center,2017-10-09,2023-01-24,12.22,5.47,Canon Medical,2022-12-27
XR-302,X-ray,Lakeview Medical Center,2017-10-09,2023-01-25,14.53,5.47,Canon Medical,2022-12-27
XR-302,X-ray,Lakeview Medical Center,2017-10-09,2023-01-26,12.97,5.47,Canon Medical,2022-12-27
XR-302,X-ray,Lakeview Medical Center,2017-10-09,2023-01-27,17.2,5.47,Canon Medical,2022-12-27
XR-302,X-ray,Lakeview Medical Center,2017-10-09,2023-01-28,7.11,5.47,Canon Medical,2022-12-27
XR-302,X-ray,Lakeview Medical Center,2017-10-09,2023-01-29,3.46,5.47,Canon Medical,2022-12-27
XR-302,X-ray,Lakeview Medical Center,2017-10-09,2023-01-30,14.4,5.47,Canon Medical,2022-12-27
XR-302,X-ray,Lakeview Medical Center,2017-10-09,2023-01-31,15.52,5.47,Canon Medical,2022-12-27
XR-302,X-ray,Lakeview Medical Center,2017-10-09,2023-02-01,13.91,5.47,Canon Medical,2022-12-27
XR-302,X-ray,Lakeview Medical Center,2017-10-09,2023-02-02,14.47,5.47,Canon Medical,2022-12-27
XR-302,X-ray,Lakeview Medical Center,2017-10-09,2023-02-03,11.81,5.47,Canon Medical,2022-12-27
XR-302,X-ray,Lakeview Medical Center,2017-10-09,2023-02-04,7.56,5.47,Canon Medical,2022-12-27
XR-302,X-ray,Lakeview Medical Center,2017-10-09,2023-02-05,3.66,5.47,Canon Medical,2022-12-27
XR-302,X-ray,Lakeview Medical Center,2017-10-09,2023-02-06,11.75,5.47,Canon Medical,2022-12-27
XR-302,X-ray,Lakeview Medical Center,2017-10-09,2023-02-07,13.24,5.47,Canon Medical,2022-12-27
XR-302,X-ray,Lakeview Medical Center,2017-10-09,2023-02-08,11.37,5.47,Canon Medical,2022-12-27
XR-302,X-ray,Lakeview Medical Center,2017-10-09,2023-02-09,12.38,5.47,Canon Medical,2022-12-27
XR-302,X-ray,Lakeview Medical Center,2017-10-09,2023-02-10,13.24,5.47,Canon Medical,2022-12-27
XR-302,X-ray,Lakeview Medical Center,2017-10-09,2023-02-11,7.39,5.47,Canon Medical,2022-12-27
XR-302,X-ray,Lakeview Medical Center,2017-10-09,2023-02-12,5.28,5.47,Canon Medical,2022-12-27
XR-302,X-ray,Lakeview Medical Center,2017-10-09,2023-02-13,14.17,5.47,Canon Medical,2022-12-27
XR-302,X-ray,Lakeview Medical Center,2017-10-09,2023-02-14,14.82,5.47,Canon Medical,2022-12-27
XR-302,X-ray,Lakeview Medical Center,2017-10-09,2023-02-15,14.66,5.47,Canon Medical,2022-12-27
XR-302,X-ray,Lakeview Medical Center,2017-10-09,2023-02-16,15.09,5.47,Canon Medical,2022-12-27
XR-302,X-ray,Lakeview Medical Center,2017-10-09,2023-02-17,13.83,5.47,Canon Medical,2022-12-27
XR-302,X-ray,Lakeview Medical Center,2017-10-09,2023-02-18,8.64,5.47,Canon Medical,2022-12-27
XR-302,X-ray,Lakeview Medical Center,2017-10-09,2023-02-19,5.41,5.47,Canon Medical,2022-12-27
XR-302,X-ray,Lakeview Medical Center,2017-10-09,2023-02-20,13.99,5.47,Canon Medical,2022-12-27
XR-302,X-ray,Lakeview Medical Center,2017-10-09,2023-02-21,13.4,5.47,Canon Medical,2022-12-27
XR-302,X-ray,Lakeview Medical Center,2017-10-09,2023-02-22,13.47,5.47,Canon Medical,2022-12-27
XR-302,X-ray,Lakeview Medical Center,2017-10-09,2023-02-23,12.94,5.47,Canon Medical,2022-12-27
XR-302,X-ray,Lakeview Medical Center,2017-10-09,2023-02-24,14.3,5.47,Canon Medical,2022-12-27
XR-302,X-ray,Lakeview Medical Center,2017-10-09,2023-02-25,8.2,5.47,Canon Medical,2022-12-27
XR-302,X-ray,Lakeview Medical Center,2017-10-09,2023-02-26,4.11,5.47,Canon Medical,2022-12-27
XR-302,X-ray,Lakeview Medical Center,2017-10-09,2023-02-27,13.11,5.47,Canon Medical,2022-12-27
XR-302,X-ray,Lakeview Medical Center,2017-10-09,2023-02-28,12.5,5.47,Canon Medical,2022-12-27
XR-302,X-ray,Lakeview Medical Center,2017-10-09,2023-03-01,14.91,5.47,Canon Medical,2022-12-27
XR-302,X-ray,Lakeview Medical Center,2017-10-09,2023-03-02,13.92,5.47,Canon Medical,2022-12-27
XR-302,X-ray,Lakeview Medical Center,2017-10-09,2023-03-03,12.89,5.47,Canon Medical,2022-12-27
XR-302,X-ray,Lakeview Medical Center,2017-10-09,2023-03-04,9.19,5.47,Canon Medical,2022-12-27
XR-302,X-ray,Lakeview Medical Center,2017-10-09,2023-03-05,4.23,5.47,Canon Medical,2022-12-27
XR-302,X-ray,Lakeview Medical Center,2017-10-09,2023-03-06,12.29,5.47,Canon Medical,2022-12-27
XR-302,X-ray,Lakeview Medical Center,2017-10-09,2023-03-07,14.96,5.47,Canon Medical,2022-12-27
XR-302,X-ray,Lakeview Medical Center,2017-10-09,2023-03-08,13.25,5.47,Canon Medical,2022-12-27
XR-302,X-ray,Lakeview Medical Center,2017-10-09,2023-03-09,13.39,5.47,Canon Medical,2022-12-27
XR-302,X-ray,Lakeview Medical Center,2017-10-09,2023-03-10,13.88,5.47,Canon Medical,2022-12-27
XR-302,X-ray,Lakeview Medical Center,2017-10-09,2023-03-11,9.56,5.47,Canon Medical,2022-12-27
XR-302,X-ray,Lakeview Medical Center,2017-10-09,2023-03-12,4.86,5.47,Canon Medical,2022-12-27
XR-302,X-ray,Lakeview Medical Center,2017-10-09,2023-03-13,12.52,5.47,Canon Medical,2022-12-27
XR-302,X-ray,Lakeview Medical Center,2017-10-09,2023-03-14,14.43,5.47,Canon Medical,2022-12-27
XR-302,X-ray,Lakeview Medical Center,2017-10-09,2023-03-15,13.3,5.47,Canon Medical,2022-12-27
XR-302,X-ray,Lakeview Medical Center,2017-10-09,2023-03-16,15.91,5.47,Canon Medical,2022-12-27
XR-302,X-ray,Lakeview Medical Center,2017-10-09,2023-03-17,13.83,5.47,Canon Medical,2022-12-27
XR-302,X-ray,Lakeview Medical Center,2017-10-09,2023-03-18,5.84,5.47,Canon Medical,2022-12-27
XR-302,X-ray,Lakeview Medical Center,2017-10-09,2023-03-19,5.24,5.47,Canon Medical,2022-12-27
XR-302,X-ray,Lakeview Medical Center,2017-10-09,2023-03-20,15.97,5.47,Canon Medical,2022-12-27
XR-302,X-ray,Lakeview Medical Center,2017-10-09,2023-03-21,15.57,5.47,Canon Medical,2022-12-27
XR-302,X-ray,Lakeview Medical Center,2017-10-09,2023-03-22,15.85,5.47,Canon Medical,2022-12-27
XR-302,X-ray,Lakeview Medical Center,2017-10-09,2023-03-23,12.71,5.47,Canon Medical,2022-12-27
XR-302,X-ray,Lakeview Medical Center,2017-10-09,2023-03-24,14.84,5.47,Canon Medical,2022-12-27
XR-302,X-ray,Lakeview Medical Center,2017-10-09,2023-03-25,7.51,5.47,Canon Medical,2022-12-27
XR-302,X-ray,Lakeview Medical Center,2017-10-09,2023-03-26,5.09,5.47,Canon Medical,2022-12-27
XR-302,X-ray,Lakeview Medical Center,2017-10-09,2023-03-27,12.44,5.47,Canon Medical,2022-12-27
XR-302,X-ray,Lakeview Medical Center,2017-10-09,2023-03-28,13.13,5.47,Canon Medical,2022-12-27
XR-302,X-ray,Lakeview Medical Center,2017-10-09,2023-03-29,13.09,5.47,Canon Medical,2022-12-27
XR-302,X-ray,Lakeview Medical Center,2017-10-09,2023-03-30,14.82,5.47,Canon Medical,2022-12-27
XR-302,X-ray,Lakeview Medical Center,2017-10-09,2023-03-31,14.72,5.47,Canon Medical,2022-12-27
XR-303,X-ray,St. Anne's Hospital,2020-01-27,2022-04-01,14.21,3.17,Philips,2023-01-14
XR-303,X-ray,St. Anne's Hospital,2020-01-27,2022-04-02,6.86,3.17,Philips,2023-01-14
XR-303,X-ray,St. Anne's Hospital,2020-01-27,2022-04-03,4.52,3.17,Philips,2023-01-14
XR-303,X-ray,St. Anne's Hospital,2020-01-27,2022-04-04,13.08,3.17,Philips,2023-01-14
XR-303,X-ray,St. Anne's Hospital,2020-01-27,2022-04-05,14.86,3.17,Philips,2023-01-14
XR-303,X-ray,St. Anne's Hospital,2020-01-27,2022-04-06,15.2,3.17,Philips,2023-01-14
XR-303,X-ray,St. Anne's Hospital,2020-01-27,2022-04-07,15.07,3.17,Philips,2023-01-14
XR-303,X-ray,St. Anne's Hospital,2020-01-27,2022-04-08,13.07,3.17,Philips,2023-01-14
XR-303,X-ray,St. Anne's Hospital,2020-01-27,2022-04-09,5.33,3.17,Philips,2023-01-14
XR-303,X-ray,St. Anne's Hospital,2020-01-27,2022-04-10,2.92,3.17,Philips,2023-01-14
XR-303,X-ray,St. Anne's Hospital,2020-01-27,2022-04-11,15.47,3.17,Philips,2023-01-14
XR-303,X-ray,St. Anne's Hospital,2020-01-27,2022-04-12,13.46,3.17,Philips,2023-01-14
XR-303,X-ray,St. Anne's Hospital,2020-01-27,2022-04-13,13.08,3.17,Philips,2023-01-14
XR-303,X-ray,St. Anne's Hospital,2020-01-27,2022-04-14,15.71,3.17,Philips,2023-01-14
XR-303,X-ray,St. Anne's Hospital,2020-01-27,2022-04-15,15.3,3.17,Philips,2023-01-14
XR-303,X-ray,St. Anne's Hospital,2020-01-27,2022-04-16,8.37,3.17,Philips,2023-01-14
XR-303,X-ray,St. Anne's Hospital,2020-01-27,2022-04-17,4.54,3.17,Philips,2023-01-14
XR-303,X-ray,St. Anne's Hospital,2020-01-27,2022-04-18,13.76,3.17,Philips,2023-01-14
XR-303,X-ray,St. Anne's Hospital,2020-01-27,2022-04-19,14.15,3.17,Philips,2023-01-14
XR-303,X-ray,St. Anne's Hospital,2020-01-27,2022-04-20,15.66,3.17,Philips,2023-01-14
XR-303,X-ray,St. Anne's Hospital,2020-01-27,2022-04-21,14.37,3.17,Philips,2023-01-14
XR-303,X-ray,St. Anne's Hospital,2020-01-27,2022-04-22,14.7,3.17,Philips,2023-01-14
XR-303,X-ray,St. Anne's Hospital,2020-01-27,2022-04-23,9.63,3.17,Philips,2023-01-14
XR-303,X-ray,St. Anne's Hospital,2020-01-27,2022-04-24,3.58,3.17,Philips,2023-01-14
XR-303,X-ray,St. Anne's Hospital,2020-01-27,2022-04-25,14.74,3.17,Philips,2023-01-14
XR-303,X-ray,St. Anne's Hospital,2020-01-27,2022-04-26,13.58,3.17,Philips,2023-01-14
XR-303,X-ray,St. Anne's Hospital,2020-01-27,2022-04-27,11.14,3.17,Philips,2023-01-14
XR-303,X-ray,St. Anne's Hospital,2020-01-27,2022-04-28,11.56,3.17,Philips,2023-01-14
XR-303,X-ray,St. Anne's Hospital,2020-01-27,2022-04-29,12.78,3.17,Philips,2023-01-14
XR-303,X-ray,St. Anne's Hospital,2020-01-27,2022-04-30,8.93,3.17,Philips,2023-01-14
XR-303,X-ray,St. Anne's Hospital,2020-01-27,2022-05-01,4.99,3.17,Philips,2023-01-14
XR-303,X-ray,St. Anne's Hospital,2020-01-27,2022-05-02,14.11,3.17,Philips,2023-01-14
XR-303,X-ray,St. Anne's Hospital,2020-01-27,2022-05-03,16.05,3.17,Philips,2023-01-14
XR-303,X-ray,St. Anne's Hospital,2020-01-27,2022-05-04,12.51,3.17,Philips,2023-01-14
XR-303,X-ray,St. Anne's Hospital,2020-01-27,2022-05-05,13.87,3.17,Philips,2023-01-14
XR-303,X-ray,St. Anne's Hospital,2020-01-27,2022-05-06,14.24,3.17,Philips,2023-01-14
XR-303,X-ray,St. Anne's Hospital,2020-01-27,2022-05-07,7.53,3.17,Philips,2023-01-14
XR-303,X-ray,St. Anne's Hospital,2020-01-27,2022-05-08,4.9,3.17,Philips,2023-01-14
XR-303,X-ray,St. Anne's Hospital,2020-01-27,2022-05-09,12.14,3.17,Philips,2023-01-14
XR-303,X-ray,St. Anne's Hospital,2020-01-27,2022-05-10,15.46,3.17,Philips,2023-01-14
XR-303,X-ray,St. Anne's Hospital,2020-01-27,2022-05-11,13.16,3.17,Philips,2023-01-14
XR-303,X-ray,St. Anne's Hospital,2020-01-27,2022-05-12,16.14,3.17,Philips,2023-01-14
XR-303,X-ray,St. Anne's Hospital,2020-01-27,2022-05-13,13.87,3.17,Philips,2023-01-14
XR-303,X-ray,St. Anne's Hospital,2020-01-27,2022-05-14,9.47,3.17,Philips,2023-01-14
XR-303,X-ray,St. Anne's Hospital,2020-01-27,2022-05-15,4.81,3.17,Philips,2023-01-14
XR-303,X-ray,St. Anne's Hospital,2020-01-27,2022-05-16,13.87,3.17,Philips,2023-01-14
XR-303,X-ray,St. Anne's Hospital,2020-01-27,2022-05-17,13.26,3.17,Philips,2023-01-14
XR-303,X-ray,St. Anne's Hospital,2020-01-27,2022-05-18,14.04,3.17,Philips,2023-01-14
XR-303,X-ray,St. Anne's Hospital,2020-01-27,2022-05-19,14.25,3.17,Philips,2023-01-14
XR-303,X-ray,St. Anne's Hospital,2020-01-27,2022-05-20,13.04,3.17,Philips,2023-01-14
XR-303,X-ray,St. Anne's Hospital,2020-01-27,2022-05-21,8.21,3.17,Philips,2023-01-14
XR-303,X-ray,St. Anne's Hospital,2020-01-27,2022-05-22,4.2,3.17,Philips,2023-01-14
XR-303,X-ray,St. Anne's Hospital,2020-01-27,2022-05-23,16.43,3.17,Philips,2023-01-14
XR-303,X-ray,St. Anne's Hospital,2020-01-27,2022-05-24,13.81,3.17,Philips,2023-01-14
XR-303,X-ray,St. Anne's Hospital,2020-01-27,2022-05-25,15.6,3.17,Philips,2023-01-14
XR-303,X-ray,St. Anne's Hospital,2020-01-27,2022-05-26,13.69,3.17,Philips,2023-01-14
XR-303,X-ray,St. Anne's Hospital,2020-01-27,2022-05-27,14.19,3.17,Philips,2023-01-14
XR-303,X-ray,St. Anne's Hospital,2020-01-27,2022-05-28,6.89,3.17,Philips,2023-01-14
XR-303,X-ray,St. Anne's Hospital,2020-01-27,2022-05-29,4.37,3.17,Philips,2023-01-14
XR-303,X-ray,St. Anne's Hospital,2020-01-27,2022-05-30,14.14,3.17,Philips,2023-01-14
XR-303,X-ray,St. Anne's Hospital,2020-01-27,2022-05-31,15.65,3.17,Philips,2023-01-14
XR-303,X-ray,St. Anne's Hospital,2020-01-27,2022-06-01,14.15,3.17,Philips,2023-01-14
XR-303,X-ray,St. Anne's Hospital,2020-01-27,2022-06-02,15.43,3.17,Philips,2023-01-14
XR-303,X-ray,St. Anne's Hospital,2020-01-27,2022-06-03,14.61,3.17,Philips,2023-01-14
XR-303,X-ray,St. Anne's Hospital,2020-01-27,2022-06-04,10.13,3.17,Philips,2023-01-14
XR-303,X-ray,St. Anne's Hospital,2020-01-27,2022-06-05,4.8,3.17,Philips,2023-01-14
XR-303,X-ray,St. Anne's Hospital,2020-01-27,2022-06-06,16.53,3.17,Philips,2023-01-14
XR-303,X-ray,St. Anne's Hospital,2020-01-27,2022-06-07,13.37,3.17,Philips,2023-01-14
XR-303,X-ray,St. Anne's Hospital,2020-01-27,2022-06-08,13.06,3.17,Philips,2023-01-14
XR-303,X-ray,St. Anne's Hospital,2020-01-27,2022-06-09,12.57,3.17,Philips,2023-01-14
XR-303,X-ray,St. Anne's Hospital,2020-01-27,2022-06-10,16.47,3.17,Philips,2023-01-14
XR-303,X-ray,St. Anne's Hospital,2020-01-27,2022-06-11,9.24,3.17,Philips,2023-01-14
XR-303,X-ray,St. Anne's Hospital,2020-01-27,2022-06-12,4.5,3.17,Philips,2023-01-14
XR-303,X-ray,St. Anne's Hospital,2020-01-27,2022-06-13,15.28,3.17,Philips,2023-01-14
XR-303,X-ray,St. Anne's Hospital,2020-01-27,2022-06-14,14.66,3.17,Philips,2023-01-14
XR-303,X-ray,St. Anne's Hospital,2020-01-27,2022-06-15,16.07,3.17,Philips,2023-01-14
XR-303,X-ray,St. Anne's Hospital,2020-01-27,2022-06-16,12.2,3.17,Philips,2023-01-14
XR-303,X-ray,St. Anne's Hospital,2020-01-27,2022-06-17,13.61,3.17,Philips,2023-01-14
XR-303,X-ray,St. Anne's Hospital,2020-01-27,2022-06-18,7.83,3.17,Philips,2023-01-14
XR-303,X-ray,St. Anne's Hospital,2020-01-27,2022-06-19,2.7,3.17,Philips,2023-01-14
XR-303,X-ray,St. Anne's Hospital,2020-01-27,2022-06-20,15.07,3.17,Philips,2023-01-14
XR-303,X-ray,St. Anne's Hospital,2020-01-27,2022-06-21,13.61,3.17,Philips,2023-01-14
XR-303,X-ray,St. Anne's Hospital,2020-01-27,2022-06-22,14.72,3.17,Philips,2023-01-14
XR-303,X-ray,St. Anne's Hospital,2020-01-27,2022-06-23,16.5,3.17,Philips,2023-01-14
XR-303,X-ray,St. Anne's Hospital,2020-01-27,2022-06-24,13.52,3.17,Philips,2023-01-14
XR-303,X-ray,St. Anne's Hospital,2020-01-27,2022-06-25,7.88,3.17,Philips,2023-01-14
XR-303,X-ray,St. Anne's Hospital,2020-01-27,2022-06-26,5.0,3.17,Philips,2023-01-14
XR-303,X-ray,St. Anne's Hospital,2020-01-27,2022-06-27,14.99,3.17,Philips,2023-01-14
XR-303,X-ray,St. Anne's Hospital,2020-01-27,2022-06-28,13.28,3.17,Philips,2023-01-14
XR-303,X-ray,St. Anne's Hospital,2020-01-27,2022-06-29,13.21,3.17,Philips,2023-01-14
XR-303,X-ray,St. Anne's Hospital,2020-01-27,2022-06-30,15.07,3.17,Philips,2023-01-14
XR-303,X-ray,St. Anne's Hospital,2020-01-27,2022-07-01,14.32,3.17,Philips,2023-01-14
XR-303,X-ray,St. Anne's Hospital,2020-01-27,2022-07-02,6.09,3.17,Philips,2023-01-14
XR-303,X-ray,St. Anne's Hospital,2020-01-27,2022-07-03,3.52,3.17,Philips,2023-01-14
XR-303,X-ray,St. Anne's Hospital,2020-01-27,2022-07-04,15.56,3.17,Philips,2023-01-14
XR-303,X-ray,St. Anne's Hospital,2020-01-27,2022-07-05,14.35,3.17,Philips,2023-01-14
XR-303,X-ray,St. Anne's Hospital,2020-01-27,2022-07-06,13.07,3.17,Philips,2023-01-14
XR-303,X-ray,St. Anne's Hospital,2020-01-27,2022-07-07,13.72,3.17,Philips,2023-01-14
XR-303,X-ray,St. Anne's Hospital,2020-01-27,2022-07-08,13.92,3.17,Philips,2023-01-14
XR-303,X-ray,St. Anne's Hospital,2020-01-27,2022-07-09,9.15,3.17,Philips,2023-01-14
XR-303,X-ray,St. Anne's Hospital,2020-01-27,2022-07-10,3.37,3.17,Philips,2023-01-14
XR-303,X-ray,St. Anne's Hospital,2020-01-27,2022-07-11,12.98,3.17,Philips,2023-01-14
XR-303,X-ray,St. Anne's Hospital,2020-01-27,2022-07-12,14.21,3.17,Philips,2023-01-14
XR-303,X-ray,St. Anne's Hospital,2020-01-27,2022-07-13,13.8,3.17,Philips,2023-01-14
XR-303,X-ray,St. Anne's Hospital,2020-01-27,2022-07-14,14.53,3.17,Philips,2023-01-14
XR-303,X-ray,St. Anne's Hospital,2020-01-27,2022-07-15,12.55,3.17,Philips,2023-01-14
XR-303,X-ray,St. Anne's Hospital,2020-01-27,2022-07-16,8.74,3.17,Philips,2023-01-14
XR-303,X-ray,St. Anne's Hospital,2020-01-27,2022-07-17,6.07,3.17,Philips,2023-01-14
XR-303,X-ray,St. Anne's Hospital,2020-01-27,2022-07-18,14.44,3.17,Philips,2023-01-14
XR-303,X-ray,St. Anne's Hospital,2020-01-27,2022-07-19,14.06,3.17,Philips,2023-01-14
XR-303,X-ray,St. Anne's Hospital,2020-01-27,2022-07-20,13.8,3.17,Philips,2023-01-14
XR-303,X-ray,St. Anne's Hospital,2020-01-27,2022-07-21,12.99,3.17,Philips,2023-01-14
XR-303,X-ray,St. Anne's Hospital,2020-01-27,2022-07-22,13.83,3.17,Philips,2023-01-14
XR-303,X-ray,St. Anne's Hospital,2020-01-27,2022-07-23,9.73,3.17,Philips,2023-01-14
XR-303,X-ray,St. Anne's Hospital,2020-01-27,2022-07-24,4.74,3.17,Philips,2023-01-14
XR-303,X-ray,St. Anne's Hospital,2020-01-27,2022-07-25,12.93,3.17,Philips,2023-01-14
XR-303,X-ray,St. Anne's Hospital,2020-01-27,2022-07-26,13.36,3.17,Philips,2023-01-14
XR-303,X-ray,St. Anne's Hospital,2020-01-27,2022-07-27,14.13,3.17,Philips,2023-01-14
XR-303,X-ray,St. Anne's Hospital,2020-01-27,2022-07-28,13.49,3.17,Philips,2023-01-14
XR-303,X-ray,St. Anne's Hospital,2020-01-27,2022-07-29,14.44,3.17,Philips,2023-01-14
XR-303,X-ray,St. Anne's Hospital,2020-01-27,2022-07-30,8.92,3.17,Philips,2023-01-14
XR-303,X-ray,St. Anne's Hospital,2020-01-27,2022-07-31,5.84,3.17,Philips,2023-01-14
XR-303,X-ray,St. Anne's Hospital,2020-01-27,2022-08-01,15.47,3.17,Philips,2023-01-14
XR-303,X-ray,St. Anne's Hospital,2020-01-27,2022-08-02,15.0,3.17,Philips,2023-01-14
XR-303,X-ray,St. Anne's Hospital,2020-01-27,2022-08-03,12.88,3.17,Philips,2023-01-14
XR-303,X-ray,St. Anne's Hospital,2020-01-27,2022-08-04,12.91,3.17,Philips,2023-01-14
XR-303,X-ray,St. Anne's Hospital,2020-01-27,2022-08-05,13.82,3.17,Philips,2023-01-14
XR-303,X-ray,St. Anne's Hospital,2020-01-27,2022-08-06,7.85,3.17,Philips,2023-01-14
XR-303,X-ray,St. Anne's Hospital,2020-01-27,2022-08-07,3.61,3.17,Philips,2023-01-14
XR-303,X-ray,St. Anne's Hospital,2020-01-27,2022-08-08,13.42,3.17,Philips,2023-01-14
XR-303,X-ray,St. Anne's Hospital,2020-01-27,2022-08-09,13.38,3.17,Philips,2023-01-14
XR-303,X-ray,St. Anne's Hospital,2020-01-27,2022-08-10,13.17,3.17,Philips,2023-01-14
XR-303,X-ray,St. Anne's Hospital,2020-01-27,2022-08-11,13.56,3.17,Philips,2023-01-14
XR-303,X-ray,St. Anne's Hospital,2020-01-27,2022-08-12,15.2,3.17,Philips,2023-01-14
XR-303,X-ray,St. Anne's Hospital,2020-01-27,2022-08-13,8.56,3.17,Philips,2023-01-14
XR-303,X-ray,St. Anne's Hospital,2020-01-27,2022-08-14,7.59,3.17,Philips,2023-01-14
XR-303,X-ray,St. Anne's Hospital,2020-01-27,2022-08-15,14.09,3.17,Philips,2023-01-14
XR-303,X-ray,St. Anne's Hospital,2020-01-27,2022-08-16,13.59,3.17,Philips,2023-01-14
XR-303,X-ray,St. Anne's Hospital,2020-01-27,2022-08-17,13.91,3.17,Philips,2023-01-14
XR-303,X-ray,St. Anne's Hospital,2020-01-27,2022-08-18,14.19,3.17,Philips,2023-01-14
XR-303,X-ray,St. Anne's Hospital,2020-01-27,2022-08-19,14.38,3.17,Philips,2023-01-14
XR-303,X-ray,St. Anne's Hospital,2020-01-27,2022-08-20,10.63,3.17,Philips,2023-01-14
XR-303,X-ray,St. Anne's Hospital,2020-01-27,2022-08-21,3.94,3.17,Philips,2023-01-14
XR-303,X-ray,St. Anne's Hospital,2020-01-27,2022-08-22,14.85,3.17,Philips,2023-01-14
XR-303,X-ray,St. Anne's Hospital,2020-01-27,2022-08-23,14.13,3.17,Philips,2023-01-14
XR-303,X-ray,St. Anne's Hospital,2020-01-27,2022-08-24,12.18,3.17,Philips,2023-01-14
XR-303,X-ray,St. Anne's Hospital,2020-01-27,2022-08-25,14.75,3.17,Philips,2023-01-14
XR-303,X-ray,St. Anne's Hospital,2020-01-27,2022-08-26,15.3,3.17,Philips,2023-01-14
XR-303,X-ray,St. Anne's Hospital,2020-01-27,2022-08-27,7.4,3.17,Philips,2023-01-14
XR-303,X-ray,St. Anne's Hospital,2020-01-27,2022-08-28,4.86,3.17,Philips,2023-01-14
XR-303,X-ray,St. Anne's Hospital,2020-01-27,2022-08-29,12.01,3.17,Philips,2023-01-14
XR-303,X-ray,St. Anne's Hospital,2020-01-27,2022-08-30,12.52,3.17,Philips,2023-01-14
XR-303,X-ray,St. Anne's Hospital,2020-01-27,2022-08-31,15.06,3.17,Philips,2023-01-14
XR-303,X-ray,St. Anne's Hospital,2020-01-27,2022-09-01,13.39,3.17,Philips,2023-01-14
XR-303,X-ray,St. Anne's Hospital,2020-01-27,2022-09-02,12.69,3.17,Philips,2023-01-14
XR-303,X-ray,St. Anne's Hospital,2020-01-27,2022-09-03,8.6,3.17,Philips,2023-01-14
XR-303,X-ray,St. Anne's Hospital,2020-01-27,2022-09-04,4.29,3.17,Philips,2023-01-14
XR-303,X-ray,St. Anne's Hospital,2020-01-27,2022-09-05,13.39,3.17,Philips,2023-01-14
XR-303,X-ray,St. Anne's Hospital,2020-01-27,2022-09-06,14.72,3.17,Philips,2023-01-14
XR-303,X-ray,St. Anne's Hospital,2020-01-27,2022-09-07,12.63,3.17,Philips,2023-01-14
XR-303,X-ray,St. Anne's Hospital,2020-01-27,2022-09-08,12.91,3.17,Philips,2023-01-14
XR-303,X-ray,St. Anne's Hospital,2020-01-27,2022-09-09,14.07,3.17,Philips,2023-01-14
XR-303,X-ray,St. Anne's Hospital,2020-01-27,2022-09-10,9.41,3.17,Philips,2023-01-14
XR-303,X-ray,St. Anne's Hospital,2020-01-27,2022-09-11,6.23,3.17,Philips,2023-01-14
XR-303,X-ray,St. Anne's Hospital,2020-01-27,2022-09-12,13.17,3.17,Philips,2023-01-14
XR-303,X-ray,St. Anne's Hospital,2020-01-27,2022-09-13,14.94,3.17,Philips,2023-01-14
XR-303,X-ray,St. Anne's Hospital,2020-01-27,2022-09-14,13.04,3.17,Philips,2023-01-14
XR-303,X-ray,St. Anne's Hospital,2020-01-27,2022-09-15,15.91,3.17,Philips,2023-01-14
XR-303,X-ray,St. Anne's Hospital,2020-01-27,2022-09-16,12.66,3.17,Philips,2023-01-14
XR-303,X-ray,St. Anne's Hospital,2020-01-27,2022-09-17,9.8,3.17,Philips,2023-01-14
XR-303,X-ray,St. Anne's Hospital,2020-01-27,2022-09-18,4.14,3.17,Philips,2023-01-14
XR-303,X-ray,St. Anne's Hospital,2020-01-27,2022-09-19,16.12,3.17,Philips,2023-01-14
XR-303,X-ray,St. Anne's Hospital,2020-01-27,2022-09-20,14.56,3.17,Philips,2023-01-14
XR-303,X-ray,St. Anne's Hospital,2020-01-27,2022-09-21,12.79,3.17,Philips,2023-01-14
XR-303,X-ray,St. Anne's Hospital,2020-01-27,2022-09-22,13.33,3.17,Philips,2023-01-14
XR-303,X-ray,St. Anne's Hospital,2020-01-27,2022-09-23,14.76,3.17,Philips,2023-01-14
XR-303,X-ray,St. Anne's Hospital,2020-01-27,2022-09-24,9.5,3.17,Philips,2023-01-14
XR-303,X-ray,St. Anne's Hospital,2020-01-27,2022-09-25,4.79,3.17,Philips,2023-01-14
XR-303,X-ray,St. Anne's Hospital,2020-01-27,2022-09-26,13.95,3.17,Philips,2023-01-14
XR-303,X-ray,St. Anne's Hospital,2020-01-27,2022-09-27,14.74,3.17,Philips,2023-01-14
XR-303,X-ray,St. Anne's Hospital,2020-01-27,2022-09-28,14.05,3.17,Philips,2023-01-14
XR-303,X-ray,St. Anne's Hospital,2020-01-27,2022-09-29,12.48,3.17,Philips,2023-01-14
XR-303,X-ray,St. Anne's Hospital,2020-01-27,2022-09-30,13.01,3.17,Philips,2023-01-14
XR-303,X-ray,St. Anne's Hospital,2020-01-27,2022-10-01,8.6,3.17,Philips,2023-01-14
XR-303,X-ray,St. Anne's Hospital,2020-01-27,2022-10-02,6.2,3.17,Philips,2023-01-14
XR-303,X-ray,St. Anne's Hospital,2020-01-27,2022-10-03,15.68,3.17,Philips,2023-01-14
XR-303,X-ray,St. Anne's Hospital,2020-01-27,2022-10-04,14.76,3.17,Philips,2023-01-14
XR-303,X-ray,St. Anne's Hospital,2020-01-27,2022-10-05,14.22,3.17,Philips,2023-01-14
XR-303,X-ray,St. Anne's Hospital,2020-01-27,2022-10-06,14.73,3.17,Philips,2023-01-14
XR-303,X-ray,St. Anne's Hospital,2020-01-27,2022-10-07,13.17,3.17,Philips,2023-01-14
XR-303,X-ray,St. Anne's Hospital,2020-01-27,2022-10-08,8.17,3.17,Philips,2023-01-14
XR-303,X-ray,St. Anne's Hospital,2020-01-27,2022-10-09,3.96,3.17,Philips,2023-01-14
XR-303,X-ray,St. Anne's Hospital,2020-01-27,2022-10-10,12.53,3.17,Philips,2023-01-14
XR-303,X-ray,St. Anne's Hospital,2020-01-27,2022-10-11,14.27,3.17,Philips,2023-01-14
XR-303,X-ray,St. Anne's Hospital,2020-01-27,2022-10-12,14.11,3.17,Philips,2023-01-14
XR-303,X-ray,St. Anne's Hospital,2020-01-27,2022-10-13,14.66,3.17,Philips,2023-01-14
XR-303,X-ray,St. Anne's Hospital,2020-01-27,2022-10-14,14.51,3.17,Philips,2023-01-14
XR-303,X-ray,St. Anne's Hospital,2020-01-27,2022-10-15,8.61,3.17,Philips,2023-01-14
XR-303,X-ray,St. Anne's Hospital,2020-01-27,2022-10-16,5.48,3.17,Philips,2023-01-14
XR-303,X-ray,St. Anne's Hospital,2020-01-27,2022-10-17,13.86,3.17,Philips,2023-01-14
XR-303,X-ray,St. Anne's Hospital,2020-01-27,2022-10-18,14.36,3.17,Philips,2023-01-14
XR-303,X-ray,St. Anne's Hospital,2020-01-27,2022-10-19,13.11,3.17,Philips,2023-01-14
XR-303,X-ray,St. Anne's Hospital,2020-01-27,2022-10-20,14.31,3.17,Philips,2023-01-14
XR-303,X-ray,St. Anne's Hospital,2020-01-27,2022-10-21,14.64,3.17,Philips,2023-01-14
XR-303,X-ray,St. Anne's Hospital,2020-01-27,2022-10-22,7.61,3.17,Philips,2023-01-14
XR-303,X-ray,St. Anne's Hospital,2020-01-27,2022-10-23,4.92,3.17,Philips,2023-01-14
XR-303,X-ray,St. Anne's Hospital,2020-01-27,2022-10-24,13.22,3.17,Philips,2023-01-14
XR-303,X-ray,St. Anne's Hospital,2020-01-27,2022-10-25,13.33,3.17,Philips,2023-01-14
XR-303,X-ray,St. Anne's Hospital,2020-01-27,2022-10-26,12.67,3.17,Philips,2023-01-14
XR-303,X-ray,St. Anne's Hospital,2020-01-27,2022-10-27,15.3,3.17,Philips,2023-01-14
XR-303,X-ray,St. Anne's Hospital,2020-01-27,2022-10-28,15.08,3.17,Philips,2023-01-14
XR-303,X-ray,St. Anne's Hospital,2020-01-27,2022-10-29,8.93,3.17,Philips,2023-01-14
XR-303,X-ray,St. Anne's Hospital,2020-01-27,2022-10-30,7.04,3.17,Philips,2023-01-14
XR-303,X-ray,St. Anne's Hospital,2020-01-27,2022-10-31,13.7,3.17,Philips,2023-01-14
XR-303,X-ray,St. Anne's Hospital,2020-01-27,2022-11-01,17.24,3.17,Philips,2023-01-14
XR-303,X-ray,St. Anne's Hospital,2020-01-27,2022-11-02,13.65,3.17,Philips,2023-01-14
XR-303,X-ray,St. Anne's Hospital,2020-01-27,2022-11-03,14.19,3.17,Philips,2023-01-14
XR-303,X-ray,St. Anne's Hospital,2020-01-27,2022-11-04,13.47,3.17,Philips,2023-01-14
XR-303,X-ray,St. Anne's Hospital,2020-01-27,2022-11-05,8.75,3.17,Philips,2023-01-14
XR-303,X-ray,St. Anne's Hospital,2020-01-27,2022-11-06,5.79,3.17,Philips,2023-01-14
XR-303,X-ray,St. Anne's Hospital,2020-01-27,2022-11-07,13.78,3.17,Philips,2023-01-14
XR-303,X-ray,St. Anne's Hospital,2020-01-27,2022-11-08,15.86,3.17,Philips,2023-01-14
XR-303,X-ray,St. Anne's Hospital,2020-01-27,2022-11-09,14.17,3.17,Philips,2023-01-14
XR-303,X-ray,St. Anne's Hospital,2020-01-27,2022-11-10,14.2,3.17,Philips,2023-01-14
XR-303,X-ray,St. Anne's Hospital,2020-01-27,2022-11-11,12.91,3.17,Philips,2023-01-14
XR-303,X-ray,St. Anne's Hospital,2020-01-27,2022-11-12,8.8,3.17,Philips,2023-01-14
XR-303,X-ray,St. Anne's Hospital,2020-01-27,2022-11-13,4.72,3.17,Philips,2023-01-14
XR-303,X-ray,St. Anne's Hospital,2020-01-27,2022-11-14,13.24,3.17,Philips,2023-01-14
XR-303,X-ray,St. Anne's Hospital,2020-01-27,2022-11-15,13.05,3.17,Philips,2023-01-14
XR-303,X-ray,St. Anne's Hospital,2020-01-27,2022-11-16,16.84,3.17,Philips,2023-01-14
XR-303,X-ray,St. Anne's Hospital,2020-01-27,2022-11-17,13.62,3.17,Philips,2023-01-14
XR-303,X-ray,St. Anne's Hospital,2020-01-27,2022-11-18,12.3,3.17,Philips,2023-01-14
XR-303,X-ray,St. Anne's Hospital,2020-01-27,2022-11-19,7.57,3.17,Philips,2023-01-14
XR-303,X-ray,St. Anne's Hospital,2020-01-27,2022-11-20,4.81,3.17,Philips,2023-01-14
XR-303,X-ray,St. Anne's Hospital,2020-01-27,2022-11-21,14.51,3.17,Philips,2023-01-14
XR-303,X-ray,St. Anne's Hospital,2020-01-27,2022-11-22,14.52,3.17,Philips,2023-01-14
XR-303,X-ray,St. Anne's Hospital,2020-01-27,2022-11-23,14.65,3.17,Philips,2023-01-14
XR-303,X-ray,St. Anne's Hospital,2020-01-27,2022-11-24,13.2,3.17,Philips,2023-01-14
XR-303,X-ray,St. Anne's Hospital,2020-01-27,2022-11-25,14.28,3.17,Philips,2023-01-14
XR-303,X-ray,St. Anne's Hospital,2020-01-27,2022-11-26,7.38,3.17,Philips,2023-01-14
XR-303,X-ray,St. Anne's Hospital,2020-01-27,2022-11-27,4.19,3.17,Philips,2023-01-14
XR-303,X-ray,St. Anne's Hospital,2020-01-27,2022-11-28,12.9,3.17,Philips,2023-01-14
XR-303,X-ray,St. Anne's Hospital,2020-01-27,2022-11-29,12.6,3.17,Philips,2023-01-14
XR-303,X-ray,St. Anne's Hospital,2020-01-27,2022-11-30,15.08,3.17,Philips,2023-01-14
XR-303,X-ray,St. Anne's Hospital,2020-01-27,2022-12-01,14.66,3.17,Philips,2023-01-14
XR-303,X-ray,St. Anne's Hospital,2020-01-27,2022-12-02,14.98,3.17,Philips,2023-01-14
XR-303,X-ray,St. Anne's Hospital,2020-01-27,2022-12-03,8.39,3.17,Philips,2023-01-14
XR-303,X-ray,St. Anne's Hospital,2020-01-27,2022-12-04,5.72,3.17,Philips,2023-01-14
XR-303,X-ray,St. Anne's Hospital,2020-01-27,2022-12-05,11.97,3.17,Philips,2023-01-14
XR-303,X-ray,St. Anne's Hospital,2020-01-27,2022-12-06,14.85,3.17,Philips,2023-01-14
XR-303,X-ray,St. Anne's Hospital,2020-01-27,2022-12-07,14.1,3.17,Philips,2023-01-14
XR-303,X-ray,St. Anne's Hospital,2020-01-27,2022-12-08,14.59,3.17,Philips,2023-01-14
XR-303,X-ray,St. Anne's Hospital,2020-01-27,2022-12-09,14.32,3.17,Philips,2023-01-14
XR-303,X-ray,St. Anne's Hospital,2020-01-27,2022-12-10,7.26,3.17,Philips,2023-01-14
XR-303,X-ray,St. Anne's Hospital,2020-01-27,2022-12-11,3.22,3.17,Philips,2023-01-14
XR-303,X-ray,St. Anne's Hospital,2020-01-27,2022-12-12,13.12,3.17,Philips,2023-01-14
XR-303,X-ray,St. Anne's Hospital,2020-01-27,2022-12-13,14.53,3.17,Philips,2023-01-14
XR-303,X-ray,St. Anne's Hospital,2020-01-27,2022-12-14,14.66,3.17,Philips,2023-01-14
XR-303,X-ray,St. Anne's Hospital,2020-01-27,2022-12-15,12.4,3.17,Philips,2023-01-14
XR-303,X-ray,St. Anne's Hospital,2020-01-27,2022-12-16,12.83,3.17,Philips,2023-01-14
XR-303,X-ray,St. Anne's Hospital,2020-01-27,2022-12-17,7.55,3.17,Philips,2023-01-14
XR-303,X-ray,St. Anne's Hospital,2020-01-27,2022-12-18,4.47,3.17,Philips,2023-01-14
XR-303,X-ray,St. Anne's Hospital,2020-01-27,2022-12-19,12.41,3.17,Philips,2023-01-14
XR-303,X-ray,St. Anne's Hospital,2020-01-27,2022-12-20,12.34,3.17,Philips,2023-01-14
XR-303,X-ray,St. Anne's Hospital,2020-01-27,2022-12-21,13.0,3.17,Philips,2023-01-14
XR-303,X-ray,St. Anne's Hospital,2020-01-27,2022-12-22,14.0,3.17,Philips,2023-01-14
XR-303,X-ray,St. Anne's Hospital,2020-01-27,2022-12-23,12.61,3.17,Philips,2023-01-14
XR-303,X-ray,St. Anne's Hospital,2020-01-27,2022-12-24,8.22,3.17,Philips,2023-01-14
XR-303,X-ray,St. Anne's Hospital,2020-01-27,2022-12-25,6.03,3.17,Philips,2023-01-14
XR-303,X-ray,St. Anne's Hospital,2020-01-27,2022-12-26,12.47,3.17,Philips,2023-01-14
XR-303,X-ray,St. Anne's Hospital,2020-01-27,2022-12-27,13.68,3.17,Philips,2023-01-14
XR-303,X-ray,St. Anne's Hospital,2020-01-27,2022-12-28,15.03,3.17,Philips,2023-01-14
XR-303,X-ray,St. Anne's Hospital,2020-01-27,2022-12-29,13.44,3.17,Philips,2023-01-14
XR-303,X-ray,St. Anne's Hospital,2020-01-27,2022-12-30,13.27,3.17,Philips,2023-01-14
XR-303,X-ray,St. Anne's Hospital,2020-01-27,2022-12-31,9.62,3.17,Philips,2023-01-14
XR-303,X-ray,St. Anne's Hospital,2020-01-27,2023-01-01,4.53,3.17,Philips,2023-01-14
XR-303,X-ray,St. Anne's Hospital,2020-01-27,2023-01-02,15.12,3.17,Philips,2023-01-14
XR-303,X-ray,St. Anne's Hospital,2020-01-27,2023-01-03,14.38,3.17,Philips,2023-01-14
XR-303,X-ray,St. Anne's Hospital,2020-01-27,2023-01-04,13.53,3.17,Philips,2023-01-14
XR-303,X-ray,St. Anne's Hospital,2020-01-27,2023-01-05,14.43,3.17,Philips,2023-01-14
XR-303,X-ray,St. Anne's Hospital,2020-01-27,2023-01-06,14.26,3.17,Philips,2023-01-14
XR-303,X-ray,St. Anne's Hospital,2020-01-27,2023-01-07,9.47,3.17,Philips,2023-01-14
XR-303,X-ray,St. Anne's Hospital,2020-01-27,2023-01-08,4.26,3.17,Philips,2023-01-14
XR-303,X-ray,St. Anne's Hospital,2020-01-27,2023-01-09,13.95,3.17,Philips,2023-01-14
XR-303,X-ray,St. Anne's Hospital,2020-01-27,2023-01-10,13.33,3.17,Philips,2023-01-14
XR-303,X-ray,St. Anne's Hospital,2020-01-27,2023-01-11,14.68,3.17,Philips,2023-01-14
XR-303,X-ray,St. Anne's Hospital,2020-01-27,2023-01-12,12.78,3.17,Philips,2023-01-14
XR-303,X-ray,St. Anne's Hospital,2020-01-27,2023-01-13,15.02,3.17,Philips,2023-01-14
XR-303,X-ray,St. Anne's Hospital,2020-01-27,2023-01-14,8.86,3.17,Philips,2023-01-14
XR-303,X-ray,St. Anne's Hospital,2020-01-27,2023-01-15,3.42,3.17,Philips,2023-01-14
XR-303,X-ray,St. Anne's Hospital,2020-01-27,2023-01-16,15.23,3.17,Philips,2023-01-14
XR-303,X-ray,St. Anne's Hospital,2020-01-27,2023-01-17,16.36,3.17,Philips,2023-01-14
XR-303,X-ray,St. Anne's Hospital,2020-01-27,2023-01-18,15.01,3.17,Philips,2023-01-14
XR-303,X-ray,St. Anne's Hospital,2020-01-27,2023-01-19,15.47,3.17,Philips,2023-01-14
XR-303,X-ray,St. Anne's Hospital,2020-01-27,2023-01-20,14.0,3.17,Philips,2023-01-14
XR-303,X-ray,St. Anne's Hospital,2020-01-27,2023-01-21,6.52,3.17,Philips,2023-01-14
XR-303,X-ray,St. Anne's Hospital,2020-01-27,2023-01-22,2.84,3.17,Philips,2023-01-14
XR-303,X-ray,St. Anne's Hospital,2020-01-27,2023-01-23,14.19,3.17,Philips,2023-01-14
XR-303,X-ray,St. Anne's Hospital,2020-01-27,2023-01-24,13.25,3.17,Philips,2023-01-14
XR-303,X-ray,St. Anne's Hospital,2020-01-27,2023-01-25,12.9,3.17,Philips,2023-01-14
XR-303,X-ray,St. Anne's Hospital,2020-01-27,2023-01-26,13.84,3.17,Philips,2023-01-14
XR-303,X-ray,St. Anne's Hospital,2020-01-27,2023-01-27,14.58,3.17,Philips,2023-01-14
XR-303,X-ray,St. Anne's Hospital,2020-01-27,2023-01-28,6.74,3.17,Philips,2023-01-14
XR-303,X-ray,St. Anne's Hospital,2020-01-27,2023-01-29,4.37,3.17,Philips,2023-01-14
XR-303,X-ray,St. Anne's Hospital,2020-01-27,2023-01-30,15.57,3.17,Philips,2023-01-14
XR-303,X-ray,St. Anne's Hospital,2020-01-27,2023-01-31,12.72,3.17,Philips,2023-01-14
XR-303,X-ray,St. Anne's Hospital,2020-01-27,2023-02-01,14.86,3.17,Philips,2023-01-14
XR-303,X-ray,St. Anne's Hospital,2020-01-27,2023-02-02,13.37,3.17,Philips,2023-01-14
XR-303,X-ray,St. Anne's Hospital,2020-01-27,2023-02-03,14.51,3.17,Philips,2023-01-14
XR-303,X-ray,St. Anne's Hospital,2020-01-27,2023-02-04,9.55,3.17,Philips,2023-01-14
XR-303,X-ray,St. Anne's Hospital,2020-01-27,2023-02-05,5.68,3.17,Philips,2023-01-14
XR-303,X-ray,St. Anne's Hospital,2020-01-27,2023-02-06,14.9,3.17,Philips,2023-01-14
XR-303,X-ray,St. Anne's Hospital,2020-01-27,2023-02-07,12.64,3.17,Philips,2023-01-14
XR-303,X-ray,St. Anne's Hospital,2020-01-27,2023-02-08,15.13,3.17,Philips,2023-01-14
XR-303,X-ray,St. Anne's Hospital,2020-01-27,2023-02-09,12.97,3.17,Philips,2023-01-14
XR-303,X-ray,St. Anne's Hospital,2020-01-27,2023-02-10,14.19,3.17,Philips,2023-01-14
XR-303,X-ray,St. Anne's Hospital,2020-01-27,2023-02-11,8.63,3.17,Philips,2023-01-14
XR-303,X-ray,St. Anne's Hospital,2020-01-27,2023-02-12,5.4,3.17,Philips,2023-01-14
XR-303,X-ray,St. Anne's Hospital,2020-01-27,2023-02-13,14.28,3.17,Philips,2023-01-14
XR-303,X-ray,St. Anne's Hospital,2020-01-27,2023-02-14,12.98,3.17,Philips,2023-01-14
XR-303,X-ray,St. Anne's Hospital,2020-01-27,2023-02-15,12.42,3.17,Philips,2023-01-14
XR-303,X-ray,St. Anne's Hospital,2020-01-27,2023-02-16,14.86,3.17,Philips,2023-01-14
XR-303,X-ray,St. Anne's Hospital,2020-01-27,2023-02-17,14.11,3.17,Philips,2023-01-14
XR-303,X-ray,St. Anne's Hospital,2020-01-27,2023-02-18,9.61,3.17,Philips,2023-01-14
XR-303,X-ray,St. Anne's Hospital,2020-01-27,2023-02-19,4.82,3.17,Philips,2023-01-14
XR-303,X-ray,St. Anne's Hospital,2020-01-27,2023-02-20,12.36,3.17,Philips,2023-01-14
XR-303,X-ray,St. Anne's Hospital,2020-01-27,2023-02-21,14.97,3.17,Philips,2023-01-14
XR-303,X-ray,St. Anne's Hospital,2020-01-27,2023-02-22,13.5,3.17,Philips,2023-01-14
XR-303,X-ray,St. Anne's Hospital,2020-01-27,2023-02-23,14.28,3.17,Philips,2023-01-14
XR-303,X-ray,St. Anne's Hospital,2020-01-27,2023-02-24,13.19,3.17,Philips,2023-01-14
XR-303,X-ray,St. Anne's Hospital,2020-01-27,2023-02-25,10.15,3.17,Philips,2023-01-14
XR-303,X-ray,St. Anne's Hospital,2020-01-27,2023-02-26,3.9,3.17,Philips,2023-01-14
XR-303,X-ray,St. Anne's Hospital,2020-01-27,2023-02-27,13.53,3.17,Philips,2023-01-14
XR-303,X-ray,St. Anne's Hospital,2020-01-27,2023-02-28,14.02,3.17,Philips,2023-01-14
XR-303,X-ray,St. Anne's Hospital,2020-01-27,2023-03-01,12.7,3.17,Philips,2023-01-14
XR-303,X-ray,St. Anne's Hospital,2020-01-27,2023-03-02,14.27,3.17,Philips,2023-01-14
XR-303,X-ray,St. Anne's Hospital,2020-01-27,2023-03-03,15.68,3.17,Philips,2023-01-14
XR-303,X-ray,St. Anne's Hospital,2020-01-27,2023-03-04,7.8,3.17,Philips,2023-01-14
XR-303,X-ray,St. Anne's Hospital,2020-01-27,2023-03-05,5.3,3.17,Philips,2023-01-14
XR-303,X-ray,St. Anne's Hospital,2020-01-27,2023-03-06,10.88,3.17,Philips,2023-01-14
XR-303,X-ray,St. Anne's Hospital,2020-01-27,2023-03-07,13.86,3.17,Philips,2023-01-14
XR-303,X-ray,St. Anne's Hospital,2020-01-27,2023-03-08,13.56,3.17,Philips,2023-01-14
XR-303,X-ray,St. Anne's Hospital,2020-01-27,2023-03-09,13.0,3.17,Philips,2023-01-14
XR-303,X-ray,St. Anne's Hospital,2020-01-27,2023-03-10,15.09,3.17,Philips,2023-01-14
XR-303,X-ray,St. Anne's Hospital,2020-01-27,2023-03-11,7.98,3.17,Philips,2023-01-14
XR-303,X-ray,St. Anne's Hospital,2020-01-27,2023-03-12,4.67,3.17,Philips,2023-01-14
XR-303,X-ray,St. Anne's Hospital,2020-01-27,2023-03-13,13.49,3.17,Philips,2023-01-14
XR-303,X-ray,St. Anne's Hospital,2020-01-27,2023-03-14,11.8,3.17,Philips,2023-01-14
XR-303,X-ray,St. Anne's Hospital,2020-01-27,2023-03-15,12.66,3.17,Philips,2023-01-14
XR-303,X-ray,St. Anne's Hospital,2020-01-27,2023-03-16,14.96,3.17,Philips,2023-01-14
XR-303,X-ray,St. Anne's Hospital,2020-01-27,2023-03-17,11.58,3.17,Philips,2023-01-14
XR-303,X-ray,St. Anne's Hospital,2020-01-27,2023-03-18,7.5,3.17,Philips,2023-01-14
XR-303,X-ray,St. Anne's Hospital,2020-01-27,2023-03-19,4.43,3.17,Philips,2023-01-14
XR-303,X-ray,St. Anne's Hospital,2020-01-27,2023-03-20,15.82,3.17,Philips,2023-01-14
XR-303,X-ray,St. Anne's Hospital,2020-01-27,2023-03-21,14.75,3.17,Philips,2023-01-14
XR-303,X-ray,St. Anne's Hospital,2020-01-27,2023-03-22,13.29,3.17,Philips,2023-01-14
XR-303,X-ray,St. Anne's Hospital,2020-01-27,2023-03-23,15.34,3.17,Philips,2023-01-14
XR-303,X-ray,St. Anne's Hospital,2020-01-27,2023-03-24,13.09,3.17,Philips,2023-01-14
XR-303,X-ray,St. Anne's Hospital,2020-01-27,2023-03-25,9.45,3.17,Philips,2023-01-14
XR-303,X-ray,St. Anne's Hospital,2020-01-27,2023-03-26,3.37,3.17,Philips,2023-01-14
XR-303,X-ray,St. Anne's Hospital,2020-01-27,2023-03-27,15.09,3.17,Philips,2023-01-14
XR-303,X-ray,St. Anne's Hospital,2020-01-27,2023-03-28,13.46,3.17,Philips,2023-01-14
XR-303,X-ray,St. Anne's Hospital,2020-01-27,2023-03-29,12.77,3.17,Philips,2023-01-14
XR-303,X-ray,St. Anne's Hospital,2020-01-27,2023-03-30,13.67,3.17,Philips,2023-01-14
XR-303,X-ray,St. Anne's Hospital,2020-01-27,2023-03-31,14.21,3.17,Philips,2023-01-14
